panel,element,series,x,y,value,extra
a,U/V,v1g1,1,1,0.9877232302247193,q10 0.9629903647395041 q90 0.9981918576889341 n 400
a,U/V,v1g4,4,1,0.9928275646592613,q10 0.975140924541761 q90 0.9992273209454007 n 400
a,U/V,v1g16,16,1,0.9975168977006664,q10 0.9865586561011667 q90 0.999997073366105 n 400
a,U/V,v4g1,1,4,0.8064801935055543,q10 0.6798746405712719 q90 0.8920852440589133 n 400
a,U/V,v4g4,4,4,,not run
a,U/V,v4g16,16,4,,not run
a,U/V,v16g1,1,16,0.6600063111248664,q10 0.5243624992303596 q90 0.8017603153989213 n 400
a,U/V,v16g4,4,16,,not run
a,U/V,v16g16,16,16,0.9161234518259119,q10 0.8330277062204918 q90 0.9795647905862589 n 400
a,U/V,v64g1,1,64,0.5313238459513125,q10 0.34294069173418323 q90 0.7675321468321441 n 400
a,U/V,v64g4,4,64,,not run
a,U/V,v64g16,16,64,,not run
b,X1 width / tube bound,georgia remove,1,117,0.20082426855767996,
b,X1 width / tube bound,georgia remove,1,91,0.15942184562096842,
b,X1 width / tube bound,georgia remove,1,74,0.3867434401038396,
b,X1 width / tube bound,georgia remove,1,98,0.20793770486728338,
b,X1 width / tube bound,georgia remove,1,95,0.15272578287214336,
b,X1 width / tube bound,georgia remove,1,12,0.18055566302386547,
b,X1 width / tube bound,georgia remove,1,68,0.16044604589330377,
b,X1 width / tube bound,georgia remove,1,98,0.11810609555599291,
b,X1 width / tube bound,georgia remove,1,78,0.2883999995226899,
b,X1 width / tube bound,georgia remove,1,92,0.19371679919696447,
b,X1 width / tube bound,georgia remove,1,39,0.2845618905174387,
b,X1 width / tube bound,georgia remove,1,36,0.1167002646751503,
b,X1 width / tube bound,georgia remove,1,47,0.2862847469093844,
b,X1 width / tube bound,georgia remove,1,92,0.14158320559821622,
b,X1 width / tube bound,georgia remove,1,44,0.27921459745124927,
b,X1 width / tube bound,georgia remove,1,48,0.14028294081776463,
b,X1 width / tube bound,georgia remove,1,116,0.09524000142565033,
b,X1 width / tube bound,georgia remove,1,21,0.1850744705630489,
b,X1 width / tube bound,georgia remove,1,156,0.1860090740516244,
b,X1 width / tube bound,georgia remove,1,58,0.23512767090689746,
b,X1 width / tube bound,georgia remove,1,100,0.3052602574703657,
b,X1 width / tube bound,georgia remove,1,132,0.23877834059494324,
b,X1 width / tube bound,georgia remove,1,123,0.22962535639923906,
b,X1 width / tube bound,georgia remove,1,40,0.26593920793412645,
b,X1 width / tube bound,georgia remove,1,147,0.21039509681869367,
b,X1 width / tube bound,georgia remove,1,63,0.17974684559643245,
b,X1 width / tube bound,georgia remove,1,134,0.28479096862945236,
b,X1 width / tube bound,georgia remove,1,83,0.3112585170271957,
b,X1 width / tube bound,georgia remove,1,126,0.30370434497700605,
b,X1 width / tube bound,georgia remove,1,96,0.16017262250536318,
b,X1 width / tube bound,georgia remove,2,117,0.23961035746540846,
b,X1 width / tube bound,georgia remove,2,91,0.11740126383528958,
b,X1 width / tube bound,georgia remove,2,74,0.17955080446125507,
b,X1 width / tube bound,georgia remove,2,98,0.27534706009181703,
b,X1 width / tube bound,georgia remove,2,95,0.19276437572315533,
b,X1 width / tube bound,georgia remove,2,12,0.16767117325310998,
b,X1 width / tube bound,georgia remove,2,68,0.18976849077427393,
b,X1 width / tube bound,georgia remove,2,98,0.2019836516853263,
b,X1 width / tube bound,georgia remove,2,78,0.1839226899909104,
b,X1 width / tube bound,georgia remove,2,92,0.20434477403752557,
b,X1 width / tube bound,georgia remove,2,39,0.23963529862191307,
b,X1 width / tube bound,georgia remove,2,36,0.21328731275624607,
b,X1 width / tube bound,georgia remove,2,47,0.2416208093410467,
b,X1 width / tube bound,georgia remove,2,92,0.20987104882293808,
b,X1 width / tube bound,georgia remove,2,44,0.1572756814460313,
b,X1 width / tube bound,georgia remove,2,48,0.22407951962505246,
b,X1 width / tube bound,georgia remove,2,116,0.09334266323576232,
b,X1 width / tube bound,georgia remove,2,21,0.24924467281986976,
b,X1 width / tube bound,georgia remove,2,156,0.25030777452472447,
b,X1 width / tube bound,georgia remove,2,58,0.26997111076813957,
b,X1 width / tube bound,georgia remove,2,100,0.20997624736529025,
b,X1 width / tube bound,georgia remove,2,132,0.1959664746795648,
b,X1 width / tube bound,georgia remove,2,123,0.12611942866596854,
b,X1 width / tube bound,georgia remove,2,40,0.3686805048004079,
b,X1 width / tube bound,georgia remove,2,147,0.14842783268760065,
b,X1 width / tube bound,georgia remove,2,63,0.15539864111581947,
b,X1 width / tube bound,georgia remove,2,134,0.18003314864281333,
b,X1 width / tube bound,georgia remove,2,83,0.22037171345842985,
b,X1 width / tube bound,georgia remove,2,126,0.1775372545871202,
b,X1 width / tube bound,georgia remove,2,96,0.17326847383786448,
b,X1 width / tube bound,georgia remove,4,117,0.22111253544841078,
b,X1 width / tube bound,georgia remove,4,91,0.11233817538314601,
b,X1 width / tube bound,georgia remove,4,74,0.16842010773556512,
b,X1 width / tube bound,georgia remove,4,98,0.18392557047896996,
b,X1 width / tube bound,georgia remove,4,95,0.14858306514280056,
b,X1 width / tube bound,georgia remove,4,12,0.1250397637816763,
b,X1 width / tube bound,georgia remove,4,68,0.10331001541620725,
b,X1 width / tube bound,georgia remove,4,98,0.1107455680519166,
b,X1 width / tube bound,georgia remove,4,78,0.2007060403734644,
b,X1 width / tube bound,georgia remove,4,92,0.13733821908482244,
b,X1 width / tube bound,georgia remove,4,39,0.13237482751710555,
b,X1 width / tube bound,georgia remove,4,36,0.18200525606280205,
b,X1 width / tube bound,georgia remove,4,47,0.2353791374665776,
b,X1 width / tube bound,georgia remove,4,92,0.19546094764187302,
b,X1 width / tube bound,georgia remove,4,44,0.22559568995623275,
b,X1 width / tube bound,georgia remove,4,48,0.14951433854252488,
b,X1 width / tube bound,georgia remove,4,116,0.09657540882911925,
b,X1 width / tube bound,georgia remove,4,21,0.14592359001381566,
b,X1 width / tube bound,georgia remove,4,156,0.1569183481617536,
b,X1 width / tube bound,georgia remove,4,58,0.19756178093367222,
b,X1 width / tube bound,georgia remove,4,100,0.21475802485011275,
b,X1 width / tube bound,georgia remove,4,132,0.1742958023493802,
b,X1 width / tube bound,georgia remove,4,123,0.1104116292731753,
b,X1 width / tube bound,georgia remove,4,40,0.25615383769417527,
b,X1 width / tube bound,georgia remove,4,147,0.20507880289717184,
b,X1 width / tube bound,georgia remove,4,63,0.16260663482794296,
b,X1 width / tube bound,georgia remove,4,134,0.20135288509413946,
b,X1 width / tube bound,georgia remove,4,83,0.11588208110704531,
b,X1 width / tube bound,georgia remove,4,126,0.16241718071120603,
b,X1 width / tube bound,georgia remove,4,96,0.12878288552277656,
b,X1 width / tube bound,georgia remove,8,117,0.13936277442420858,
b,X1 width / tube bound,georgia remove,8,91,0.0796806420479023,
b,X1 width / tube bound,georgia remove,8,74,0.12130420294971764,
b,X1 width / tube bound,georgia remove,8,98,0.09473516588061782,
b,X1 width / tube bound,georgia remove,8,95,0.09478361430698487,
b,X1 width / tube bound,georgia remove,8,12,0.1426196416394747,
b,X1 width / tube bound,georgia remove,8,68,0.05376354015539039,
b,X1 width / tube bound,georgia remove,8,98,0.14238608543720951,
b,X1 width / tube bound,georgia remove,8,78,0.10406199163850241,
b,X1 width / tube bound,georgia remove,8,92,0.11488405789398419,
b,X1 width / tube bound,georgia remove,8,39,0.09067377160838334,
b,X1 width / tube bound,georgia remove,8,36,0.0311186362214658,
b,X1 width / tube bound,georgia remove,8,47,0.05825195680458358,
b,X1 width / tube bound,georgia remove,8,92,0.14928438994288007,
b,X1 width / tube bound,georgia remove,8,44,0.0966420791392784,
b,X1 width / tube bound,georgia remove,8,48,0.06904967915698594,
b,X1 width / tube bound,georgia remove,8,116,0.06963565032394607,
b,X1 width / tube bound,georgia remove,8,21,0.1088375549842878,
b,X1 width / tube bound,georgia remove,8,156,0.12473748172105394,
b,X1 width / tube bound,georgia remove,8,58,0.14769660974663198,
b,X1 width / tube bound,georgia remove,8,100,0.13098684371927072,
b,X1 width / tube bound,georgia remove,8,132,0.10254379730273601,
b,X1 width / tube bound,georgia remove,8,123,0.08553017861513051,
b,X1 width / tube bound,georgia remove,8,40,0.10598732892383456,
b,X1 width / tube bound,georgia remove,8,147,0.10274681778914009,
b,X1 width / tube bound,georgia remove,8,63,0.1178041682495059,
b,X1 width / tube bound,georgia remove,8,134,0.1294379862910479,
b,X1 width / tube bound,georgia remove,8,83,0.098919819183842,
b,X1 width / tube bound,georgia remove,8,126,0.09609726167637145,
b,X1 width / tube bound,georgia remove,8,96,0.07479579953762512,
b,X1 width / tube bound,georgia swap,1,117,0.20082426855767996,
b,X1 width / tube bound,georgia swap,1,91,0.15942184562096842,
b,X1 width / tube bound,georgia swap,1,74,0.3867434401038396,
b,X1 width / tube bound,georgia swap,1,98,0.20793770486728338,
b,X1 width / tube bound,georgia swap,1,95,0.15272578287214336,
b,X1 width / tube bound,georgia swap,1,12,0.18055566302386547,
b,X1 width / tube bound,georgia swap,1,68,0.16044604589330377,
b,X1 width / tube bound,georgia swap,1,98,0.11810609555599291,
b,X1 width / tube bound,georgia swap,1,78,0.2883999995226899,
b,X1 width / tube bound,georgia swap,1,92,0.19371679919696447,
b,X1 width / tube bound,georgia swap,1,39,0.2845618905174387,
b,X1 width / tube bound,georgia swap,1,36,0.1167002646751503,
b,X1 width / tube bound,georgia swap,1,47,0.2862847469093844,
b,X1 width / tube bound,georgia swap,1,92,0.14158320559821622,
b,X1 width / tube bound,georgia swap,1,44,0.27921459745124927,
b,X1 width / tube bound,georgia swap,1,48,0.14028294081776463,
b,X1 width / tube bound,georgia swap,1,116,0.09524000142565033,
b,X1 width / tube bound,georgia swap,1,21,0.1850744705630489,
b,X1 width / tube bound,georgia swap,1,156,0.1860090740516244,
b,X1 width / tube bound,georgia swap,1,58,0.23512767090689746,
b,X1 width / tube bound,georgia swap,1,100,0.3052602574703657,
b,X1 width / tube bound,georgia swap,1,132,0.23877834059494324,
b,X1 width / tube bound,georgia swap,1,123,0.22962535639923906,
b,X1 width / tube bound,georgia swap,1,40,0.26593920793412645,
b,X1 width / tube bound,georgia swap,1,147,0.21039509681869367,
b,X1 width / tube bound,georgia swap,1,63,0.17974684559643245,
b,X1 width / tube bound,georgia swap,1,134,0.28479096862945236,
b,X1 width / tube bound,georgia swap,1,83,0.3112585170271957,
b,X1 width / tube bound,georgia swap,1,126,0.30370434497700605,
b,X1 width / tube bound,georgia swap,1,96,0.16017262250536318,
b,X1 width / tube bound,georgia swap,2,117,0.23961035746540846,
b,X1 width / tube bound,georgia swap,2,91,0.05038724442133183,
b,X1 width / tube bound,georgia swap,2,74,0.09152547701991709,
b,X1 width / tube bound,georgia swap,2,98,0.27534706009181703,
b,X1 width / tube bound,georgia swap,2,95,0.19276437572315533,
b,X1 width / tube bound,georgia swap,2,12,0.16767117325310998,
b,X1 width / tube bound,georgia swap,2,68,0.18976849077427393,
b,X1 width / tube bound,georgia swap,2,98,0.2019836516853263,
b,X1 width / tube bound,georgia swap,2,78,0.1839226899909104,
b,X1 width / tube bound,georgia swap,2,92,0.132992598326342,
b,X1 width / tube bound,georgia swap,2,39,0.23963529862191307,
b,X1 width / tube bound,georgia swap,2,36,0.21328731275624607,
b,X1 width / tube bound,georgia swap,2,47,0.2416208093410467,
b,X1 width / tube bound,georgia swap,2,92,0.20987104882293808,
b,X1 width / tube bound,georgia swap,2,44,0.1572756814460313,
b,X1 width / tube bound,georgia swap,2,48,0.22407951962505246,
b,X1 width / tube bound,georgia swap,2,116,0.040606386785254654,
b,X1 width / tube bound,georgia swap,2,21,0.24924467281986976,
b,X1 width / tube bound,georgia swap,2,156,0.25030777452472447,
b,X1 width / tube bound,georgia swap,2,58,0.26997111076813957,
b,X1 width / tube bound,georgia swap,2,100,0.20997624736529025,
b,X1 width / tube bound,georgia swap,2,132,0.1959664746795648,
b,X1 width / tube bound,georgia swap,2,123,0.12611942866596854,
b,X1 width / tube bound,georgia swap,2,40,0.3686805048004079,
b,X1 width / tube bound,georgia swap,2,147,0.14842783268760065,
b,X1 width / tube bound,georgia swap,2,63,0.15539864111581947,
b,X1 width / tube bound,georgia swap,2,134,0.18003314864281333,
b,X1 width / tube bound,georgia swap,2,83,0.22037171345842985,
b,X1 width / tube bound,georgia swap,2,126,0.1775372545871202,
b,X1 width / tube bound,georgia swap,2,96,0.13584583082780938,
b,X1 width / tube bound,georgia swap,4,117,0.22111253544841078,
b,X1 width / tube bound,georgia swap,4,91,0.07022185039709326,
b,X1 width / tube bound,georgia swap,4,74,0.16842010773556512,
b,X1 width / tube bound,georgia swap,4,98,0.13001620783656662,
b,X1 width / tube bound,georgia swap,4,95,0.14858306514280056,
b,X1 width / tube bound,georgia swap,4,12,0.1250397637816763,
b,X1 width / tube bound,georgia swap,4,68,0.10331001541620725,
b,X1 width / tube bound,georgia swap,4,98,0.1107455680519166,
b,X1 width / tube bound,georgia swap,4,78,0.09970930647491552,
b,X1 width / tube bound,georgia swap,4,92,0.13733821908482244,
b,X1 width / tube bound,georgia swap,4,39,0.13237482751710555,
b,X1 width / tube bound,georgia swap,4,36,0.18200525606280205,
b,X1 width / tube bound,georgia swap,4,47,0.2353791374665776,
b,X1 width / tube bound,georgia swap,4,92,0.19546094764187302,
b,X1 width / tube bound,georgia swap,4,44,0.22559568995623275,
b,X1 width / tube bound,georgia swap,4,48,0.14951433854252488,
b,X1 width / tube bound,georgia swap,4,116,0.09657540882911925,
b,X1 width / tube bound,georgia swap,4,21,0.09415321523352131,
b,X1 width / tube bound,georgia swap,4,156,0.1569183481617536,
b,X1 width / tube bound,georgia swap,4,58,0.19756178093367222,
b,X1 width / tube bound,georgia swap,4,100,0.15012858805945725,
b,X1 width / tube bound,georgia swap,4,132,0.1742958023493802,
b,X1 width / tube bound,georgia swap,4,123,0.1104116292731753,
b,X1 width / tube bound,georgia swap,4,40,0.25615383769417527,
b,X1 width / tube bound,georgia swap,4,147,0.20507880289717184,
b,X1 width / tube bound,georgia swap,4,63,0.16260663482794296,
b,X1 width / tube bound,georgia swap,4,134,0.20135288509413946,
b,X1 width / tube bound,georgia swap,4,83,0.11588208110704531,
b,X1 width / tube bound,georgia swap,4,126,0.16241718071120603,
b,X1 width / tube bound,georgia swap,4,96,0.12878288552277656,
b,X1 width / tube bound,georgia swap,8,117,0.13936277442420858,
b,X1 width / tube bound,georgia swap,8,91,0.0796806420479023,
b,X1 width / tube bound,georgia swap,8,74,0.12130420294971764,
b,X1 width / tube bound,georgia swap,8,98,0.09473516588061782,
b,X1 width / tube bound,georgia swap,8,95,0.09478361430698487,
b,X1 width / tube bound,georgia swap,8,12,0.03695779543505114,
b,X1 width / tube bound,georgia swap,8,68,0.05376354015539039,
b,X1 width / tube bound,georgia swap,8,98,0.0972802125463794,
b,X1 width / tube bound,georgia swap,8,78,0.10406199163850241,
b,X1 width / tube bound,georgia swap,8,92,0.11488405789398419,
b,X1 width / tube bound,georgia swap,8,39,0.09822846483228063,
b,X1 width / tube bound,georgia swap,8,36,0.0311186362214658,
b,X1 width / tube bound,georgia swap,8,47,0.05825195680458358,
b,X1 width / tube bound,georgia swap,8,92,0.10276360082420982,
b,X1 width / tube bound,georgia swap,8,44,0.08463861229878478,
b,X1 width / tube bound,georgia swap,8,48,0.08341004024735725,
b,X1 width / tube bound,georgia swap,8,116,0.06373001408536506,
b,X1 width / tube bound,georgia swap,8,21,0.1088375549842878,
b,X1 width / tube bound,georgia swap,8,156,0.12473748172105394,
b,X1 width / tube bound,georgia swap,8,58,0.14769660974663198,
b,X1 width / tube bound,georgia swap,8,100,0.13098684371927072,
b,X1 width / tube bound,georgia swap,8,132,0.10254379730273601,
b,X1 width / tube bound,georgia swap,8,123,0.0602683869642592,
b,X1 width / tube bound,georgia swap,8,40,0.10598732892383456,
b,X1 width / tube bound,georgia swap,8,147,0.10274681778914009,
b,X1 width / tube bound,georgia swap,8,63,0.1178041682495059,
b,X1 width / tube bound,georgia swap,8,134,0.1294379862910479,
b,X1 width / tube bound,georgia swap,8,83,0.06253122155509164,
b,X1 width / tube bound,georgia swap,8,126,0.017616114221564068,
b,X1 width / tube bound,georgia swap,8,96,0.07479579953762512,
b,X1 width / tube bound,gm_q4 remove,1,259,0.4130749708492692,
b,X1 width / tube bound,gm_q4 remove,1,197,0.2423726136039075,
b,X1 width / tube bound,gm_q4 remove,1,165,0.4305824215425331,
b,X1 width / tube bound,gm_q4 remove,1,214,0.22823753555914542,
b,X1 width / tube bound,gm_q4 remove,1,206,0.36774976058708936,
b,X1 width / tube bound,gm_q4 remove,1,39,0.3694282873440446,
b,X1 width / tube bound,gm_q4 remove,1,145,0.28018489274153796,
b,X1 width / tube bound,gm_q4 remove,1,213,0.2562325090289864,
b,X1 width / tube bound,gm_q4 remove,1,171,0.46366749514746536,
b,X1 width / tube bound,gm_q4 remove,1,200,0.3689009202917651,
b,X1 width / tube bound,gm_q4 remove,1,83,0.4714042310585525,
b,X1 width / tube bound,gm_q4 remove,1,78,0.48226303577290225,
b,X1 width / tube bound,gm_q4 remove,1,96,0.24776799531022667,
b,X1 width / tube bound,gm_q4 remove,1,199,0.23526586974003655,
b,X1 width / tube bound,gm_q4 remove,1,90,0.22138775749833692,
b,X1 width / tube bound,gm_q4 remove,1,99,0.3372997234878145,
b,X1 width / tube bound,gm_q4 remove,1,258,0.38348192224284566,
b,X1 width / tube bound,gm_q4 remove,1,54,0.338422321253137,
b,X1 width / tube bound,gm_q4 remove,1,348,0.4690184817278953,
b,X1 width / tube bound,gm_q4 remove,1,120,0.3457675163717617,
b,X1 width / tube bound,gm_q4 remove,1,217,0.33615374368986145,
b,X1 width / tube bound,gm_q4 remove,1,291,0.28205587156432116,
b,X1 width / tube bound,gm_q4 remove,1,273,0.3108295620890791,
b,X1 width / tube bound,gm_q4 remove,1,85,0.3438022725955507,
b,X1 width / tube bound,gm_q4 remove,1,335,0.23810000379908142,
b,X1 width / tube bound,gm_q4 remove,1,130,0.5526611661582388,
b,X1 width / tube bound,gm_q4 remove,1,300,0.24383876990879416,
b,X1 width / tube bound,gm_q4 remove,1,184,0.3032567073364439,
b,X1 width / tube bound,gm_q4 remove,1,277,0.27365518276465195,
b,X1 width / tube bound,gm_q4 remove,1,208,0.3852423025111345,
b,X1 width / tube bound,gm_q4 remove,2,259,0.27200468379276665,
b,X1 width / tube bound,gm_q4 remove,2,197,0.3403657580267895,
b,X1 width / tube bound,gm_q4 remove,2,165,0.28065625940122285,
b,X1 width / tube bound,gm_q4 remove,2,214,0.230404017001569,
b,X1 width / tube bound,gm_q4 remove,2,206,0.28949045765366105,
b,X1 width / tube bound,gm_q4 remove,2,39,0.3809579756297795,
b,X1 width / tube bound,gm_q4 remove,2,145,0.22136001778762382,
b,X1 width / tube bound,gm_q4 remove,2,213,0.32466234751360945,
b,X1 width / tube bound,gm_q4 remove,2,171,0.4794166075956038,
b,X1 width / tube bound,gm_q4 remove,2,200,0.25860870954389625,
b,X1 width / tube bound,gm_q4 remove,2,83,0.42127123008925893,
b,X1 width / tube bound,gm_q4 remove,2,78,0.2382798932809572,
b,X1 width / tube bound,gm_q4 remove,2,96,0.3778972380609557,
b,X1 width / tube bound,gm_q4 remove,2,199,0.15772406462726757,
b,X1 width / tube bound,gm_q4 remove,2,90,0.17695371716368927,
b,X1 width / tube bound,gm_q4 remove,2,99,0.3325470603701497,
b,X1 width / tube bound,gm_q4 remove,2,258,0.32150392432927666,
b,X1 width / tube bound,gm_q4 remove,2,54,0.3116625852490309,
b,X1 width / tube bound,gm_q4 remove,2,348,0.1862699006094677,
b,X1 width / tube bound,gm_q4 remove,2,120,0.2373845898871795,
b,X1 width / tube bound,gm_q4 remove,2,217,0.307366080474873,
b,X1 width / tube bound,gm_q4 remove,2,291,0.27923500207168445,
b,X1 width / tube bound,gm_q4 remove,2,273,0.2640493878273011,
b,X1 width / tube bound,gm_q4 remove,2,85,0.2236156688609289,
b,X1 width / tube bound,gm_q4 remove,2,335,0.2895052085277154,
b,X1 width / tube bound,gm_q4 remove,2,130,0.4540398154513588,
b,X1 width / tube bound,gm_q4 remove,2,300,0.22874819479798694,
b,X1 width / tube bound,gm_q4 remove,2,184,0.3714047340616807,
b,X1 width / tube bound,gm_q4 remove,2,277,0.23424625168115565,
b,X1 width / tube bound,gm_q4 remove,2,208,0.3522839468268364,
b,X1 width / tube bound,gm_q4 remove,4,259,0.19773008370936168,
b,X1 width / tube bound,gm_q4 remove,4,197,0.26710717861504146,
b,X1 width / tube bound,gm_q4 remove,4,165,0.38407126865578123,
b,X1 width / tube bound,gm_q4 remove,4,214,0.20845093801258185,
b,X1 width / tube bound,gm_q4 remove,4,206,0.24284377606936763,
b,X1 width / tube bound,gm_q4 remove,4,39,0.14416211892299602,
b,X1 width / tube bound,gm_q4 remove,4,145,0.17196882354033385,
b,X1 width / tube bound,gm_q4 remove,4,213,0.28884713114526755,
b,X1 width / tube bound,gm_q4 remove,4,171,0.3585307266446156,
b,X1 width / tube bound,gm_q4 remove,4,200,0.25107812646966604,
b,X1 width / tube bound,gm_q4 remove,4,83,0.20635799796638626,
b,X1 width / tube bound,gm_q4 remove,4,78,0.25074938818607617,
b,X1 width / tube bound,gm_q4 remove,4,96,0.35824607474380793,
b,X1 width / tube bound,gm_q4 remove,4,199,0.20374992654641147,
b,X1 width / tube bound,gm_q4 remove,4,90,0.11829962027530787,
b,X1 width / tube bound,gm_q4 remove,4,99,0.21861801185415827,
b,X1 width / tube bound,gm_q4 remove,4,258,0.24694188796760297,
b,X1 width / tube bound,gm_q4 remove,4,54,0.24601009829599552,
b,X1 width / tube bound,gm_q4 remove,4,348,0.1338399050133847,
b,X1 width / tube bound,gm_q4 remove,4,120,0.29758874587578205,
b,X1 width / tube bound,gm_q4 remove,4,217,0.25005526909766773,
b,X1 width / tube bound,gm_q4 remove,4,291,0.22207220908783684,
b,X1 width / tube bound,gm_q4 remove,4,273,0.23571673744832758,
b,X1 width / tube bound,gm_q4 remove,4,85,0.17792058253330872,
b,X1 width / tube bound,gm_q4 remove,4,335,0.24601935929452556,
b,X1 width / tube bound,gm_q4 remove,4,130,0.3693151278823227,
b,X1 width / tube bound,gm_q4 remove,4,300,0.2261782016426335,
b,X1 width / tube bound,gm_q4 remove,4,184,0.3110647194474674,
b,X1 width / tube bound,gm_q4 remove,4,277,0.3072305502355473,
b,X1 width / tube bound,gm_q4 remove,4,208,0.20998735835110818,
b,X1 width / tube bound,gm_q4 remove,8,259,0.13117612504186096,
b,X1 width / tube bound,gm_q4 remove,8,197,0.19257833344154338,
b,X1 width / tube bound,gm_q4 remove,8,165,0.19775379739211738,
b,X1 width / tube bound,gm_q4 remove,8,214,0.18130394706069303,
b,X1 width / tube bound,gm_q4 remove,8,206,0.19239650289681726,
b,X1 width / tube bound,gm_q4 remove,8,39,0.1307030761388115,
b,X1 width / tube bound,gm_q4 remove,8,145,0.2593577934423134,
b,X1 width / tube bound,gm_q4 remove,8,213,0.10746187866768867,
b,X1 width / tube bound,gm_q4 remove,8,78,0.18649004525816806,
b,X1 width / tube bound,gm_q4 remove,8,199,0.15868358650748543,
b,X1 width / tube bound,gm_q4 remove,8,90,0.08080372847652705,
b,X1 width / tube bound,gm_q4 remove,8,258,0.27639676727616613,
b,X1 width / tube bound,gm_q4 remove,8,54,0.264994093672102,
b,X1 width / tube bound,gm_q4 remove,8,120,0.3276153158463365,
b,X1 width / tube bound,gm_q4 remove,8,217,0.21581665360825453,
b,X1 width / tube bound,gm_q4 remove,8,291,0.20762920361551582,
b,X1 width / tube bound,gm_q4 remove,8,273,0.06525401786957834,
b,X1 width / tube bound,gm_q4 remove,8,85,0.13645657991807358,
b,X1 width / tube bound,gm_q4 remove,8,130,0.19688342400701492,
b,X1 width / tube bound,gm_q4 remove,8,300,0.10340306621542772,
b,X1 width / tube bound,gm_q4 remove,8,184,0.1813553738384365,
b,X1 width / tube bound,gm_q4 remove,8,277,0.2230736647455563,
b,X1 width / tube bound,gm_q4 swap,1,259,0.4130749708492692,
b,X1 width / tube bound,gm_q4 swap,1,197,0.2423726136039075,
b,X1 width / tube bound,gm_q4 swap,1,165,0.4305824215425331,
b,X1 width / tube bound,gm_q4 swap,1,214,0.22823753555914542,
b,X1 width / tube bound,gm_q4 swap,1,206,0.36774976058708936,
b,X1 width / tube bound,gm_q4 swap,1,39,0.3694282873440446,
b,X1 width / tube bound,gm_q4 swap,1,145,0.28018489274153796,
b,X1 width / tube bound,gm_q4 swap,1,213,0.2562325090289864,
b,X1 width / tube bound,gm_q4 swap,1,171,0.46366749514746536,
b,X1 width / tube bound,gm_q4 swap,1,200,0.3689009202917651,
b,X1 width / tube bound,gm_q4 swap,1,83,0.4714042310585525,
b,X1 width / tube bound,gm_q4 swap,1,78,0.48226303577290225,
b,X1 width / tube bound,gm_q4 swap,1,96,0.24776799531022667,
b,X1 width / tube bound,gm_q4 swap,1,199,0.23526586974003655,
b,X1 width / tube bound,gm_q4 swap,1,90,0.22138775749833692,
b,X1 width / tube bound,gm_q4 swap,1,99,0.3372997234878145,
b,X1 width / tube bound,gm_q4 swap,1,258,0.38348192224284566,
b,X1 width / tube bound,gm_q4 swap,1,54,0.338422321253137,
b,X1 width / tube bound,gm_q4 swap,1,348,0.4690184817278953,
b,X1 width / tube bound,gm_q4 swap,1,120,0.3457675163717617,
b,X1 width / tube bound,gm_q4 swap,1,217,0.33615374368986145,
b,X1 width / tube bound,gm_q4 swap,1,291,0.28205587156432116,
b,X1 width / tube bound,gm_q4 swap,1,273,0.3108295620890791,
b,X1 width / tube bound,gm_q4 swap,1,85,0.3438022725955507,
b,X1 width / tube bound,gm_q4 swap,1,335,0.23810000379908142,
b,X1 width / tube bound,gm_q4 swap,1,130,0.5526611661582388,
b,X1 width / tube bound,gm_q4 swap,1,300,0.24383876990879416,
b,X1 width / tube bound,gm_q4 swap,1,184,0.3032567073364439,
b,X1 width / tube bound,gm_q4 swap,1,277,0.27365518276465195,
b,X1 width / tube bound,gm_q4 swap,1,208,0.3852423025111345,
b,X1 width / tube bound,gm_q4 swap,2,259,0.27200468379276665,
b,X1 width / tube bound,gm_q4 swap,2,197,0.3403657580267895,
b,X1 width / tube bound,gm_q4 swap,2,165,0.28065625940122285,
b,X1 width / tube bound,gm_q4 swap,2,214,0.230404017001569,
b,X1 width / tube bound,gm_q4 swap,2,206,0.28949045765366105,
b,X1 width / tube bound,gm_q4 swap,2,39,0.3809579756297795,
b,X1 width / tube bound,gm_q4 swap,2,145,0.11962432751471802,
b,X1 width / tube bound,gm_q4 swap,2,213,0.32466234751360945,
b,X1 width / tube bound,gm_q4 swap,2,171,0.18972120235621612,
b,X1 width / tube bound,gm_q4 swap,2,200,0.25860870954389625,
b,X1 width / tube bound,gm_q4 swap,2,83,0.42127123008925893,
b,X1 width / tube bound,gm_q4 swap,2,78,0.2382798932809572,
b,X1 width / tube bound,gm_q4 swap,2,96,0.3778972380609557,
b,X1 width / tube bound,gm_q4 swap,2,199,0.15772406462726757,
b,X1 width / tube bound,gm_q4 swap,2,90,0.17695371716368927,
b,X1 width / tube bound,gm_q4 swap,2,99,0.3325470603701497,
b,X1 width / tube bound,gm_q4 swap,2,258,0.32150392432927666,
b,X1 width / tube bound,gm_q4 swap,2,54,0.21859104863869228,
b,X1 width / tube bound,gm_q4 swap,2,348,0.1862699006094677,
b,X1 width / tube bound,gm_q4 swap,2,120,0.2373845898871795,
b,X1 width / tube bound,gm_q4 swap,2,217,0.307366080474873,
b,X1 width / tube bound,gm_q4 swap,2,291,0.27923500207168445,
b,X1 width / tube bound,gm_q4 swap,2,273,0.17883182457633395,
b,X1 width / tube bound,gm_q4 swap,2,85,0.2236156688609289,
b,X1 width / tube bound,gm_q4 swap,2,335,0.2895052085277154,
b,X1 width / tube bound,gm_q4 swap,2,130,0.4540398154513588,
b,X1 width / tube bound,gm_q4 swap,2,300,0.22874819479798694,
b,X1 width / tube bound,gm_q4 swap,2,184,0.3714047340616807,
b,X1 width / tube bound,gm_q4 swap,2,277,0.23424625168115565,
b,X1 width / tube bound,gm_q4 swap,2,208,0.3522839468268364,
b,X1 width / tube bound,gm_q4 swap,4,259,0.19773008370936168,
b,X1 width / tube bound,gm_q4 swap,4,197,0.26710717861504146,
b,X1 width / tube bound,gm_q4 swap,4,165,0.38407126865578123,
b,X1 width / tube bound,gm_q4 swap,4,214,0.20845093801258185,
b,X1 width / tube bound,gm_q4 swap,4,206,0.14644679998364113,
b,X1 width / tube bound,gm_q4 swap,4,39,0.10999795168616974,
b,X1 width / tube bound,gm_q4 swap,4,145,0.11941979624425118,
b,X1 width / tube bound,gm_q4 swap,4,213,0.15551767949968218,
b,X1 width / tube bound,gm_q4 swap,4,171,0.23593508592241091,
b,X1 width / tube bound,gm_q4 swap,4,200,0.25107812646966604,
b,X1 width / tube bound,gm_q4 swap,4,83,0.15992052247665847,
b,X1 width / tube bound,gm_q4 swap,4,78,0.25074938818607617,
b,X1 width / tube bound,gm_q4 swap,4,96,0.35824607474380793,
b,X1 width / tube bound,gm_q4 swap,4,199,0.20374992654641147,
b,X1 width / tube bound,gm_q4 swap,4,90,0.06037699242344174,
b,X1 width / tube bound,gm_q4 swap,4,99,0.21861801185415827,
b,X1 width / tube bound,gm_q4 swap,4,258,0.17467714588644265,
b,X1 width / tube bound,gm_q4 swap,4,54,0.24601009829599552,
b,X1 width / tube bound,gm_q4 swap,4,348,0.1623318239999262,
b,X1 width / tube bound,gm_q4 swap,4,120,0.29758874587578205,
b,X1 width / tube bound,gm_q4 swap,4,217,0.25005526909766773,
b,X1 width / tube bound,gm_q4 swap,4,291,0.22207220908783684,
b,X1 width / tube bound,gm_q4 swap,4,273,0.2731210177742133,
b,X1 width / tube bound,gm_q4 swap,4,85,0.16109649893368572,
b,X1 width / tube bound,gm_q4 swap,4,335,0.12432095859794898,
b,X1 width / tube bound,gm_q4 swap,4,130,0.3693151278823227,
b,X1 width / tube bound,gm_q4 swap,4,300,0.2261782016426335,
b,X1 width / tube bound,gm_q4 swap,4,184,0.3110647194474674,
b,X1 width / tube bound,gm_q4 swap,4,277,0.3072305502355473,
b,X1 width / tube bound,gm_q4 swap,4,208,0.20998735835110818,
b,X1 width / tube bound,gm_q4 swap,8,259,0.16618262123778352,
b,X1 width / tube bound,gm_q4 swap,8,197,0.19257833344154338,
b,X1 width / tube bound,gm_q4 swap,8,165,0.19775379739211738,
b,X1 width / tube bound,gm_q4 swap,8,214,0.18130394706069303,
b,X1 width / tube bound,gm_q4 swap,8,206,0.15633645995009052,
b,X1 width / tube bound,gm_q4 swap,8,39,0.05318718060762059,
b,X1 width / tube bound,gm_q4 swap,8,145,0.2593577934423134,
b,X1 width / tube bound,gm_q4 swap,8,213,0.10746187866768867,
b,X1 width / tube bound,gm_q4 swap,8,200,0.17168354969390243,
b,X1 width / tube bound,gm_q4 swap,8,83,0.09462333902101837,
b,X1 width / tube bound,gm_q4 swap,8,78,0.09674017532338389,
b,X1 width / tube bound,gm_q4 swap,8,96,0.07322114125495476,
b,X1 width / tube bound,gm_q4 swap,8,199,0.06719116914900425,
b,X1 width / tube bound,gm_q4 swap,8,90,0.09623422212706395,
b,X1 width / tube bound,gm_q4 swap,8,99,0.05516786251068357,
b,X1 width / tube bound,gm_q4 swap,8,258,0.27639676727616613,
b,X1 width / tube bound,gm_q4 swap,8,54,0.06947616851196356,
b,X1 width / tube bound,gm_q4 swap,8,348,0.08350764886230318,
b,X1 width / tube bound,gm_q4 swap,8,120,0.11618838609861588,
b,X1 width / tube bound,gm_q4 swap,8,217,0.21581665360825453,
b,X1 width / tube bound,gm_q4 swap,8,291,0.19244053573474648,
b,X1 width / tube bound,gm_q4 swap,8,273,0.16400724666070585,
b,X1 width / tube bound,gm_q4 swap,8,85,0.0690287658789588,
b,X1 width / tube bound,gm_q4 swap,8,335,0.06804644021813777,
b,X1 width / tube bound,gm_q4 swap,8,130,0.11775252801087258,
b,X1 width / tube bound,gm_q4 swap,8,300,0.09409763229771394,
b,X1 width / tube bound,gm_q4 swap,8,184,0.1813553738384365,
b,X1 width / tube bound,gm_q4 swap,8,277,0.0748377475369258,
b,X1 width / tube bound,gm_q4 swap,8,208,0.19191373107229448,
c,conditioned bound,m1 U_cond_outer,-3.3333306322520313,0,-1.600183137215839,
c,conditioned bound,m1 L_cond_outer,-3.3333306322520313,0,-4.888057240261831,
c,conditioned bound,m1 U_cond_inner,-3.3333306322520313,0,-1.9069509623972307,
c,conditioned bound,m1 L_cond_inner,-3.3333306322520313,0,-4.54241340931613,
c,conditioned bound,m2 U_cond_outer,-3.3333306322520313,0,-1.7799405761097409,
c,conditioned bound,m2 L_cond_outer,-3.3333306322520313,0,-4.7464661741139125,
c,conditioned bound,m2 U_cond_inner,-3.3333306322520313,0,-1.8441088991034196,
c,conditioned bound,m2 L_cond_inner,-3.3333306322520313,0,-4.639158383175133,
c,conditioned bound,m1 U_cond_outer,1.1744222331450596,1,1.6384318488801288,
c,conditioned bound,m1 L_cond_outer,1.1744222331450596,1,0.5790873370472354,
c,conditioned bound,m1 U_cond_inner,1.1744222331450596,1,1.4664941909505091,
c,conditioned bound,m1 L_cond_inner,1.1744222331450596,1,0.707099121022665,
c,conditioned bound,m2 U_cond_outer,1.1744222331450596,1,1.5248492882848943,
c,conditioned bound,m2 L_cond_outer,1.1744222331450596,1,0.6756102078054138,
c,conditioned bound,m2 U_cond_inner,1.1744222331450596,1,1.4945928294685962,
c,conditioned bound,m2 L_cond_inner,1.1744222331450596,1,0.6924509949768493,
c,conditioned bound,m1 U_cond_outer,-1.2768660097488176,2,-0.9293420514114296,
c,conditioned bound,m1 L_cond_outer,-1.2768660097488176,2,-1.5862822491264756,
c,conditioned bound,m1 U_cond_inner,-1.2768660097488176,2,-1.0286119096456359,
c,conditioned bound,m1 L_cond_inner,-1.2768660097488176,2,-1.4827115475730903,
c,conditioned bound,m2 U_cond_outer,-1.2768660097488176,2,-0.9996756256449311,
c,conditioned bound,m2 L_cond_outer,-1.2768660097488176,2,-1.5084355528709892,
c,conditioned bound,m2 U_cond_inner,-1.2768660097488176,2,-1.015297887464666,
c,conditioned bound,m2 L_cond_inner,-1.2768660097488176,2,-1.4951498084310353,
c,conditioned bound,m1 U_cond_outer,-0.7886548861355128,3,-0.5656370062250813,
c,conditioned bound,m1 L_cond_outer,-0.7886548861355128,3,-0.9763738338806387,
c,conditioned bound,m1 U_cond_inner,-0.7886548861355128,3,-0.6403465498642603,
c,conditioned bound,m1 L_cond_inner,-0.7886548861355128,3,-0.902122069742814,
c,conditioned bound,m2 U_cond_outer,-0.7886548861355128,3,-0.6164495450628752,
c,conditioned bound,m2 L_cond_outer,-0.7886548861355128,3,-0.927558191761848,
c,conditioned bound,m2 U_cond_inner,-0.7886548861355128,3,-0.6307398615780488,
c,conditioned bound,m2 L_cond_inner,-0.7886548861355128,3,-0.9127444687150179,
c,conditioned bound,m1 U_cond_outer,0.8489313154477361,4,1.0679655183409553,
c,conditioned bound,m1 L_cond_outer,0.8489313154477361,4,0.6468728569944158,
c,conditioned bound,m1 U_cond_inner,0.8489313154477361,4,1.01310633681688,
c,conditioned bound,m1 L_cond_inner,0.8489313154477361,4,0.7216427103056691,
c,conditioned bound,m2 U_cond_outer,0.8489313154477361,4,1.0286062262074231,
c,conditioned bound,m2 L_cond_outer,0.8489313154477361,4,0.6990394158877998,
c,conditioned bound,m2 U_cond_inner,0.8489313154477361,4,1.0192022682418131,
c,conditioned bound,m2 L_cond_inner,0.8489313154477361,4,0.7111169674962856,
c,conditioned bound,m1 U_cond_outer,-1.0377465891699456,5,-0.3299561591316137,
c,conditioned bound,m1 L_cond_outer,-1.0377465891699456,5,-1.656389977034391,
c,conditioned bound,m1 U_cond_inner,-1.0377465891699456,5,-0.5294769664502946,
c,conditioned bound,m1 L_cond_inner,-1.0377465891699456,5,-1.4502300619305801,
c,conditioned bound,m2 U_cond_outer,-1.0377465891699456,5,-0.456321571928278,
c,conditioned bound,m2 L_cond_outer,-1.0377465891699456,5,-1.5326131808552654,
c,conditioned bound,m2 U_cond_inner,-1.0377465891699456,5,-0.4956924351255271,
c,conditioned bound,m2 L_cond_inner,-1.0377465891699456,5,-1.4880377096164048,
c,conditioned bound,m1 U_cond_outer,3.0501223639489434,6,3.8090322661882072,
c,conditioned bound,m1 L_cond_outer,3.0501223639489434,6,2.1704148000403056,
c,conditioned bound,m1 U_cond_inner,3.0501223639489434,6,3.588100778163896,
c,conditioned bound,m1 L_cond_inner,3.0501223639489434,6,2.365911716313105,
c,conditioned bound,m2 U_cond_outer,3.0501223639489434,6,3.664192715669293,
c,conditioned bound,m2 L_cond_outer,3.0501223639489434,6,2.2727200266617293,
c,conditioned bound,m2 U_cond_inner,3.0501223639489434,6,3.6225893187283282,
c,conditioned bound,m2 L_cond_inner,3.0501223639489434,6,2.3243181610744883,
c,conditioned bound,m1 U_cond_outer,4.073003160012206,7,4.947466613662645,
c,conditioned bound,m1 L_cond_outer,4.073003160012206,7,2.995204064094286,
c,conditioned bound,m1 U_cond_inner,4.073003160012206,7,4.77655583695799,
c,conditioned bound,m1 L_cond_inner,4.073003160012206,7,3.123171041798657,
c,conditioned bound,m2 U_cond_outer,4.073003160012206,7,4.874045593342204,
c,conditioned bound,m2 L_cond_outer,4.073003160012206,7,3.054524434086172,
c,conditioned bound,m2 U_cond_inner,4.073003160012206,7,4.825013312252736,
c,conditioned bound,m2 L_cond_inner,4.073003160012206,7,3.088619628811836,
c,conditioned bound,m1 U_cond_outer,-2.4644548631690792,8,-2.146588018130814,
c,conditioned bound,m1 L_cond_outer,-2.4644548631690792,8,-2.7422277764489387,
c,conditioned bound,m1 U_cond_inner,-2.4644548631690792,8,-2.2173164900587983,
c,conditioned bound,m1 L_cond_inner,-2.4644548631690792,8,-2.6744203948404217,
c,conditioned bound,m2 U_cond_outer,-2.4644548631690792,8,-2.2057404676692585,
c,conditioned bound,m2 L_cond_outer,-2.4644548631690792,8,-2.7018383379892157,
c,conditioned bound,m2 U_cond_inner,-2.4644548631690792,8,-2.211652781772395,
c,conditioned bound,m2 L_cond_inner,-2.4644548631690792,8,-2.6880744832943604,
c,conditioned bound,m1 U_cond_outer,0.4410866452534693,9,1.5080131602451057,
c,conditioned bound,m1 L_cond_outer,0.4410866452534693,9,-0.6272422522123744,
c,conditioned bound,m1 U_cond_inner,0.4410866452534693,9,1.279899927308682,
c,conditioned bound,m1 L_cond_inner,0.4410866452534693,9,-0.3555388245716379,
c,conditioned bound,m2 U_cond_outer,0.4410866452534693,9,1.4019845257512333,
c,conditioned bound,m2 L_cond_outer,0.4410866452534693,9,-0.4739566871654712,
c,conditioned bound,m2 U_cond_inner,0.4410866452534693,9,1.3356311755720554,
c,conditioned bound,m2 L_cond_inner,0.4410866452534693,9,-0.4108031565270796,
c,conditioned bound,m1 U_cond_outer,1.951794027638667,10,2.8403912951409627,
c,conditioned bound,m1 L_cond_outer,1.951794027638667,10,1.0694906974403784,
c,conditioned bound,m1 U_cond_inner,1.951794027638667,10,2.6516450261505238,
c,conditioned bound,m1 L_cond_inner,1.951794027638667,10,1.2675772960061735,
c,conditioned bound,m2 U_cond_outer,1.951794027638667,10,2.742632177746148,
c,conditioned bound,m2 L_cond_outer,1.951794027638667,10,1.1441731089684704,
c,conditioned bound,m2 U_cond_inner,1.951794027638667,10,2.6950090060536804,
c,conditioned bound,m2 L_cond_inner,1.951794027638667,10,1.2117977777099527,
c,conditioned bound,m1 U_cond_outer,1.8509904181963897,11,2.531097793337753,
c,conditioned bound,m1 L_cond_outer,1.8509904181963897,11,0.9740777979407204,
c,conditioned bound,m1 U_cond_inner,1.8509904181963897,11,2.268911523530732,
c,conditioned bound,m1 L_cond_inner,1.8509904181963897,11,1.131491604915267,
c,conditioned bound,m2 U_cond_outer,1.8509904181963897,11,2.3360681669981322,
c,conditioned bound,m2 L_cond_outer,1.8509904181963897,11,1.0863929987440428,
c,conditioned bound,m2 U_cond_inner,1.8509904181963897,11,2.300337646375771,
c,conditioned bound,m2 L_cond_inner,1.8509904181963897,11,1.1107869176247818,
c,conditioned bound,m1 U_cond_outer,2.6110447862880095,12,3.0462441470900328,
c,conditioned bound,m1 L_cond_outer,2.6110447862880095,12,1.9939206420696474,
c,conditioned bound,m1 U_cond_inner,2.6110447862880095,12,2.8808757515237695,
c,conditioned bound,m1 L_cond_inner,2.6110447862880095,12,2.098289496901195,
c,conditioned bound,m2 U_cond_outer,2.6110447862880095,12,2.939462905123083,
c,conditioned bound,m2 L_cond_outer,2.6110447862880095,12,2.038283664005339,
c,conditioned bound,m2 U_cond_inner,2.6110447862880095,12,2.9098448336348106,
c,conditioned bound,m2 L_cond_inner,2.6110447862880095,12,2.066736550392394,
c,conditioned bound,m1 U_cond_outer,-0.5458007320142486,13,-0.11284780319115328,
c,conditioned bound,m1 L_cond_outer,-0.5458007320142486,13,-0.9730545006708097,
c,conditioned bound,m1 U_cond_inner,-0.5458007320142486,13,-0.2614997690364972,
c,conditioned bound,m1 L_cond_inner,-0.5458007320142486,13,-0.8677007368915383,
c,conditioned bound,m2 U_cond_outer,-0.5458007320142486,13,-0.18869798041884064,
c,conditioned bound,m2 L_cond_outer,-0.5458007320142486,13,-0.9187000841816535,
c,conditioned bound,m2 U_cond_inner,-0.5458007320142486,13,-0.22671202093627366,
c,conditioned bound,m2 L_cond_inner,-0.5458007320142486,13,-0.8923644366203433,
c,conditioned bound,m1 U_cond_outer,-0.4275363981161909,14,0.3799285267467728,
c,conditioned bound,m1 L_cond_outer,-0.4275363981161909,14,-1.2946807193989032,
c,conditioned bound,m1 U_cond_inner,-0.4275363981161909,14,0.17021910048771252,
c,conditioned bound,m1 L_cond_inner,-0.4275363981161909,14,-1.0845871374970595,
c,conditioned bound,m2 U_cond_outer,-0.4275363981161909,14,0.2547644697701286,
c,conditioned bound,m2 L_cond_outer,-0.4275363981161909,14,-1.171564112352049,
c,conditioned bound,m2 U_cond_inner,-0.4275363981161909,14,0.2088526142946413,
c,conditioned bound,m2 L_cond_inner,-0.4275363981161909,14,-1.1253044142663262,
c,conditioned bound,m1 U_cond_outer,2.2618023789215673,15,3.0033789638317407,
c,conditioned bound,m1 L_cond_outer,2.2618023789215673,15,1.4562468350699915,
c,conditioned bound,m1 U_cond_inner,2.2618023789215673,15,2.8789088175912667,
c,conditioned bound,m1 L_cond_inner,2.2618023789215673,15,1.600915214837603,
c,conditioned bound,m2 U_cond_outer,2.2618023789215673,15,2.9504996182740277,
c,conditioned bound,m2 L_cond_outer,2.2618023789215673,15,1.5353621194845755,
c,conditioned bound,m2 U_cond_inner,2.2618023789215673,15,2.9140687688987006,
c,conditioned bound,m2 L_cond_inner,2.2618023789215673,15,1.569593144304785,
c,conditioned bound,m1 U_cond_outer,0.2570525257531059,16,0.543114439817148,
c,conditioned bound,m1 L_cond_outer,0.2570525257531059,16,-0.003457805307240438,
c,conditioned bound,m1 U_cond_inner,0.2570525257531059,16,0.4719940754341357,
c,conditioned bound,m1 L_cond_inner,0.2570525257531059,16,0.06221352641351187,
c,conditioned bound,m2 U_cond_outer,0.2570525257531059,16,0.5022933962296815,
c,conditioned bound,m2 L_cond_outer,0.2570525257531059,16,0.026909899653938477,
c,conditioned bound,m2 U_cond_inner,0.2570525257531059,16,0.4870189083859111,
c,conditioned bound,m2 L_cond_inner,0.2570525257531059,16,0.045942839499750004,
c,conditioned bound,m1 U_cond_outer,0.3034622708139838,17,0.42431470494307555,
c,conditioned bound,m1 L_cond_outer,0.3034622708139838,17,0.17769940749975216,
c,conditioned bound,m1 U_cond_inner,0.3034622708139838,17,0.4049460995344402,
c,conditioned bound,m1 L_cond_inner,0.3034622708139838,17,0.20179548434129535,
c,conditioned bound,m2 U_cond_outer,0.3034622708139838,17,0.4188441033321495,
c,conditioned bound,m2 L_cond_outer,0.3034622708139838,17,0.18545087286180834,
c,conditioned bound,m2 U_cond_inner,0.3034622708139838,17,0.4115779547209266,
c,conditioned bound,m2 L_cond_inner,0.3034622708139838,17,0.19467017317961735,
c,conditioned bound,m1 U_cond_outer,-0.5397031173280042,18,-0.4485870981523085,
c,conditioned bound,m1 L_cond_outer,-0.5397031173280042,18,-0.6213779373280263,
c,conditioned bound,m1 U_cond_inner,-0.5397031173280042,18,-0.4776900677122197,
c,conditioned bound,m1 L_cond_inner,-0.5397031173280042,18,-0.6016501860686182,
c,conditioned bound,m2 U_cond_outer,-0.5397031173280042,18,-0.4662524723598196,
c,conditioned bound,m2 L_cond_outer,-0.5397031173280042,18,-0.6111088153754527,
c,conditioned bound,m2 U_cond_inner,-0.5397031173280042,18,-0.4719694043845193,
c,conditioned bound,m2 L_cond_inner,-0.5397031173280042,18,-0.6060621598006674,
c,conditioned bound,m1 U_cond_outer,2.2842645341911703,19,2.7425602907095326,
c,conditioned bound,m1 L_cond_outer,2.2842645341911703,19,1.8421881933812931,
c,conditioned bound,m1 U_cond_inner,2.2842645341911703,19,2.6478191601358034,
c,conditioned bound,m1 L_cond_inner,2.2842645341911703,19,1.9236584001483368,
c,conditioned bound,m2 U_cond_outer,2.2842645341911703,19,2.6966104468168823,
c,conditioned bound,m2 L_cond_outer,2.2842645341911703,19,1.8935064942416688,
c,conditioned bound,m2 U_cond_inner,2.2842645341911703,19,2.6700731432078144,
c,conditioned bound,m2 L_cond_inner,2.2842645341911703,19,1.9100691459760055,
c,conditioned bound,m1 U_cond_outer,-2.2783291455205203,20,-1.6126702187616757,
c,conditioned bound,m1 L_cond_outer,-2.2783291455205203,20,-2.8016126171231637,
c,conditioned bound,m1 U_cond_inner,-2.2783291455205203,20,-1.8061898245747374,
c,conditioned bound,m1 L_cond_inner,-2.2783291455205203,20,-2.545360627362628,
c,conditioned bound,m2 U_cond_outer,-2.2783291455205203,20,-1.7330230534982825,
c,conditioned bound,m2 L_cond_outer,-2.2783291455205203,20,-2.610906895079807,
c,conditioned bound,m2 U_cond_inner,-2.2783291455205203,20,-1.7742464276662897,
c,conditioned bound,m2 L_cond_inner,-2.2783291455205203,20,-2.575081754897011,
c,conditioned bound,m1 U_cond_outer,-1.0616332043505339,21,-0.5209673477098561,
c,conditioned bound,m1 L_cond_outer,-1.0616332043505339,21,-1.473463376752286,
c,conditioned bound,m1 U_cond_inner,-1.0616332043505339,21,-0.6440210359342515,
c,conditioned bound,m1 L_cond_inner,-1.0616332043505339,21,-1.3580162699211058,
c,conditioned bound,m2 U_cond_outer,-1.0616332043505339,21,-0.5918139634379621,
c,conditioned bound,m2 L_cond_outer,-1.0616332043505339,21,-1.4012375999909639,
c,conditioned bound,m2 U_cond_inner,-1.0616332043505339,21,-0.6193993850779308,
c,conditioned bound,m2 L_cond_inner,-1.0616332043505339,21,-1.3778657623649353,
c,conditioned bound,m1 U_cond_outer,-0.05725616060674083,22,1.1358661001557724,
c,conditioned bound,m1 L_cond_outer,-0.05725616060674083,22,-1.0586723836714163,
c,conditioned bound,m1 U_cond_inner,-0.05725616060674083,22,0.9668482280446276,
c,conditioned bound,m1 L_cond_inner,-0.05725616060674083,22,-0.860034853215212,
c,conditioned bound,m2 U_cond_outer,-0.05725616060674083,22,1.0400205461005694,
c,conditioned bound,m2 L_cond_outer,-0.05725616060674083,22,-0.9608476506690479,
c,conditioned bound,m2 U_cond_inner,-0.05725616060674083,22,1.0019708132649647,
c,conditioned bound,m2 L_cond_inner,-0.05725616060674083,22,-0.9077783768745719,
c,conditioned bound,m1 U_cond_outer,2.782215084168941,23,3.3561776316831513,
c,conditioned bound,m1 L_cond_outer,2.782215084168941,23,2.1879315538717767,
c,conditioned bound,m1 U_cond_inner,2.782215084168941,23,3.182969775750079,
c,conditioned bound,m1 L_cond_inner,2.782215084168941,23,2.3683273402264655,
c,conditioned bound,m2 U_cond_outer,2.782215084168941,23,3.228246515897876,
c,conditioned bound,m2 L_cond_outer,2.782215084168941,23,2.328482934139436,
c,conditioned bound,m2 U_cond_inner,2.782215084168941,23,3.20582082439889,
c,conditioned bound,m2 L_cond_inner,2.782215084168941,23,2.34836893286991,
c,conditioned bound,m1 U_cond_outer,-2.4961983723928007,24,-1.0529070440186594,
c,conditioned bound,m1 L_cond_outer,-2.4961983723928007,24,-3.780437048757832,
c,conditioned bound,m1 U_cond_inner,-2.4961983723928007,24,-1.3400177990006905,
c,conditioned bound,m1 L_cond_inner,-2.4961983723928007,24,-3.481503895902163,
c,conditioned bound,m2 U_cond_outer,-2.4961983723928007,24,-1.2091488715178604,
c,conditioned bound,m2 L_cond_outer,-2.4961983723928007,24,-3.6335922788482886,
c,conditioned bound,m2 U_cond_inner,-2.4961983723928007,24,-1.2772309955819026,
c,conditioned bound,m2 L_cond_inner,-2.4961983723928007,24,-3.5543767010900646,
c,conditioned bound,m1 U_cond_outer,-1.0614460461150161,25,-0.6114199380812287,
c,conditioned bound,m1 L_cond_outer,-1.0614460461150161,25,-1.4646586535331494,
c,conditioned bound,m1 U_cond_inner,-1.0614460461150161,25,-0.7150156607497474,
c,conditioned bound,m1 L_cond_inner,-1.0614460461150161,25,-1.3525536862409864,
c,conditioned bound,m2 U_cond_outer,-1.0614460461150161,25,-0.6800972225311579,
c,conditioned bound,m2 L_cond_outer,-1.0614460461150161,25,-1.380310853059535,
c,conditioned bound,m2 U_cond_inner,-1.0614460461150161,25,-0.6992464162635639,
c,conditioned bound,m2 L_cond_inner,-1.0614460461150161,25,-1.3646656096726721,
c,conditioned bound,m1 U_cond_outer,-1.673000653833887,26,-1.466022361748257,
c,conditioned bound,m1 L_cond_outer,-1.673000653833887,26,-1.9325786913169636,
c,conditioned bound,m1 U_cond_inner,-1.673000653833887,26,-1.5186565024036833,
c,conditioned bound,m1 L_cond_inner,-1.673000653833887,26,-1.867209562506532,
c,conditioned bound,m2 U_cond_outer,-1.673000653833887,26,-1.4882624312826136,
c,conditioned bound,m2 L_cond_outer,-1.673000653833887,26,-1.9016872086927468,
c,conditioned bound,m2 U_cond_inner,-1.673000653833887,26,-1.5044672429637092,
c,conditioned bound,m2 L_cond_inner,-1.673000653833887,26,-1.8822608758389001,
c,conditioned bound,m1 U_cond_outer,1.5309416131685176,27,2.2839203067503093,
c,conditioned bound,m1 L_cond_outer,1.5309416131685176,27,0.6077726303940125,
c,conditioned bound,m1 U_cond_inner,1.5309416131685176,27,1.9770032508533684,
c,conditioned bound,m1 L_cond_inner,1.5309416131685176,27,0.8215408848195916,
c,conditioned bound,m2 U_cond_outer,1.5309416131685176,27,2.047628951366642,
c,conditioned bound,m2 L_cond_outer,1.5309416131685176,27,0.7258925722234448,
c,conditioned bound,m2 U_cond_inner,1.5309416131685176,27,2.008460200760902,
c,conditioned bound,m2 L_cond_inner,1.5309416131685176,27,0.7776579195045339,
c,conditioned bound,m1 U_cond_outer,-0.856827597664543,28,-0.6344007175090849,
c,conditioned bound,m1 L_cond_outer,-0.856827597664543,28,-1.0655864367149266,
c,conditioned bound,m1 U_cond_inner,-0.856827597664543,28,-0.6695744235098264,
c,conditioned bound,m1 L_cond_inner,-0.856827597664543,28,-1.0141950075479471,
c,conditioned bound,m2 U_cond_outer,-0.856827597664543,28,-0.6544166418870725,
c,conditioned bound,m2 L_cond_outer,-0.856827597664543,28,-1.029975397569549,
c,conditioned bound,m2 U_cond_inner,-0.856827597664543,28,-0.6624899979955178,
c,conditioned bound,m2 L_cond_inner,-0.856827597664543,28,-1.0211248988218504,
c,conditioned bound,m1 U_cond_outer,-0.23051422695773244,29,-0.06512921122810891,
c,conditioned bound,m1 L_cond_outer,-0.23051422695773244,29,-0.3849591434577537,
c,conditioned bound,m1 U_cond_inner,-0.23051422695773244,29,-0.113967792148419,
c,conditioned bound,m1 L_cond_inner,-0.23051422695773244,29,-0.33926139285077855,
c,conditioned bound,m2 U_cond_outer,-0.23051422695773244,29,-0.09317565813885531,
c,conditioned bound,m2 L_cond_outer,-0.23051422695773244,29,-0.35568588766536424,
c,conditioned bound,m2 U_cond_inner,-0.23051422695773244,29,-0.104340160816812,
c,conditioned bound,m2 L_cond_inner,-0.23051422695773244,29,-0.3472968429281748,
c,tent inner deficit,tent,1,,0.0005249999999999422,
c,tent inner deficit,tent,2,,0.00014999999999987246,
c,tent inner deficit,tent,4,,2.500000000021929e-05,
d,"excess over witness, pixel outer",georgia,1,georgia_f205_b33,0.8269664510562498,
d,"excess over witness, pixel outer",georgia,1,georgia_f1478_b38,0.7939201891380556,
d,"excess over witness, pixel outer",georgia,1,georgia_f839_b67,0.7255350523929835,
d,"excess over witness, pixel outer",georgia,1,georgia_f782_b67,0.46365727088199704,
d,"excess over witness, pixel outer",georgia,1,georgia_f1158_b76,0.7264374366582296,
d,"excess over witness, pixel outer",georgia,1,georgia_f1533_b106,0.6786870716443905,
d,"excess over witness, pixel outer",georgia,1,georgia_f375_b33,1.3126938496035518,
d,"excess over witness, pixel outer",georgia,1,georgia_f639_b121,1.1562437387425648,
d,"excess over witness, pixel outer",georgia,1,georgia_f1520_b106,0.7946221075439914,
d,"excess over witness, pixel outer",georgia,1,georgia_f213_b33,0.9506846510674372,
d,"excess over witness, pixel outer",georgia,1,georgia_f303_b58,1.095218910537731,
d,"excess over witness, pixel outer",georgia,1,georgia_f1396_b23,0.8756993890659213,
d,"excess over witness, pixel outer",georgia,2,georgia_f205_b33,0.33363871186916194,
d,"excess over witness, pixel outer",georgia,2,georgia_f1478_b38,0.31419090251592907,
d,"excess over witness, pixel outer",georgia,2,georgia_f839_b67,0.2964977015002741,
d,"excess over witness, pixel outer",georgia,2,georgia_f782_b67,0.2065277944950048,
d,"excess over witness, pixel outer",georgia,2,georgia_f1158_b76,0.292694524411232,
d,"excess over witness, pixel outer",georgia,2,georgia_f1533_b106,0.2783989963600868,
d,"excess over witness, pixel outer",georgia,2,georgia_f375_b33,0.47297423384554116,
d,"excess over witness, pixel outer",georgia,2,georgia_f639_b121,0.4169202170500026,
d,"excess over witness, pixel outer",georgia,2,georgia_f1520_b106,0.31637720884132925,
d,"excess over witness, pixel outer",georgia,2,georgia_f213_b33,0.3567641373098298,
d,"excess over witness, pixel outer",georgia,2,georgia_f303_b58,0.44698815138649617,
d,"excess over witness, pixel outer",georgia,2,georgia_f1396_b23,0.35502073937344103,
d,"excess over witness, pixel outer",georgia,4,georgia_f205_b33,0.2669636755478191,
d,"excess over witness, pixel outer",georgia,4,georgia_f1478_b38,0.2574373020087086,
d,"excess over witness, pixel outer",georgia,4,georgia_f839_b67,0.23675306516818395,
d,"excess over witness, pixel outer",georgia,4,georgia_f782_b67,0.15704043944055068,
d,"excess over witness, pixel outer",georgia,4,georgia_f1158_b76,0.22678294326546844,
d,"excess over witness, pixel outer",georgia,4,georgia_f1533_b106,0.2307025073568576,
d,"excess over witness, pixel outer",georgia,4,georgia_f375_b33,0.4269504912337938,
d,"excess over witness, pixel outer",georgia,4,georgia_f639_b121,0.38435054865799456,
d,"excess over witness, pixel outer",georgia,4,georgia_f1520_b106,0.26522944691857053,
d,"excess over witness, pixel outer",georgia,4,georgia_f213_b33,0.3214249570224441,
d,"excess over witness, pixel outer",georgia,4,georgia_f303_b58,0.38679834904923216,
d,"excess over witness, pixel outer",georgia,4,georgia_f1396_b23,0.31650209222240444,
d,"excess over witness, pixel outer",georgia,8,georgia_f205_b33,0.24968434395746186,
d,"excess over witness, pixel outer",georgia,8,georgia_f1478_b38,0.2421456790342591,
d,"excess over witness, pixel outer",georgia,8,georgia_f839_b67,0.22132752841147219,
d,"excess over witness, pixel outer",georgia,8,georgia_f782_b67,0.1449599506338195,
d,"excess over witness, pixel outer",georgia,8,georgia_f1158_b76,0.2102438835226228,
d,"excess over witness, pixel outer",georgia,8,georgia_f1533_b106,0.21732740335574574,
d,"excess over witness, pixel outer",georgia,8,georgia_f375_b33,0.4124027011440401,
d,"excess over witness, pixel outer",georgia,8,georgia_f639_b121,0.3729589197835066,
d,"excess over witness, pixel outer",georgia,8,georgia_f1520_b106,0.25161080850189466,
d,"excess over witness, pixel outer",georgia,8,georgia_f213_b33,0.30955456466165465,
d,"excess over witness, pixel outer",georgia,8,georgia_f303_b58,0.36833366713141324,
d,"excess over witness, pixel outer",georgia,8,georgia_f1396_b23,0.3044955837034875,
d,"excess over witness, pixel outer",georgia,16,georgia_f205_b33,0.24522039777709037,
d,"excess over witness, pixel outer",georgia,16,georgia_f1478_b38,0.2378140828103168,
d,"excess over witness, pixel outer",georgia,16,georgia_f839_b67,0.21734156783434266,
d,"excess over witness, pixel outer",georgia,16,georgia_f782_b67,0.14175728495444617,
d,"excess over witness, pixel outer",georgia,16,georgia_f1158_b76,0.2060692908195969,
d,"excess over witness, pixel outer",georgia,16,georgia_f1533_b106,0.21399899275347334,
d,"excess over witness, pixel outer",georgia,16,georgia_f375_b33,0.4078797236941607,
d,"excess over witness, pixel outer",georgia,16,georgia_f639_b121,0.3690549568182646,
d,"excess over witness, pixel outer",georgia,16,georgia_f1520_b106,0.24765887721322333,
d,"excess over witness, pixel outer",georgia,16,georgia_f213_b33,0.30564925873833904,
d,"excess over witness, pixel outer",georgia,16,georgia_f303_b58,0.3631210733402013,
d,"excess over witness, pixel outer",georgia,16,georgia_f1396_b23,0.30092769279511233,
d,"excess over witness, certified bracket",georgia,4,georgia_f205_b33,0.15462583816241704,
d,"excess over witness, certified bracket",georgia,4,georgia_f1478_b38,0.15334969992707892,
d,"excess over witness, certified bracket",georgia,4,georgia_f839_b67,0.14630239016280044,
d,"excess over witness, certified bracket",georgia,4,georgia_f782_b67,0.14116453580206567,
d,"excess over witness, certified bracket",georgia,4,georgia_f1158_b76,0.1538250584077243,
d,"excess over witness, certified bracket",georgia,4,georgia_f1533_b106,0.11710978400602645,
d,"excess over witness, certified bracket",georgia,4,georgia_f375_b33,0.13296503108145896,
d,"excess over witness, certified bracket",georgia,4,georgia_f639_b121,0.12562888684410844,
d,"excess over witness, certified bracket",georgia,4,georgia_f1520_b106,0.12952644738202213,
d,"excess over witness, certified bracket",georgia,4,georgia_f213_b33,0.11755825996074254,
d,"excess over witness, certified bracket",georgia,4,georgia_f303_b58,0.15371943976502078,
d,"excess over witness, certified bracket",georgia,4,georgia_f1396_b23,0.11892191078358438,
d,"excess over witness, certified bracket",georgia,8,georgia_f205_b33,0.07625851457297039,
d,"excess over witness, certified bracket",georgia,8,georgia_f1478_b38,0.07574244138619757,
d,"excess over witness, certified bracket",georgia,8,georgia_f839_b67,0.07223883521832186,
d,"excess over witness, certified bracket",georgia,8,georgia_f782_b67,0.07044307951760342,
d,"excess over witness, certified bracket",georgia,8,georgia_f1158_b76,0.0758756430070997,
d,"excess over witness, certified bracket",georgia,8,georgia_f1533_b106,0.05791855192409634,
d,"excess over witness, certified bracket",georgia,8,georgia_f375_b33,0.06580473843218737,
d,"excess over witness, certified bracket",georgia,8,georgia_f639_b121,0.06229756019953103,
d,"excess over witness, certified bracket",georgia,8,georgia_f1520_b106,0.06406615372455748,
d,"excess over witness, certified bracket",georgia,8,georgia_f213_b33,0.05825112789576825,
d,"excess over witness, certified bracket",georgia,8,georgia_f303_b58,0.0758363736434251,
d,"excess over witness, certified bracket",georgia,8,georgia_f1396_b23,0.05891869528347349,
d,"excess over witness, certified bracket",georgia,16,georgia_f205_b33,0.03799313279327343,
d,"excess over witness, certified bracket",georgia,16,georgia_f1478_b38,0.03773927863108906,
d,"excess over witness, certified bracket",georgia,16,georgia_f839_b67,0.03600164527736949,
d,"excess over witness, certified bracket",georgia,16,georgia_f782_b67,0.035123115437586616,
d,"excess over witness, certified bracket",georgia,16,georgia_f1158_b76,0.03780709532893023,
d,"excess over witness, certified bracket",georgia,16,georgia_f1533_b106,0.028880203627950962,
d,"excess over witness, certified bracket",georgia,16,georgia_f375_b33,0.032797059630916836,
d,"excess over witness, certified bracket",georgia,16,georgia_f639_b121,0.031060242424125306,
d,"excess over witness, certified bracket",georgia,16,georgia_f1520_b106,0.03193204069092048,
d,"excess over witness, certified bracket",georgia,16,georgia_f213_b33,0.029038756500328944,
d,"excess over witness, certified bracket",georgia,16,georgia_f303_b58,0.037773784530350074,
d,"excess over witness, certified bracket",georgia,16,georgia_f1396_b23,0.02937887260010341,
d,"excess over witness, pixel outer",gm_q4,1,gm_q4_f680_b150,0.5522513336952279,
d,"excess over witness, pixel outer",gm_q4,1,gm_q4_f157_b7,0.5511104593093694,
d,"excess over witness, pixel outer",gm_q4,1,gm_q4_f412_b350,0.8322803651784729,
d,"excess over witness, pixel outer",gm_q4,1,gm_q4_f555_b124,0.5981062654629858,
d,"excess over witness, pixel outer",gm_q4,1,gm_q4_f477_b90,0.633614179510485,
d,"excess over witness, pixel outer",gm_q4,1,gm_q4_f815_b180,0.5616010142692296,
d,"excess over witness, pixel outer",gm_q4,1,gm_q4_f446_b78,0.5963480347784391,
d,"excess over witness, pixel outer",gm_q4,1,gm_q4_f276_b60,0.6009603233185667,
d,"excess over witness, pixel outer",gm_q4,1,gm_q4_f1623_b337,0.5638235677242025,
d,"excess over witness, pixel outer",gm_q4,1,gm_q4_f706_b159,0.6690020907065424,
d,"excess over witness, pixel outer",gm_q4,2,gm_q4_f680_b150,0.21919411401943245,
d,"excess over witness, pixel outer",gm_q4,2,gm_q4_f157_b7,0.24324663325227092,
d,"excess over witness, pixel outer",gm_q4,2,gm_q4_f412_b350,0.3099738123913718,
d,"excess over witness, pixel outer",gm_q4,2,gm_q4_f555_b124,0.2506663980310295,
d,"excess over witness, pixel outer",gm_q4,2,gm_q4_f477_b90,0.2496061067476003,
d,"excess over witness, pixel outer",gm_q4,2,gm_q4_f815_b180,0.23201847136247533,
d,"excess over witness, pixel outer",gm_q4,2,gm_q4_f446_b78,0.24944897512791564,
d,"excess over witness, pixel outer",gm_q4,2,gm_q4_f276_b60,0.24234178267434037,
d,"excess over witness, pixel outer",gm_q4,2,gm_q4_f1623_b337,0.2412793664299988,
d,"excess over witness, pixel outer",gm_q4,2,gm_q4_f706_b159,0.2928263090763781,
d,"excess over witness, pixel outer",gm_q4,4,gm_q4_f680_b150,0.13754431265512346,
d,"excess over witness, pixel outer",gm_q4,4,gm_q4_f157_b7,0.15960840401274012,
d,"excess over witness, pixel outer",gm_q4,4,gm_q4_f412_b350,0.2167616423969687,
d,"excess over witness, pixel outer",gm_q4,4,gm_q4_f555_b124,0.16185981942122485,
d,"excess over witness, pixel outer",gm_q4,4,gm_q4_f477_b90,0.1784888308073469,
d,"excess over witness, pixel outer",gm_q4,4,gm_q4_f815_b180,0.1464719076613228,
d,"excess over witness, pixel outer",gm_q4,4,gm_q4_f446_b78,0.1452406913337485,
d,"excess over witness, pixel outer",gm_q4,4,gm_q4_f276_b60,0.15010199722162532,
d,"excess over witness, pixel outer",gm_q4,4,gm_q4_f1623_b337,0.14188897467695227,
d,"excess over witness, pixel outer",gm_q4,4,gm_q4_f706_b159,0.19298372081141335,
d,"excess over witness, pixel outer",gm_q4,8,gm_q4_f680_b150,0.12271661165463432,
d,"excess over witness, pixel outer",gm_q4,8,gm_q4_f157_b7,0.139097362936063,
d,"excess over witness, pixel outer",gm_q4,8,gm_q4_f412_b350,0.19595022247948357,
d,"excess over witness, pixel outer",gm_q4,8,gm_q4_f555_b124,0.14414868658992308,
d,"excess over witness, pixel outer",gm_q4,8,gm_q4_f477_b90,0.16188502277580974,
d,"excess over witness, pixel outer",gm_q4,8,gm_q4_f815_b180,0.12990217418282968,
d,"excess over witness, pixel outer",gm_q4,8,gm_q4_f446_b78,0.12575123698175283,
d,"excess over witness, pixel outer",gm_q4,8,gm_q4_f276_b60,0.1317789655702566,
d,"excess over witness, pixel outer",gm_q4,8,gm_q4_f1623_b337,0.12523572311196696,
d,"excess over witness, pixel outer",gm_q4,8,gm_q4_f706_b159,0.16993129051467504,
d,"excess over witness, pixel outer",gm_q4,16,gm_q4_f680_b150,0.11893586078587548,
d,"excess over witness, pixel outer",gm_q4,16,gm_q4_f157_b7,0.13369167961778716,
d,"excess over witness, pixel outer",gm_q4,16,gm_q4_f412_b350,0.1910356392763486,
d,"excess over witness, pixel outer",gm_q4,16,gm_q4_f555_b124,0.13937222377133796,
d,"excess over witness, pixel outer",gm_q4,16,gm_q4_f477_b90,0.15755403730381334,
d,"excess over witness, pixel outer",gm_q4,16,gm_q4_f815_b180,0.1257369881557544,
d,"excess over witness, pixel outer",gm_q4,16,gm_q4_f446_b78,0.12080790574757794,
d,"excess over witness, pixel outer",gm_q4,16,gm_q4_f276_b60,0.12731626265171148,
d,"excess over witness, pixel outer",gm_q4,16,gm_q4_f1623_b337,0.12083317056356746,
d,"excess over witness, pixel outer",gm_q4,16,gm_q4_f706_b159,0.1641127713849342,
d,"excess over witness, certified bracket",gm_q4,4,gm_q4_f680_b150,0.13754431263422973,
d,"excess over witness, certified bracket",gm_q4,4,gm_q4_f157_b7,0.1596084039906014,
d,"excess over witness, certified bracket",gm_q4,4,gm_q4_f412_b350,0.2148027221846298,
d,"excess over witness, certified bracket",gm_q4,4,gm_q4_f555_b124,0.16185981938264637,
d,"excess over witness, certified bracket",gm_q4,4,gm_q4_f477_b90,0.17848883077781474,
d,"excess over witness, certified bracket",gm_q4,4,gm_q4_f815_b180,0.14647190764756512,
d,"excess over witness, certified bracket",gm_q4,4,gm_q4_f446_b78,0.1452406913193851,
d,"excess over witness, certified bracket",gm_q4,4,gm_q4_f276_b60,0.1501019972056299,
d,"excess over witness, certified bracket",gm_q4,4,gm_q4_f1623_b337,0.14188897465528072,
d,"excess over witness, certified bracket",gm_q4,4,gm_q4_f706_b159,0.19298372077246317,
d,"excess over witness, certified bracket",gm_q4,8,gm_q4_f680_b150,0.08938257839319785,
d,"excess over witness, certified bracket",gm_q4,8,gm_q4_f157_b7,0.133979006137942,
d,"excess over witness, certified bracket",gm_q4,8,gm_q4_f412_b350,0.10723353344860076,
d,"excess over witness, certified bracket",gm_q4,8,gm_q4_f555_b124,0.10883330785523482,
d,"excess over witness, certified bracket",gm_q4,8,gm_q4_f477_b90,0.09104160329104771,
d,"excess over witness, certified bracket",gm_q4,8,gm_q4_f815_b180,0.10843814767504689,
d,"excess over witness, certified bracket",gm_q4,8,gm_q4_f446_b78,0.12032001455042396,
d,"excess over witness, certified bracket",gm_q4,8,gm_q4_f276_b60,0.11414864020081339,
d,"excess over witness, certified bracket",gm_q4,8,gm_q4_f1623_b337,0.1146906016540743,
d,"excess over witness, certified bracket",gm_q4,8,gm_q4_f706_b159,0.1346701833628503,
d,"excess over witness, certified bracket",gm_q4,16,gm_q4_f680_b150,0.044540805122514016,
d,"excess over witness, certified bracket",gm_q4,16,gm_q4_f157_b7,0.06670246035837701,
d,"excess over witness, certified bracket",gm_q4,16,gm_q4_f412_b350,0.053396754481575215,
d,"excess over witness, certified bracket",gm_q4,16,gm_q4_f555_b124,0.05418950276497059,
d,"excess over witness, certified bracket",gm_q4,16,gm_q4_f477_b90,0.0453513887885999,
d,"excess over witness, certified bracket",gm_q4,16,gm_q4_f815_b180,0.054019213238333474,
d,"excess over witness, certified bracket",gm_q4,16,gm_q4_f446_b78,0.059895844078958316,
d,"excess over witness, certified bracket",gm_q4,16,gm_q4_f276_b60,0.05684928049352078,
d,"excess over witness, certified bracket",gm_q4,16,gm_q4_f1623_b337,0.057121146820691804,
d,"excess over witness, certified bracket",gm_q4,16,gm_q4_f706_b159,0.06700038877800396,
d,"excess over witness, pixel outer",gm_bad,1,gm_bad_f680_b150,0.8283533758715982,
d,"excess over witness, pixel outer",gm_bad,1,gm_bad_f157_b7,0.4955543636487363,
d,"excess over witness, pixel outer",gm_bad,1,gm_bad_f412_b350,0.5443700362400412,
d,"excess over witness, pixel outer",gm_bad,1,gm_bad_f555_b124,0.7383414603190319,
d,"excess over witness, pixel outer",gm_bad,1,gm_bad_f477_b90,0.7107018303459263,
d,"excess over witness, pixel outer",gm_bad,1,gm_bad_f815_b180,0.7021002213196801,
d,"excess over witness, pixel outer",gm_bad,1,gm_bad_f446_b78,0.635478897618972,
d,"excess over witness, pixel outer",gm_bad,1,gm_bad_f276_b60,0.6187243046933066,
d,"excess over witness, pixel outer",gm_bad,1,gm_bad_f1623_b337,0.7976303529482371,
d,"excess over witness, pixel outer",gm_bad,1,gm_bad_f706_b159,0.9460732766815225,
d,"excess over witness, pixel outer",gm_bad,2,gm_bad_f680_b150,0.30467130463086356,
d,"excess over witness, pixel outer",gm_bad,2,gm_bad_f157_b7,0.22820878522570465,
d,"excess over witness, pixel outer",gm_bad,2,gm_bad_f412_b350,0.24387362834518433,
d,"excess over witness, pixel outer",gm_bad,2,gm_bad_f555_b124,0.2931649116322721,
d,"excess over witness, pixel outer",gm_bad,2,gm_bad_f477_b90,0.27616982637053566,
d,"excess over witness, pixel outer",gm_bad,2,gm_bad_f815_b180,0.2746179883887898,
d,"excess over witness, pixel outer",gm_bad,2,gm_bad_f446_b78,0.2599049767279049,
d,"excess over witness, pixel outer",gm_bad,2,gm_bad_f276_b60,0.2513618213883606,
d,"excess over witness, pixel outer",gm_bad,2,gm_bad_f1623_b337,0.30371745873959943,
d,"excess over witness, pixel outer",gm_bad,2,gm_bad_f706_b159,0.36014639357111133,
d,"excess over witness, pixel outer",gm_bad,4,gm_bad_f680_b150,0.2041735422823412,
d,"excess over witness, pixel outer",gm_bad,4,gm_bad_f157_b7,0.14250875972746035,
d,"excess over witness, pixel outer",gm_bad,4,gm_bad_f412_b350,0.15584591965730166,
d,"excess over witness, pixel outer",gm_bad,4,gm_bad_f555_b124,0.19668218834170026,
d,"excess over witness, pixel outer",gm_bad,4,gm_bad_f477_b90,0.18377593591674612,
d,"excess over witness, pixel outer",gm_bad,4,gm_bad_f815_b180,0.18861278079794208,
d,"excess over witness, pixel outer",gm_bad,4,gm_bad_f446_b78,0.15863290908149397,
d,"excess over witness, pixel outer",gm_bad,4,gm_bad_f276_b60,0.15364506725392757,
d,"excess over witness, pixel outer",gm_bad,4,gm_bad_f1623_b337,0.19602355025959062,
d,"excess over witness, pixel outer",gm_bad,4,gm_bad_f706_b159,0.24811007518286532,
d,"excess over witness, pixel outer",gm_bad,8,gm_bad_f680_b150,0.18409177446935443,
d,"excess over witness, pixel outer",gm_bad,8,gm_bad_f157_b7,0.12140903146210547,
d,"excess over witness, pixel outer",gm_bad,8,gm_bad_f412_b350,0.13427618107408001,
d,"excess over witness, pixel outer",gm_bad,8,gm_bad_f555_b124,0.1772968884507169,
d,"excess over witness, pixel outer",gm_bad,8,gm_bad_f477_b90,0.1620741447009304,
d,"excess over witness, pixel outer",gm_bad,8,gm_bad_f815_b180,0.16994965213166102,
d,"excess over witness, pixel outer",gm_bad,8,gm_bad_f446_b78,0.14005400909478483,
d,"excess over witness, pixel outer",gm_bad,8,gm_bad_f276_b60,0.13294991026620528,
d,"excess over witness, pixel outer",gm_bad,8,gm_bad_f1623_b337,0.1734252303524153,
d,"excess over witness, pixel outer",gm_bad,8,gm_bad_f706_b159,0.2260201694147439,
d,"excess over witness, pixel outer",gm_bad,16,gm_bad_f680_b150,0.17874733820384536,
d,"excess over witness, pixel outer",gm_bad,16,gm_bad_f157_b7,0.11627281945458989,
d,"excess over witness, pixel outer",gm_bad,16,gm_bad_f412_b350,0.12921747445628995,
d,"excess over witness, pixel outer",gm_bad,16,gm_bad_f555_b124,0.17182595157719804,
d,"excess over witness, pixel outer",gm_bad,16,gm_bad_f477_b90,0.15676428912749585,
d,"excess over witness, pixel outer",gm_bad,16,gm_bad_f815_b180,0.16525036470447985,
d,"excess over witness, pixel outer",gm_bad,16,gm_bad_f446_b78,0.13532884284040025,
d,"excess over witness, pixel outer",gm_bad,16,gm_bad_f276_b60,0.12771243237483243,
d,"excess over witness, pixel outer",gm_bad,16,gm_bad_f1623_b337,0.1676975107012746,
d,"excess over witness, pixel outer",gm_bad,16,gm_bad_f706_b159,0.21983594291569752,
d,"excess over witness, certified bracket",gm_bad,4,gm_bad_f680_b150,0.19495586604123094,
d,"excess over witness, certified bracket",gm_bad,4,gm_bad_f157_b7,0.14250875962314913,
d,"excess over witness, certified bracket",gm_bad,4,gm_bad_f412_b350,0.15584591960462602,
d,"excess over witness, certified bracket",gm_bad,4,gm_bad_f555_b124,0.19668218829730622,
d,"excess over witness, certified bracket",gm_bad,4,gm_bad_f477_b90,0.18377593586540164,
d,"excess over witness, certified bracket",gm_bad,4,gm_bad_f815_b180,0.1886127807434328,
d,"excess over witness, certified bracket",gm_bad,4,gm_bad_f446_b78,0.1586329090163603,
d,"excess over witness, certified bracket",gm_bad,4,gm_bad_f276_b60,0.15364506716449733,
d,"excess over witness, certified bracket",gm_bad,4,gm_bad_f1623_b337,0.19602355022128415,
d,"excess over witness, certified bracket",gm_bad,4,gm_bad_f706_b159,0.23150503840662728,
d,"excess over witness, certified bracket",gm_bad,8,gm_bad_f680_b150,0.10308250120307472,
d,"excess over witness, certified bracket",gm_bad,8,gm_bad_f157_b7,0.1214090313597207,
d,"excess over witness, certified bracket",gm_bad,8,gm_bad_f412_b350,0.1268940344830607,
d,"excess over witness, certified bracket",gm_bad,8,gm_bad_f555_b124,0.11467166167958776,
d,"excess over witness, certified bracket",gm_bad,8,gm_bad_f477_b90,0.11838281032405717,
d,"excess over witness, certified bracket",gm_bad,8,gm_bad_f815_b180,0.10753345421283655,
d,"excess over witness, certified bracket",gm_bad,8,gm_bad_f446_b78,0.11171485913676893,
d,"excess over witness, certified bracket",gm_bad,8,gm_bad_f276_b60,0.12188820283033341,
d,"excess over witness, certified bracket",gm_bad,8,gm_bad_f1623_b337,0.12119857194241646,
d,"excess over witness, certified bracket",gm_bad,8,gm_bad_f706_b159,0.1137038593401678,
d,"excess over witness, certified bracket",gm_bad,16,gm_bad_f680_b150,0.051309095500569724,
d,"excess over witness, certified bracket",gm_bad,16,gm_bad_f157_b7,0.06715671059070294,
d,"excess over witness, certified bracket",gm_bad,16,gm_bad_f412_b350,0.06553262899886048,
d,"excess over witness, certified bracket",gm_bad,16,gm_bad_f555_b124,0.057069669958011104,
d,"excess over witness, certified bracket",gm_bad,16,gm_bad_f477_b90,0.05892097206091895,
d,"excess over witness, certified bracket",gm_bad,16,gm_bad_f815_b180,0.053550802568261835,
d,"excess over witness, certified bracket",gm_bad,16,gm_bad_f446_b78,0.05562595770419243,
d,"excess over witness, certified bracket",gm_bad,16,gm_bad_f276_b60,0.060662422666870164,
d,"excess over witness, certified bracket",gm_bad,16,gm_bad_f1623_b337,0.06030350890596181,
d,"excess over witness, certified bracket",gm_bad,16,gm_bad_f706_b159,0.056565199466649174,
d,"excess over witness, pixel outer",mx_rwi,1,mx_rwi_f196_b2,1.504411286931271,
d,"excess over witness, pixel outer",mx_rwi,1,mx_rwi_f272_b2,0.9137749087813773,
d,"excess over witness, pixel outer",mx_rwi,1,mx_rwi_f71_b1,0.3896215127398124,
d,"excess over witness, pixel outer",mx_rwi,1,mx_rwi_f271_b2,0.8120733357540739,
d,"excess over witness, pixel outer",mx_rwi,1,mx_rwi_f295_b2,0.7536611387066277,
d,"excess over witness, pixel outer",mx_rwi,1,mx_rwi_f414_b7,0.6671485157667261,
d,"excess over witness, pixel outer",mx_rwi,1,mx_rwi_f219_b2,0.8835175297229236,
d,"excess over witness, pixel outer",mx_rwi,1,mx_rwi_f195_b2,0.4029938910657176,
d,"excess over witness, pixel outer",mx_rwi,1,mx_rwi_f352_b6,0.9300779622252031,
d,"excess over witness, pixel outer",mx_rwi,1,mx_rwi_f113_b1,0.4595256320348624,
d,"excess over witness, pixel outer",mx_rwi,1,mx_rwi_f232_b2,1.1471609419844429,
d,"excess over witness, pixel outer",mx_rwi,2,mx_rwi_f196_b2,0.4545859995038726,
d,"excess over witness, pixel outer",mx_rwi,2,mx_rwi_f272_b2,0.3196583168474072,
d,"excess over witness, pixel outer",mx_rwi,2,mx_rwi_f71_b1,0.16397668935165566,
d,"excess over witness, pixel outer",mx_rwi,2,mx_rwi_f271_b2,0.30508650531935855,
d,"excess over witness, pixel outer",mx_rwi,2,mx_rwi_f295_b2,0.276320940578775,
d,"excess over witness, pixel outer",mx_rwi,2,mx_rwi_f414_b7,0.25575819024356616,
d,"excess over witness, pixel outer",mx_rwi,2,mx_rwi_f219_b2,0.3189870564461794,
d,"excess over witness, pixel outer",mx_rwi,2,mx_rwi_f195_b2,0.17056227066369467,
d,"excess over witness, pixel outer",mx_rwi,2,mx_rwi_f352_b6,0.33198601514974624,
d,"excess over witness, pixel outer",mx_rwi,2,mx_rwi_f113_b1,0.1961181096018938,
d,"excess over witness, pixel outer",mx_rwi,2,mx_rwi_f232_b2,0.3745239856280338,
d,"excess over witness, pixel outer",mx_rwi,4,mx_rwi_f196_b2,0.288614945490663,
d,"excess over witness, pixel outer",mx_rwi,4,mx_rwi_f272_b2,0.2196502807930163,
d,"excess over witness, pixel outer",mx_rwi,4,mx_rwi_f71_b1,0.10136295054101896,
d,"excess over witness, pixel outer",mx_rwi,4,mx_rwi_f271_b2,0.2344499541794387,
d,"excess over witness, pixel outer",mx_rwi,4,mx_rwi_f295_b2,0.1924820137415817,
d,"excess over witness, pixel outer",mx_rwi,4,mx_rwi_f414_b7,0.15810896804602237,
d,"excess over witness, pixel outer",mx_rwi,4,mx_rwi_f219_b2,0.250494243756326,
d,"excess over witness, pixel outer",mx_rwi,4,mx_rwi_f195_b2,0.11728666535596877,
d,"excess over witness, pixel outer",mx_rwi,4,mx_rwi_f352_b6,0.2313150040047547,
d,"excess over witness, pixel outer",mx_rwi,4,mx_rwi_f113_b1,0.10584294434218133,
d,"excess over witness, pixel outer",mx_rwi,4,mx_rwi_f232_b2,0.2715162923469676,
d,"excess over witness, pixel outer",mx_rwi,8,mx_rwi_f196_b2,0.2619258753124447,
d,"excess over witness, pixel outer",mx_rwi,8,mx_rwi_f272_b2,0.19846167105959522,
d,"excess over witness, pixel outer",mx_rwi,8,mx_rwi_f71_b1,0.08873461033706853,
d,"excess over witness, pixel outer",mx_rwi,8,mx_rwi_f271_b2,0.2169655723169921,
d,"excess over witness, pixel outer",mx_rwi,8,mx_rwi_f295_b2,0.1709476845311042,
d,"excess over witness, pixel outer",mx_rwi,8,mx_rwi_f414_b7,0.14106736763308314,
d,"excess over witness, pixel outer",mx_rwi,8,mx_rwi_f219_b2,0.23241507155672014,
d,"excess over witness, pixel outer",mx_rwi,8,mx_rwi_f195_b2,0.10417439447772003,
d,"excess over witness, pixel outer",mx_rwi,8,mx_rwi_f352_b6,0.2103639417298644,
d,"excess over witness, pixel outer",mx_rwi,8,mx_rwi_f113_b1,0.08710511177209002,
d,"excess over witness, pixel outer",mx_rwi,8,mx_rwi_f232_b2,0.24900528196766736,
d,"excess over witness, pixel outer",mx_rwi,16,mx_rwi_f196_b2,0.25476749797244325,
d,"excess over witness, pixel outer",mx_rwi,16,mx_rwi_f272_b2,0.19311231723963074,
d,"excess over witness, pixel outer",mx_rwi,16,mx_rwi_f71_b1,0.08518940483711623,
d,"excess over witness, pixel outer",mx_rwi,16,mx_rwi_f271_b2,0.21275272927607736,
d,"excess over witness, pixel outer",mx_rwi,16,mx_rwi_f295_b2,0.1660910839724583,
d,"excess over witness, pixel outer",mx_rwi,16,mx_rwi_f414_b7,0.13663297555415443,
d,"excess over witness, pixel outer",mx_rwi,16,mx_rwi_f219_b2,0.2274268361211924,
d,"excess over witness, pixel outer",mx_rwi,16,mx_rwi_f195_b2,0.10083168305872015,
d,"excess over witness, pixel outer",mx_rwi,16,mx_rwi_f352_b6,0.20534047409481127,
d,"excess over witness, pixel outer",mx_rwi,16,mx_rwi_f113_b1,0.0821399094363231,
d,"excess over witness, pixel outer",mx_rwi,16,mx_rwi_f232_b2,0.24386350089133968,
d,"excess over witness, certified bracket",mx_rwi,4,mx_rwi_f196_b2,0.23498897154768406,
d,"excess over witness, certified bracket",mx_rwi,4,mx_rwi_f272_b2,0.1755927287945176,
d,"excess over witness, certified bracket",mx_rwi,4,mx_rwi_f71_b1,0.1013629505314706,
d,"excess over witness, certified bracket",mx_rwi,4,mx_rwi_f271_b2,0.15578294483248323,
d,"excess over witness, certified bracket",mx_rwi,4,mx_rwi_f295_b2,0.17486132447763958,
d,"excess over witness, certified bracket",mx_rwi,4,mx_rwi_f414_b7,0.15810896803951557,
d,"excess over witness, certified bracket",mx_rwi,4,mx_rwi_f219_b2,0.174495075990601,
d,"excess over witness, certified bracket",mx_rwi,4,mx_rwi_f195_b2,0.11728666533560084,
d,"excess over witness, certified bracket",mx_rwi,4,mx_rwi_f352_b6,0.1970972072889865,
d,"excess over witness, certified bracket",mx_rwi,4,mx_rwi_f113_b1,0.10584294433031904,
d,"excess over witness, certified bracket",mx_rwi,4,mx_rwi_f232_b2,0.17124415657646908,
d,"excess over witness, certified bracket",mx_rwi,8,mx_rwi_f196_b2,0.11506100734541502,
d,"excess over witness, certified bracket",mx_rwi,8,mx_rwi_f272_b2,0.09575558447864685,
d,"excess over witness, certified bracket",mx_rwi,8,mx_rwi_f71_b1,0.07118401203677105,
d,"excess over witness, certified bracket",mx_rwi,8,mx_rwi_f271_b2,0.07678844951993113,
d,"excess over witness, certified bracket",mx_rwi,8,mx_rwi_f295_b2,0.0962011690310709,
d,"excess over witness, certified bracket",mx_rwi,8,mx_rwi_f414_b7,0.09158611618480261,
d,"excess over witness, certified bracket",mx_rwi,8,mx_rwi_f219_b2,0.08598668674855037,
d,"excess over witness, certified bracket",mx_rwi,8,mx_rwi_f195_b2,0.07409416132811675,
d,"excess over witness, certified bracket",mx_rwi,8,mx_rwi_f352_b6,0.09810827727546645,
d,"excess over witness, certified bracket",mx_rwi,8,mx_rwi_f113_b1,0.08710511176042868,
d,"excess over witness, certified bracket",mx_rwi,8,mx_rwi_f232_b2,0.08410622266768497,
d,"excess over witness, certified bracket",mx_rwi,16,mx_rwi_f196_b2,0.0572041643330814,
d,"excess over witness, certified bracket",mx_rwi,16,mx_rwi_f272_b2,0.04766413711023998,
d,"excess over witness, certified bracket",mx_rwi,16,mx_rwi_f71_b1,0.0374481250416312,
d,"excess over witness, certified bracket",mx_rwi,16,mx_rwi_f271_b2,0.03826181185637312,
d,"excess over witness, certified bracket",mx_rwi,16,mx_rwi_f295_b2,0.04790116056689442,
d,"excess over witness, certified bracket",mx_rwi,16,mx_rwi_f414_b7,0.04561516923934428,
d,"excess over witness, certified bracket",mx_rwi,16,mx_rwi_f219_b2,0.04282038371306052,
d,"excess over witness, certified bracket",mx_rwi,16,mx_rwi_f195_b2,0.041535957096178855,
d,"excess over witness, certified bracket",mx_rwi,16,mx_rwi_f352_b6,0.04885230801875151,
d,"excess over witness, certified bracket",mx_rwi,16,mx_rwi_f113_b1,0.05870368480024157,
d,"excess over witness, certified bracket",mx_rwi,16,mx_rwi_f232_b2,0.04188001793343754,
d,exact 1-D theorem,max |LP - closed form|,,,1.379840242066166e-09,89 instances
e,saving identity,1:1,0.0632183477419388,0.031135863688357763,9.75781955236954e-19,pair 102/578
e,saving identity,1:1,0.041824072580957584,0.016687536378489104,1.734723475976807e-18,pair 154/780
e,saving identity,1:1,0.059289387145925104,0.028170947250813438,1.4690939437178585e-16,pair 9/1827
e,saving identity,1:1,0.11146191833515491,0.05126971605288566,7.025630077706069e-17,pair 37/624
e,saving identity,1:1,0.0585909941397103,0.023403065992037904,1.8984380040221183e-16,pair 97/592
e,saving identity,1:1,0.12119478314550329,0.048403027636748,1.7618285302889447e-17,pair 83/673
e,saving identity,1:1,0.09072138340431021,0.039895561379051196,1.9743321560961036e-16,pair 149/431
e,saving identity,1:1,0.1359177761729315,0.061169536321150256,4.640385298237959e-17,pair 108/600
e,saving identity,1:1,0.09691932417862172,0.020016376118416935,3.621235256101585e-17,pair 29/50
e,saving identity,1:1,0.06061381643957288,0.028406146230058955,4.4316763800344994e-16,pair 55/1019
e,saving identity,1:1,0.0857843137254902,0.05042946570937256,5.9631119486702744e-18,pair 123/138
e,saving identity,1:1,0.08755469850923386,0.04432501590378496,2.4123498337802474e-18,pair 82/1417
e,saving identity,1:1,0.09398594514651384,0.042332623486115946,1.0381235801548705e-16,pair 80/1614
e,saving identity,1:1,0.13235687767080606,0.06434282937239633,3.9963692077815693e-16,pair 115/99
e,saving identity,1:1,0.06626807831924929,0.024293000439762166,3.187554387107383e-17,pair 75/557
e,saving identity,1:1,0.05564520589759041,0.024076389452165486,1.3314002678121994e-16,pair 79/1573
e,saving identity,1:1,0.08755469850923386,0.04432501590378496,2.4123498337802474e-18,pair 82/1417
e,saving identity,1:1,0.11554607199806827,0.054190431476163384,5.879628381388891e-16,pair 145/1431
e,saving identity,1:1,0.07110753895846203,0.03133155023185134,2.303929616531697e-17,pair 46/692
e,saving identity,1:1,0.0077493366586746494,0.002840104312925331,5.74152812966855e-17,pair 33/351
e,saving identity,1:1,0.09734915084263744,0.0377190713302264,1.1622647289044608e-16,pair 110/1896
e,saving identity,1:1,0.08773175033337635,0.03894009387549325,2.0491421059976034e-17,pair 149/430
e,saving identity,1:1,0.0683398539939855,0.026558670820982243,7.827939685345342e-17,pair 144/145
e,saving identity,1:1,0.03560272276656558,0.014688005196284616,8.410698353056301e-17,pair 139/965
e,saving identity,1:1,0.09121329029553632,0.04675379022716972,3.2526065174565133e-18,pair 9/1831
e,saving identity,1:1,0.07502826721065702,0.026034454625760085,1.4289784633358948e-16,pair 147/1840
e,saving identity,1:1,0.12517268008415616,0.06314593003156975,3.0140820395097023e-17,pair 107/815
e,saving identity,1:1,0.07623570712430555,0.030980833654223248,1.4945726947712679e-16,pair 138/599
e,saving identity,1:1,0.10603865368165057,0.04809519715984834,2.0621525320674294e-16,pair 74/1488
e,saving identity,1:1,0.10796614353211709,0.053117185506621534,5.388484797252957e-17,pair 40/1092
e,saving identity,4:1,0.15739261858168843,0.09483076225695972,1.3357370765021415e-16,pair 102/578
e,saving identity,4:1,0.09408304795439061,0.037719291717935186,9.606031248221569e-17,pair 154/780
e,saving identity,4:1,0.12182359652292798,0.06384853451212356,1.947227101783966e-16,pair 9/1827
e,saving identity,4:1,0.2634317134805043,0.11913046228273312,1.8214596497756474e-17,pair 37/624
e,saving identity,4:1,0.12186496557884473,0.06132669790240228,6.982261990806649e-17,pair 97/592
e,saving identity,4:1,0.25116437978073997,0.11437093380576206,7.632783294297951e-17,pair 83/673
e,saving identity,4:1,0.18296984557147156,0.08761680245486013,1.0126448291014611e-16,pair 149/431
e,saving identity,4:1,0.2611268352043036,0.1443136549736279,5.898059818321144e-17,pair 108/600
e,saving identity,4:1,0.18704382418133664,0.10350492757161497,5.204170427930421e-17,pair 29/50
e,saving identity,4:1,0.14601155648036812,0.07012644103882164,1.3097162243624894e-16,pair 55/1019
e,saving identity,4:1,0.18995098039215685,0.1151734986849715,2.862293735361732e-17,pair 123/138
e,saving identity,4:1,0.16891641326114368,0.09608512357504702,8.131516293641283e-18,pair 82/1417
e,saving identity,4:1,0.19750015468569754,0.10010213140271386,3.712308238590367e-16,pair 80/1614
e,saving identity,4:1,0.2974040373852903,0.20918299409278326,1.5092094240998222e-16,pair 115/99
e,saving identity,4:1,0.16924033064756103,0.08057188032139205,2.250803710079907e-16,pair 75/557
e,saving identity,4:1,0.15222759159997273,0.11103585640195883,2.8275992658421956e-16,pair 79/1573
e,saving identity,4:1,0.16891641326114368,0.09608512357504702,8.131516293641283e-18,pair 82/1417
e,saving identity,4:1,0.22288092238998533,0.12211325946544806,2.0729945537922845e-16,pair 145/1431
e,saving identity,4:1,0.16704282209551993,0.07554593207470894,8.348356728138384e-17,pair 46/692
e,saving identity,4:1,0.02831810477523736,0.01124009813330481,7.231628490478315e-17,pair 33/351
e,saving identity,4:1,0.3089075992791207,0.16065458956664339,2.7755575615628914e-16,pair 110/1896
e,saving identity,4:1,0.18090506301888418,0.0974016273237761,3.237427687041716e-16,pair 149/430
e,saving identity,4:1,0.134298347560373,0.0693223409472555,1.1796119636642288e-16,pair 144/145
e,saving identity,4:1,0.06696751359293604,0.0407464130710072,3.397889608569571e-16,pair 139/965
e,saving identity,4:1,0.15707915856771096,0.09233862163291506,4.132978681514743e-16,pair 9/1831
e,saving identity,4:1,0.16908908492472838,0.07370503737004032,1.0408340855860843e-17,pair 147/1840
e,saving identity,4:1,0.25073315775784577,0.1296963841553301,5.204170427930421e-17,pair 107/815
e,saving identity,4:1,0.166606729536871,0.08193522394926582,2.727852665973529e-16,pair 138/599
e,saving identity,4:1,0.18367817998848654,0.10065413036979595,1.0755285551056204e-16,pair 74/1488
e,saving identity,4:1,0.18772237698128436,0.11103100382069067,1.9168694409543718e-16,pair 40/1092
e,saving identity,16:1,0.3607094961570307,0.21863526618561324,2.636779683484747e-16,pair 102/578
e,saving identity,16:1,0.32994021364852927,0.13178999352227858,5.204170427930421e-18,pair 154/780
e,saving identity,16:1,0.31259669020431124,0.18115232427095598,2.185751579730777e-16,pair 9/1827
e,saving identity,16:1,0.6685786900159156,0.2881343889080241,7.632783294297951e-17,pair 37/624
e,saving identity,16:1,0.43513756025544,0.1851504394854404,3.8163916471489756e-16,pair 97/592
e,saving identity,16:1,0.722457598253454,0.42270860270821253,2.0816681711721685e-17,pair 83/673
e,saving identity,16:1,0.4539725555985717,0.17400035743772546,2.8796409701215e-16,pair 149/431
e,saving identity,16:1,0.454719385904199,0.3228577492386642,1.249000902703301e-16,pair 108/600
e,saving identity,16:1,0.3229936323348408,0.21992218638253178,7.806255641895632e-17,pair 29/50
e,saving identity,16:1,0.40542421704133874,0.2180819015734284,3.8510861166685117e-16,pair 55/1019
e,saving identity,16:1,0.5061274509803921,0.28351883840456465,2.723515857283587e-16,pair 123/138
e,saving identity,16:1,0.34445845385547236,0.20507602415484313,4.597017211338539e-17,pair 82/1417
e,saving identity,16:1,0.48961027192394846,0.34725495817036967,1.0408340855860843e-16,pair 80/1614
e,saving identity,16:1,0.545557313869887,0.3367048976149085,2.2898349882893854e-16,pair 115/99
e,saving identity,16:1,0.7728588217516484,0.3770486302792041,5.065392549852277e-16,pair 75/557
e,saving identity,16:1,0.4482396671044585,0.2461681199369522,1.5959455978986625e-16,pair 79/1573
e,saving identity,16:1,0.34445845385547236,0.20507602415484313,4.597017211338539e-17,pair 82/1417
e,saving identity,16:1,0.648884051763168,0.36045334334164875,7.469389724790165e-10,pair 145/1431
e,saving identity,16:1,0.503433869267453,0.2915743078710049,1.734723475976807e-18,pair 46/692
e,saving identity,16:1,0.10559357070431119,0.03593463076326132,5.655198531684391e-16,pair 33/351
e,saving identity,16:1,0.4815452535882483,0.27345260415768474,9.020562075079397e-17,pair 110/1896
e,saving identity,16:1,0.35228201488364086,0.23353911738232658,9.194034422677078e-17,pair 149/430
e,saving identity,16:1,0.45800787528380066,0.23339484360174384,2.7755575615628914e-16,pair 144/145
e,saving identity,16:1,0.28657994619970834,0.11752175018751562,1.4311468676808659e-16,pair 139/965
e,saving identity,16:1,0.5150239494204071,0.24851207536116826,2.255140518769849e-16,pair 9/1831
e,saving identity,16:1,0.5745076532039916,0.30678155297456866,1.0408340855860843e-16,pair 147/1840
e,saving identity,16:1,0.688411429460151,0.31348271813029555,4.0939474033052647e-16,pair 107/815
e,saving identity,16:1,0.3918154195713434,0.22897124857087509,1.0581813203458523e-16,pair 138/599
e,saving identity,16:1,0.3471094097613821,0.25560659497233557,3.191891195797325e-16,pair 74/1488
e,saving identity,16:1,0.33343677014986495,0.17187639824754933,7.45931094670027e-17,pair 40/1092
e,saving identity,64:1,0.5426849732773977,0.3067723794243005,0.0,pair 102/578
e,saving identity,64:1,0.9964216008074115,0.4560654041716653,4.163336342344337e-17,pair 154/780
e,saving identity,64:1,0.52755905511811,0.3480347611611278,2.0816681711721685e-16,pair 9/1827
e,saving identity,64:1,0.8965385580801466,0.5174974720983913,2.498001805406602e-16,pair 37/624
e,saving identity,64:1,0.6036328921920527,0.28022116237730854,3.191891195797325e-16,pair 97/592
e,saving identity,64:1,0.987531898814102,0.6980326286929978,6.245004513516506e-17,pair 83/673
e,saving identity,64:1,0.7601410934744267,0.3767979540092156,3.469446951953614e-17,pair 149/431
e,saving identity,64:1,0.760024579842739,0.5223212539575579,5.551115123125783e-17,pair 108/600
e,saving identity,64:1,0.9978251089907062,0.5808103598509623,3.191891195797325e-16,pair 29/50
e,saving identity,64:1,0.7773360108605155,0.43600712643260614,2.7755575615628914e-17,pair 55/1019
e,saving identity,64:1,0.8676470588235295,0.5192026429837872,9.020562075079397e-17,pair 123/138
e,saving identity,64:1,0.7357042201290519,0.4448897638932535,3.122502256758253e-17,pair 82/1417
e,saving identity,64:1,0.9039708107275014,0.5015953967000174,2.2898349882893854e-16,pair 80/1614
e,saving identity,64:1,0.8313350193813769,0.47227541949700796,2.220446049250313e-16,pair 115/99
e,saving identity,64:1,0.9746545600478113,0.5995023731325024,2.7755575615628914e-16,pair 75/557
e,saving identity,64:1,0.8482594858608772,0.3721385484382095,2.3592239273284576e-16,pair 79/1573
e,saving identity,64:1,0.7357042201290519,0.4448897638932535,3.122502256758253e-17,pair 82/1417
e,saving identity,64:1,0.9957983193277309,0.6528455985965914,4.996003610813204e-16,pair 145/1431
e,saving identity,64:1,0.8463665904462135,0.45916451478299175,9.71445146547012e-17,pair 46/692
e,saving identity,64:1,0.24371092093584626,0.0934680266065501,1.8735013540549517e-16,pair 33/351
e,saving identity,64:1,0.6899107114956988,0.3934582445414061,1.3877787807814457e-16,pair 110/1896
e,saving identity,64:1,0.6738073729943649,0.42923391347563844,4.649058915617843e-16,pair 149/430
e,saving identity,64:1,0.8373863410709812,0.4635278828283296,1.3877787807814457e-16,pair 144/145
e,saving identity,64:1,0.6674835714787785,0.33262934315700476,3.3306690738754696e-16,pair 139/965
e,saving identity,64:1,0.896341463414634,0.4864375429542332,3.0531133177191805e-16,pair 9/1831
e,saving identity,64:1,0.9532041969464902,0.5276537698987658,2.0816681711721685e-16,pair 147/1840
e,saving identity,64:1,0.905991494042538,0.542230908739243,1.3877787807814457e-16,pair 107/815
e,saving identity,64:1,0.9666643295293634,0.6176518305468909,7.494005416219807e-16,pair 138/599
e,saving identity,64:1,0.5547909930126351,0.39224059430939856,3.469446951953614e-17,pair 74/1488
e,saving identity,64:1,0.6483560820388056,0.3096119280420112,1.3877787807814457e-16,pair 40/1092
e,saving identity,1:4,0.040484898871363535,0.016481315107352745,9.595189226496714e-18,pair 102/578
e,saving identity,1:4,0.031262257299712354,0.009919824655917831,6.226030975498009e-17,pair 154/780
e,saving identity,1:4,0.04215244360096696,0.016955801788261574,3.171833455606343e-16,pair 9/1827
e,saving identity,1:4,0.09140553281755884,0.03135926481712781,1.0842021724855044e-19,pair 37/624
e,saving identity,1:4,0.05037820513720276,0.026863194220225175,7.123208273229764e-17,pair 97/592
e,saving identity,1:4,0.06539340106030171,0.023680640374513912,3.585998685495806e-17,pair 83/673
e,saving identity,1:4,0.07054673721340388,0.025232903292919398,3.2002937626340877e-16,pair 149/431
e,saving identity,1:4,0.10018964036098786,0.04091106361204264,3.870601755773251e-17,pair 108/600
e,saving identity,1:4,0.029550819681808897,0.00939054054312084,3.4531839193663316e-17,pair 29/50
e,saving identity,1:4,0.04723646100371044,0.01707335735640743,1.434941575284565e-16,pair 55/1019
e,saving identity,1:4,0.07720588235294117,0.04780964075556691,1.6263032587282567e-18,pair 123/138
e,saving identity,1:4,0.07033548418996763,0.041267863633240524,2.3771132631744685e-17,pair 82/1417
e,saving identity,1:4,0.05871692864790246,0.024154615147254054,1.2495430037895439e-16,pair 80/1614
e,saving identity,1:4,0.06937809828460807,0.027658455413726628,3.3881317890172014e-16,pair 115/99
e,saving identity,1:4,0.047521180528808445,0.018421701454012125,1.5802246663976227e-16,pair 75/557
e,saving identity,1:4,0.03236659634540838,0.011006753473749718,4.9520934228275415e-17,pair 79/1573
e,saving identity,1:4,0.07033548418996763,0.041267863633240524,2.3771132631744685e-17,pair 82/1417
e,saving identity,1:4,0.09062094927295643,0.037164840770736514,8.912141857830846e-17,pair 145/1431
e,saving identity,1:4,0.046840979544553414,0.013631193806293573,3.5548278730368477e-17,pair 46/692
e,saving identity,1:4,0.002706837626134115,0.0006589601618175636,3.8130035153599584e-17,pair 33/351
e,saving identity,1:4,0.040995259063642764,0.021155595250306913,2.7506209115957247e-16,pair 110/1896
e,saving identity,1:4,0.05344775669978922,0.016279606134750796,1.6504267570660591e-16,pair 149/430
e,saving identity,1:4,0.04491180626894922,0.014560546069446928,3.147981007811662e-16,pair 144/145
e,saving identity,1:4,0.026233585196416737,0.011868956246671855,1.0397498834135988e-16,pair 139/965
e,saving identity,1:4,0.06554663168586813,0.032455088513635495,1.2717691483254967e-16,pair 9/1831
e,saving identity,1:4,0.03269467010709137,0.010118776645138657,1.0321604682062002e-16,pair 147/1840
e,saving identity,1:4,0.07485496375434311,0.03970673812223522,1.7639969346339157e-16,pair 107/815
e,saving identity,1:4,0.04986687418087109,0.018666052331525997,3.819644253666432e-16,pair 138/599
e,saving identity,1:4,0.07175234205210683,0.027382328308029523,3.572446158339737e-17,pair 74/1488
e,saving identity,1:4,0.09855788513012473,0.04377832490356701,9.562663161322149e-17,pair 40/1092
e,saving identity,1:16,0.008648187689588797,0.0041777632001325825,5.014435047745458e-19,pair 102/578
e,saving identity,1:16,0.013360909712518809,0.002862751126435031,3.6822216283038944e-17,pair 154/780
e,saving identity,1:16,0.010660921371860152,0.0017420739004282797,2.908846666142828e-16,pair 9/1827
e,saving identity,1:16,0.021319619302709224,0.008873527786410198,6.591949208711867e-17,pair 37/624
e,saving identity,1:16,0.019997560964414907,0.017869320901320155,7.546047120499111e-17,pair 97/592
e,saving identity,1:16,0.01537807203813296,0.004649298911227222,7.20316818345057e-18,pair 83/673
e,saving identity,1:16,0.029982363315696647,0.009534622593169185,2.389988163972734e-16,pair 149/431
e,saving identity,1:16,0.048535921701145034,0.016445376737892183,1.2565903179106996e-16,pair 108/600
e,saving identity,1:16,0.013454183640736288,0.0038919143364278537,6.358845741627484e-17,pair 29/50
e,saving identity,1:16,0.0029637706826492766,0.0012988161926735372,3.0908909871667223e-16,pair 55/1019
e,saving identity,1:16,0.039215686274509796,0.027258048502726746,2.0057740190981832e-17,pair 123/138
e,saving identity,1:16,0.04531632426017949,0.030364819429489282,1.0855574252011113e-17,pair 82/1417
e,saving identity,1:16,0.024784038115101176,0.009943136285605223,1.2850506249384441e-16,pair 80/1614
e,saving identity,1:16,0.010450848939915387,0.0035348485931218235,4.871997987335175e-16,pair 115/99
e,saving identity,1:16,0.0195451826789257,0.00625348064311083,2.058899925549973e-16,pair 75/557
e,saving identity,1:16,0.007629700339735831,0.0016921797133621144,1.067769733308771e-16,pair 79/1573
e,saving identity,1:16,0.04531632426017949,0.030364819429489282,1.0855574252011113e-17,pair 82/1417
e,saving identity,1:16,0.029216395509730504,0.007674145871003363,3.1577388273640317e-17,pair 145/1431
e,saving identity,1:16,0.014096093822453607,0.003938702888028328,6.729507359345965e-17,pair 46/692
e,saving identity,1:16,0.0006132937605368534,2.138399936444263e-05,5.1341208031924906e-17,pair 33/351
e,saving identity,1:16,0.034832167200369496,0.015279411543985181,2.551127711858392e-16,pair 110/1896
e,saving identity,1:16,0.019400352733686066,0.005029080510301067,1.788865821965302e-16,pair 149/430
e,saving identity,1:16,0.0070536369371084415,0.0044013523933527235,4.843131104492748e-16,pair 144/145
e,saving identity,1:16,0.013116792598208372,0.005387573127781465,3.6578270794229706e-17,pair 139/965
e,saving identity,1:16,0.043272282888169034,0.022041987207142958,1.9016906105395748e-16,pair 9/1831
e,saving identity,1:16,0.00656486539677685,0.00266980385667701,5.3722217646656745e-17,pair 147/1840
e,saving identity,1:16,0.03648021842089262,0.01672326007003337,1.6160033380896444e-16,pair 107/815
e,saving identity,1:16,0.01724159505800643,0.0037020302296517328,3.606869577316152e-16,pair 138/599
e,saving identity,1:16,0.02139186796896007,0.006711765144598324,9.470505976660881e-17,pair 74/1488
e,saving identity,1:16,0.052282454743802484,0.02234073008982097,1.4604203263379745e-16,pair 40/1092
e,saving identity,16:16,0.1254265804307854,0.077381845843292,2.0816681711721685e-17,pair 102/578
e,saving identity,16:16,0.10771339399000605,0.05712078704711786,2.8796409701215e-16,pair 154/780
e,saving identity,16:16,0.10226376882482585,0.07290144924574078,2.8622937353617317e-16,pair 9/1827
e,saving identity,16:16,0.15834458122685555,0.06896286167595711,6.036837696399289e-16,pair 37/624
e,saving identity,16:16,0.12645242059777,0.07364074792691164,5.377642775528102e-17,pair 97/592
e,saving identity,16:16,0.2783145190344913,0.13906939128635998,2.5760643618255585e-16,pair 83/673
e,saving identity,16:16,0.17860369079881272,0.06149954046339923,1.1752751549742868e-16,pair 149/431
e,saving identity,16:16,0.2694484158612218,0.16411587194732075,1.6479873021779667e-16,pair 108/600
e,saving identity,16:16,0.21704833361715706,0.16137943088318799,1.1449174941446927e-16,pair 29/50
e,saving identity,16:16,0.13338210894462513,0.0731444256191683,1.4840559336981585e-15,pair 55/1019
e,saving identity,16:16,0.18014705882352938,0.11454813740435134,2.3158558404290375e-16,pair 123/138
e,saving identity,16:16,0.17632079903087838,0.13210342657329782,1.0104764247564901e-16,pair 82/1417
e,saving identity,16:16,0.21893761458141847,0.1276162168367325,6.071532165918825e-17,pair 80/1614
e,saving identity,16:16,0.27809952291360457,0.12285197225078327,2.671474153004283e-16,pair 115/99
e,saving identity,16:16,0.25381476426217764,0.08907825327589018,1.790234627208065e-15,pair 75/557
e,saving identity,16:16,0.1499980105476012,0.07964715072573623,1.6653345369377348e-16,pair 79/1573
e,saving identity,16:16,0.17632079903087838,0.13210342657329782,1.0104764247564901e-16,pair 82/1417
e,saving identity,16:16,0.2552144768455379,0.13671203988884217,1.1900203045200897e-15,pair 145/1431
e,saving identity,16:16,0.18750147259755007,0.0875836872470442,6.505213034913027e-17,pair 46/692
e,saving identity,16:16,0.014907033684880012,0.0053938579738098,3.1496073110703904e-16,pair 33/351
e,saving identity,16:16,0.23571112492235313,0.09273942703142929,6.331740687315346e-16,pair 110/1896
e,saving identity,16:16,0.16165526734632427,0.0927121779167316,2.749536709423239e-16,pair 149/430
e,saving identity,16:16,0.16708554364404127,0.09240256670053956,3.660266534311063e-16,pair 144/145
e,saving identity,16:16,0.09367911427552286,0.042982209748070856,2.159730727591125e-15,pair 139/965
e,saving identity,16:16,0.20408822208348246,0.12661394287507757,1.6670692604137116e-15,pair 9/1831
e,saving identity,16:16,0.19534488117986268,0.09245867559494003,1.1102230246251565e-15,pair 147/1840
e,saving identity,16:16,0.21925002638932078,0.10407108385708357,2.211772431870429e-15,pair 107/815
e,saving identity,16:16,0.15625088652269853,0.07581610682673784,7.892991815694472e-16,pair 138/599
e,saving identity,16:16,0.17473602647715775,0.09994552145418431,1.5161483180037294e-15,pair 74/1488
e,saving identity,16:16,0.1979054007754089,0.10121920113036638,1.3357370765021415e-16,pair 40/1092
