panel,series,x,y,value,unit,source,note
a,verified_lo,window 1,K=3 beta=inf,-1.5539570739905675,slope (share per share),results/exp2/B15/pricing_verify_n30.json,
a,verified_hi,window 1,K=3 beta=inf,0.26838500780627295,slope (share per share),results/exp2/B15/pricing_verify_n30.json,
a,witnessed_lo,window 1,K=3 beta=inf,-1.4802836968766768,slope (share per share),results/exp2/B15/pricing_verify_n30.json,
a,witnessed_hi,window 1,K=3 beta=inf,0.196004694932847,slope (share per share),results/exp2/B15/pricing_verify_n30.json,
a,admissible_cells,window 1,K=3 beta=inf,203947878,cells,results/exp2/B15/enum_counts_n30.json,
a,verified_lo,window 1,K=3 beta=0.5,-1.5397425461284646,slope (share per share),results/exp2/B15/pricing_verify_n30.json,
a,verified_hi,window 1,K=3 beta=0.5,0.12839305341200144,slope (share per share),results/exp2/B15/pricing_verify_n30.json,
a,witnessed_lo,window 1,K=3 beta=0.5,-1.4464811507628828,slope (share per share),results/exp2/B15/pricing_verify_n30.json,
a,witnessed_hi,window 1,K=3 beta=0.5,-0.06463262792573256,slope (share per share),results/exp2/B15/pricing_verify_n30.json,
a,admissible_cells,window 1,K=3 beta=0.5,45787020,cells,results/exp2/B15/enum_counts_n30.json,
a,verified_lo,window 1,K=5 beta=inf,-1.6251313056014673,slope (share per share),results/exp2/B15/pricing_verify_n30.json,
a,verified_hi,window 1,K=5 beta=inf,0.3301455060744712,slope (share per share),results/exp2/B15/pricing_verify_n30.json,
a,witnessed_lo,window 1,K=5 beta=inf,-1.577750951080355,slope (share per share),results/exp2/B15/pricing_verify_n30.json,
a,witnessed_hi,window 1,K=5 beta=inf,0.2515740202929778,slope (share per share),results/exp2/B15/pricing_verify_n30.json,
a,admissible_cells,window 1,K=5 beta=inf,203943400,cells,results/exp2/B15/enum_counts_n30.json,
a,verified_lo,window 1,K=5 beta=0.5,-1.6095754130567481,slope (share per share),results/exp2/B15/pricing_verify_n30.json,
a,verified_hi,window 1,K=5 beta=0.5,0.23623880514623416,slope (share per share),results/exp2/B15/pricing_verify_n30.json,
a,witnessed_lo,window 1,K=5 beta=0.5,-1.552457374695566,slope (share per share),results/exp2/B15/pricing_verify_n30.json,
a,witnessed_hi,window 1,K=5 beta=0.5,0.11203852015997798,slope (share per share),results/exp2/B15/pricing_verify_n30.json,
a,admissible_cells,window 1,K=5 beta=0.5,467469,cells,results/exp2/B15/enum_counts_n30.json,
a,verified_lo,window 1,K=8 beta=inf,-1.6458799558312915,slope (share per share),results/exp2/B15/pricing_verify_n30.json,
a,verified_hi,window 1,K=8 beta=inf,0.3258447646785139,slope (share per share),results/exp2/B15/pricing_verify_n30.json,
a,witnessed_lo,window 1,K=8 beta=inf,-1.6018403760732998,slope (share per share),results/exp2/B15/pricing_verify_n30.json,
a,witnessed_hi,window 1,K=8 beta=inf,0.26422208010886333,slope (share per share),results/exp2/B15/pricing_verify_n30.json,
a,admissible_cells,window 1,K=8 beta=inf,203242220,cells,results/exp2/B15/enum_counts_n30.json,
a,verified_lo,window 1,K=8 beta=0.5,-1.6086137606869144,slope (share per share),results/exp2/B15/pricing_verify_n30.json,
a,verified_hi,window 1,K=8 beta=0.5,0.2318715192552069,slope (share per share),results/exp2/B15/pricing_verify_n30.json,
a,witnessed_lo,window 1,K=8 beta=0.5,-1.5776938354647563,slope (share per share),results/exp2/B15/pricing_verify_n30.json,
a,witnessed_hi,window 1,K=8 beta=0.5,0.15113016052078984,slope (share per share),results/exp2/B15/pricing_verify_n30.json,
a,admissible_cells,window 1,K=8 beta=0.5,8505,cells,results/exp2/B15/enum_counts_n30.json,
a,verified_lo,window 2,K=3 beta=inf,-0.678977959669068,slope (share per share),results/exp2/B15/pricing_verify_n30.json,
a,verified_hi,window 2,K=3 beta=inf,0.09204048360123081,slope (share per share),results/exp2/B15/pricing_verify_n30.json,
a,witnessed_lo,window 2,K=3 beta=inf,-0.6264554867988468,slope (share per share),results/exp2/B15/pricing_verify_n30.json,
a,witnessed_hi,window 2,K=3 beta=inf,0.07290343637074786,slope (share per share),results/exp2/B15/pricing_verify_n30.json,
a,admissible_cells,window 2,K=3 beta=inf,219701965,cells,results/exp2/B15/enum_counts_n30.json,
a,verified_lo,window 2,K=3 beta=0.5,-0.6597006426774645,slope (share per share),results/exp2/B15/pricing_verify_n30.json,
a,verified_hi,window 2,K=3 beta=0.5,0.07564409991908781,slope (share per share),results/exp2/B15/pricing_verify_n30.json,
a,witnessed_lo,window 2,K=3 beta=0.5,-0.6264554867988468,slope (share per share),results/exp2/B15/pricing_verify_n30.json,
a,witnessed_hi,window 2,K=3 beta=0.5,0.06922319767198126,slope (share per share),results/exp2/B15/pricing_verify_n30.json,
a,admissible_cells,window 2,K=3 beta=0.5,46554237,cells,results/exp2/B15/enum_counts_n30.json,
a,verified_lo,window 2,K=5 beta=inf,-0.7236810970124341,slope (share per share),results/exp2/B15/pricing_verify_n30.json,
a,verified_hi,window 2,K=5 beta=inf,0.12784541182411469,slope (share per share),results/exp2/B15/pricing_verify_n30.json,
a,witnessed_lo,window 2,K=5 beta=inf,-0.7006718863245028,slope (share per share),results/exp2/B15/pricing_verify_n30.json,
a,witnessed_hi,window 2,K=5 beta=inf,0.09537816667127426,slope (share per share),results/exp2/B15/pricing_verify_n30.json,
a,admissible_cells,window 2,K=5 beta=inf,219697481,cells,results/exp2/B15/enum_counts_n30.json,
a,verified_lo,window 2,K=5 beta=0.5,-0.6959469929989625,slope (share per share),results/exp2/B15/pricing_verify_n30.json,
a,verified_hi,window 2,K=5 beta=0.5,0.09055151871622064,slope (share per share),results/exp2/B15/pricing_verify_n30.json,
a,witnessed_lo,window 2,K=5 beta=0.5,-0.6883964677767671,slope (share per share),results/exp2/B15/pricing_verify_n30.json,
a,witnessed_hi,window 2,K=5 beta=0.5,0.06469890586574636,slope (share per share),results/exp2/B15/pricing_verify_n30.json,
a,admissible_cells,window 2,K=5 beta=0.5,369179,cells,results/exp2/B15/enum_counts_n30.json,
a,verified_lo,window 2,K=8 beta=inf,-0.7449937987568065,slope (share per share),results/exp2/B15/pricing_verify_n30.json,
a,verified_hi,window 2,K=8 beta=inf,0.14096029404345578,slope (share per share),results/exp2/B15/pricing_verify_n30.json,
a,witnessed_lo,window 2,K=8 beta=inf,-0.7250789048593358,slope (share per share),results/exp2/B15/pricing_verify_n30.json,
a,witnessed_hi,window 2,K=8 beta=inf,0.11118894209056272,slope (share per share),results/exp2/B15/pricing_verify_n30.json,
a,admissible_cells,window 2,K=8 beta=inf,218977243,cells,results/exp2/B15/enum_counts_n30.json,
a,verified_lo,window 2,K=8 beta=0.5,-0.6659235452892199,slope (share per share),results/exp2/B15/pricing_verify_n30.json,
a,verified_hi,window 2,K=8 beta=0.5,0.0736129740887664,slope (share per share),results/exp2/B15/pricing_verify_n30.json,
a,witnessed_lo,window 2,K=8 beta=0.5,-0.6385402971151581,slope (share per share),results/exp2/B15/pricing_verify_n30.json,
a,witnessed_hi,window 2,K=8 beta=0.5,0.054529511400251,slope (share per share),results/exp2/B15/pricing_verify_n30.json,
a,admissible_cells,window 2,K=8 beta=0.5,6307,cells,results/exp2/B15/enum_counts_n30.json,
a,verified_lo,window 3,K=3 beta=inf,-0.8063179434359629,slope (share per share),results/exp2/B15/pricing_verify_n30.json,
a,verified_hi,window 3,K=3 beta=inf,0.3131109115098966,slope (share per share),results/exp2/B15/pricing_verify_n30.json,
a,witnessed_lo,window 3,K=3 beta=inf,-0.7370022197434527,slope (share per share),results/exp2/B15/pricing_verify_n30.json,
a,witnessed_hi,window 3,K=3 beta=inf,0.29759150476786,slope (share per share),results/exp2/B15/pricing_verify_n30.json,
a,admissible_cells,window 3,K=3 beta=inf,197507526,cells,results/exp2/B15/enum_counts_n30.json,
a,verified_lo,window 3,K=3 beta=0.5,-0.7324813920481419,slope (share per share),results/exp2/B15/pricing_verify_n30.json,
a,verified_hi,window 3,K=3 beta=0.5,0.18489722087065766,slope (share per share),results/exp2/B15/pricing_verify_n30.json,
a,witnessed_lo,window 3,K=3 beta=0.5,-0.7177359291100646,slope (share per share),results/exp2/B15/pricing_verify_n30.json,
a,witnessed_hi,window 3,K=3 beta=0.5,0.12347222424635976,slope (share per share),results/exp2/B15/pricing_verify_n30.json,
a,admissible_cells,window 3,K=3 beta=0.5,40194946,cells,results/exp2/B15/enum_counts_n30.json,
a,verified_lo,window 3,K=5 beta=inf,-0.8647781490729136,slope (share per share),results/exp2/B15/pricing_verify_n30.json,
a,verified_hi,window 3,K=5 beta=inf,0.35642620880715953,slope (share per share),results/exp2/B15/pricing_verify_n30.json,
a,witnessed_lo,window 3,K=5 beta=inf,-0.8340646448200599,slope (share per share),results/exp2/B15/pricing_verify_n30.json,
a,witnessed_hi,window 3,K=5 beta=inf,0.34227887458659656,slope (share per share),results/exp2/B15/pricing_verify_n30.json,
a,admissible_cells,window 3,K=5 beta=inf,197503175,cells,results/exp2/B15/enum_counts_n30.json,
a,verified_lo,window 3,K=5 beta=0.5,-0.7500914688141688,slope (share per share),results/exp2/B15/pricing_verify_n30.json,
a,verified_hi,window 3,K=5 beta=0.5,0.24013861284513174,slope (share per share),results/exp2/B15/pricing_verify_n30.json,
a,witnessed_lo,window 3,K=5 beta=0.5,-0.7205614322542174,slope (share per share),results/exp2/B15/pricing_verify_n30.json,
a,witnessed_hi,window 3,K=5 beta=0.5,0.1860424555823066,slope (share per share),results/exp2/B15/pricing_verify_n30.json,
a,admissible_cells,window 3,K=5 beta=0.5,278334,cells,results/exp2/B15/enum_counts_n30.json,
a,verified_lo,window 3,K=8 beta=inf,-0.8727117782969387,slope (share per share),results/exp2/B15/pricing_verify_n30.json,
a,verified_hi,window 3,K=8 beta=inf,0.36922465800098847,slope (share per share),results/exp2/B15/pricing_verify_n30.json,
a,witnessed_lo,window 3,K=8 beta=inf,-0.8445887548125609,slope (share per share),results/exp2/B15/pricing_verify_n30.json,
a,witnessed_hi,window 3,K=8 beta=inf,0.3641402547984677,slope (share per share),results/exp2/B15/pricing_verify_n30.json,
a,admissible_cells,window 3,K=8 beta=inf,196857491,cells,results/exp2/B15/enum_counts_n30.json,
a,verified_lo,window 3,K=8 beta=0.5,-0.7896151819206525,slope (share per share),results/exp2/B15/pricing_verify_n30.json,
a,verified_hi,window 3,K=8 beta=0.5,0.3548476758764557,slope (share per share),results/exp2/B15/pricing_verify_n30.json,
a,witnessed_lo,window 3,K=8 beta=0.5,-0.7821657424552152,slope (share per share),results/exp2/B15/pricing_verify_n30.json,
a,witnessed_hi,window 3,K=8 beta=0.5,0.35192511927145376,slope (share per share),results/exp2/B15/pricing_verify_n30.json,
a,admissible_cells,window 3,K=8 beta=0.5,5299,cells,results/exp2/B15/enum_counts_n30.json,
a,verified_lo,window 4,K=3 beta=inf,-0.62278284971496,slope (share per share),results/exp2/B15/pricing_verify_n30.json,
a,verified_hi,window 4,K=3 beta=inf,0.27872633870916,slope (share per share),results/exp2/B15/pricing_verify_n30.json,
a,witnessed_lo,window 4,K=3 beta=inf,-0.5460227296055868,slope (share per share),results/exp2/B15/pricing_verify_n30.json,
a,witnessed_hi,window 4,K=3 beta=inf,0.22811610717381497,slope (share per share),results/exp2/B15/pricing_verify_n30.json,
a,admissible_cells,window 4,K=3 beta=inf,249987499,cells,results/exp2/B15/enum_counts_n30.json,
a,verified_lo,window 4,K=3 beta=0.5,-0.5927981665192953,slope (share per share),results/exp2/B15/pricing_verify_n30.json,
a,verified_hi,window 4,K=3 beta=0.5,0.26069773960687076,slope (share per share),results/exp2/B15/pricing_verify_n30.json,
a,witnessed_lo,window 4,K=3 beta=0.5,-0.5539975889126451,slope (share per share),results/exp2/B15/pricing_verify_n30.json,
a,witnessed_hi,window 4,K=3 beta=0.5,0.22811610717381497,slope (share per share),results/exp2/B15/pricing_verify_n30.json,
a,admissible_cells,window 4,K=3 beta=0.5,69470631,cells,results/exp2/B15/enum_counts_n30.json,
a,verified_lo,window 4,K=5 beta=inf,-0.6581510575500202,slope (share per share),results/exp2/B15/pricing_verify_n30.json,
a,verified_hi,window 4,K=5 beta=inf,0.29583127440400386,slope (share per share),results/exp2/B15/pricing_verify_n30.json,
a,witnessed_lo,window 4,K=5 beta=inf,-0.602279863238171,slope (share per share),results/exp2/B15/pricing_verify_n30.json,
a,witnessed_hi,window 4,K=5 beta=inf,0.23963553475473326,slope (share per share),results/exp2/B15/pricing_verify_n30.json,
a,admissible_cells,window 4,K=5 beta=inf,249983426,cells,results/exp2/B15/enum_counts_n30.json,
a,verified_lo,window 4,K=5 beta=0.5,-0.5714727927607405,slope (share per share),results/exp2/B15/pricing_verify_n30.json,
a,verified_hi,window 4,K=5 beta=0.5,0.2678977741465867,slope (share per share),results/exp2/B15/pricing_verify_n30.json,
a,witnessed_lo,window 4,K=5 beta=0.5,-0.49962347132930807,slope (share per share),results/exp2/B15/pricing_verify_n30.json,
a,witnessed_hi,window 4,K=5 beta=0.5,0.22620392263454722,slope (share per share),results/exp2/B15/pricing_verify_n30.json,
a,admissible_cells,window 4,K=5 beta=0.5,979369,cells,results/exp2/B15/enum_counts_n30.json,
a,verified_lo,window 4,K=8 beta=inf,-0.6585265283333722,slope (share per share),results/exp2/B15/pricing_verify_n30.json,
a,verified_hi,window 4,K=8 beta=inf,0.2996169969538241,slope (share per share),results/exp2/B15/pricing_verify_n30.json,
a,witnessed_lo,window 4,K=8 beta=inf,-0.6397804962523234,slope (share per share),results/exp2/B15/pricing_verify_n30.json,
a,witnessed_hi,window 4,K=8 beta=inf,0.2701011499107707,slope (share per share),results/exp2/B15/pricing_verify_n30.json,
a,admissible_cells,window 4,K=8 beta=inf,249381468,cells,results/exp2/B15/enum_counts_n30.json,
a,verified_lo,window 4,K=8 beta=0.5,-0.4216873932549575,slope (share per share),results/exp2/B15/pricing_verify_n30.json,
a,verified_hi,window 4,K=8 beta=0.5,0.10843273657811683,slope (share per share),results/exp2/B15/pricing_verify_n30.json,
a,witnessed_lo,window 4,K=8 beta=0.5,-0.3870785142032885,slope (share per share),results/exp2/B15/pricing_verify_n30.json,
a,witnessed_hi,window 4,K=8 beta=0.5,0.10843272875070419,slope (share per share),results/exp2/B15/pricing_verify_n30.json,
a,admissible_cells,window 4,K=8 beta=0.5,16966,cells,results/exp2/B15/enum_counts_n30.json,
a,verified_lo,window 5,K=3 beta=inf,-0.4973638624951655,slope (share per share),results/exp2/B15/pricing_verify_n30.json,
a,verified_hi,window 5,K=3 beta=inf,0.3260567349331611,slope (share per share),results/exp2/B15/pricing_verify_n30.json,
a,witnessed_lo,window 5,K=3 beta=inf,-0.36391994998218075,slope (share per share),results/exp2/B15/pricing_verify_n30.json,
a,witnessed_hi,window 5,K=3 beta=inf,0.29777904357007917,slope (share per share),results/exp2/B15/pricing_verify_n30.json,
a,admissible_cells,window 5,K=3 beta=inf,106802706,cells,results/exp2/B15/enum_counts_n30.json,
a,verified_lo,window 5,K=3 beta=0.5,-0.4718613471582118,slope (share per share),results/exp2/B15/pricing_verify_n30.json,
a,verified_hi,window 5,K=3 beta=0.5,0.31164241314983065,slope (share per share),results/exp2/B15/pricing_verify_n30.json,
a,witnessed_lo,window 5,K=3 beta=0.5,-0.36391994998218075,slope (share per share),results/exp2/B15/pricing_verify_n30.json,
a,witnessed_hi,window 5,K=3 beta=0.5,0.2656020675108399,slope (share per share),results/exp2/B15/pricing_verify_n30.json,
a,admissible_cells,window 5,K=3 beta=0.5,24742660,cells,results/exp2/B15/enum_counts_n30.json,
a,verified_lo,window 5,K=5 beta=inf,-0.5208661573940622,slope (share per share),results/exp2/B15/pricing_verify_n30.json,
a,verified_hi,window 5,K=5 beta=inf,0.3946057281026764,slope (share per share),results/exp2/B15/pricing_verify_n30.json,
a,witnessed_lo,window 5,K=5 beta=inf,-0.5014592243973063,slope (share per share),results/exp2/B15/pricing_verify_n30.json,
a,witnessed_hi,window 5,K=5 beta=inf,0.39194851953387844,slope (share per share),results/exp2/B15/pricing_verify_n30.json,
a,admissible_cells,window 5,K=5 beta=inf,106798775,cells,results/exp2/B15/enum_counts_n30.json,
a,verified_lo,window 5,K=5 beta=0.5,-0.5148689717784615,slope (share per share),results/exp2/B15/pricing_verify_n30.json,
a,verified_hi,window 5,K=5 beta=0.5,0.36546484072277935,slope (share per share),results/exp2/B15/pricing_verify_n30.json,
a,witnessed_lo,window 5,K=5 beta=0.5,-0.4948049180942683,slope (share per share),results/exp2/B15/pricing_verify_n30.json,
a,witnessed_hi,window 5,K=5 beta=0.5,0.35149699153590924,slope (share per share),results/exp2/B15/pricing_verify_n30.json,
a,admissible_cells,window 5,K=5 beta=0.5,263591,cells,results/exp2/B15/enum_counts_n30.json,
a,verified_lo,window 5,K=8 beta=inf,-0.5292917671686843,slope (share per share),results/exp2/B15/pricing_verify_n30.json,
a,verified_hi,window 5,K=8 beta=inf,0.4013469296579502,slope (share per share),results/exp2/B15/pricing_verify_n30.json,
a,witnessed_lo,window 5,K=8 beta=inf,-0.5119549867975085,slope (share per share),results/exp2/B15/pricing_verify_n30.json,
a,witnessed_hi,window 5,K=8 beta=inf,0.3735631499682503,slope (share per share),results/exp2/B15/pricing_verify_n30.json,
a,admissible_cells,window 5,K=8 beta=inf,106296026,cells,results/exp2/B15/enum_counts_n30.json,
a,verified_lo,window 5,K=8 beta=0.5,-0.5017032345793789,slope (share per share),results/exp2/B15/pricing_verify_n30.json,
a,verified_hi,window 5,K=8 beta=0.5,0.3641202727532558,slope (share per share),results/exp2/B15/pricing_verify_n30.json,
a,witnessed_lo,window 5,K=8 beta=0.5,-0.4785810213026998,slope (share per share),results/exp2/B15/pricing_verify_n30.json,
a,witnessed_hi,window 5,K=8 beta=0.5,0.3502481870822608,slope (share per share),results/exp2/B15/pricing_verify_n30.json,
a,admissible_cells,window 5,K=8 beta=0.5,5224,cells,results/exp2/B15/enum_counts_n30.json,
a,verified_lo,window 6,K=3 beta=inf,-0.32795572731920053,slope (share per share),results/exp2/B15/pricing_verify_n30.json,
a,verified_hi,window 6,K=3 beta=inf,0.08926917887902765,slope (share per share),results/exp2/B15/pricing_verify_n30.json,
a,witnessed_lo,window 6,K=3 beta=inf,-0.2939329744283085,slope (share per share),results/exp2/B15/pricing_verify_n30.json,
a,witnessed_hi,window 6,K=3 beta=inf,0.08209142771231162,slope (share per share),results/exp2/B15/pricing_verify_n30.json,
a,admissible_cells,window 6,K=3 beta=inf,193413056,cells,results/exp2/B15/enum_counts_n30.json,
a,verified_lo,window 6,K=3 beta=0.5,-0.29134797034782595,slope (share per share),results/exp2/B15/pricing_verify_n30.json,
a,verified_hi,window 6,K=3 beta=0.5,0.07090634272764525,slope (share per share),results/exp2/B15/pricing_verify_n30.json,
a,witnessed_lo,window 6,K=3 beta=0.5,-0.27760289365664426,slope (share per share),results/exp2/B15/pricing_verify_n30.json,
a,witnessed_hi,window 6,K=3 beta=0.5,0.03635660696653936,slope (share per share),results/exp2/B15/pricing_verify_n30.json,
a,admissible_cells,window 6,K=3 beta=0.5,36193082,cells,results/exp2/B15/enum_counts_n30.json,
a,verified_lo,window 6,K=5 beta=inf,-0.3337579660000662,slope (share per share),results/exp2/B15/pricing_verify_n30.json,
a,verified_hi,window 6,K=5 beta=inf,0.10689832922192208,slope (share per share),results/exp2/B15/pricing_verify_n30.json,
a,witnessed_lo,window 6,K=5 beta=inf,-0.31509018196811167,slope (share per share),results/exp2/B15/pricing_verify_n30.json,
a,witnessed_hi,window 6,K=5 beta=inf,0.08719384151970105,slope (share per share),results/exp2/B15/pricing_verify_n30.json,
a,admissible_cells,window 6,K=5 beta=inf,193408574,cells,results/exp2/B15/enum_counts_n30.json,
a,verified_lo,window 6,K=5 beta=0.5,-0.294657289727057,slope (share per share),results/exp2/B15/pricing_verify_n30.json,
a,verified_hi,window 6,K=5 beta=0.5,0.09634857581098395,slope (share per share),results/exp2/B15/pricing_verify_n30.json,
a,witnessed_lo,window 6,K=5 beta=0.5,-0.2827976043765779,slope (share per share),results/exp2/B15/pricing_verify_n30.json,
a,witnessed_hi,window 6,K=5 beta=0.5,0.08525643369656732,slope (share per share),results/exp2/B15/pricing_verify_n30.json,
a,admissible_cells,window 6,K=5 beta=0.5,237918,cells,results/exp2/B15/enum_counts_n30.json,
a,verified_lo,window 6,K=8 beta=inf,-0.3349574026967084,slope (share per share),results/exp2/B15/pricing_verify_n30.json,
a,verified_hi,window 6,K=8 beta=inf,0.10967344369762491,slope (share per share),results/exp2/B15/pricing_verify_n30.json,
a,witnessed_lo,window 6,K=8 beta=inf,-0.32053449457203403,slope (share per share),results/exp2/B15/pricing_verify_n30.json,
a,witnessed_hi,window 6,K=8 beta=inf,0.10575707476790776,slope (share per share),results/exp2/B15/pricing_verify_n30.json,
a,admissible_cells,window 6,K=8 beta=inf,192692171,cells,results/exp2/B15/enum_counts_n30.json,
a,verified_lo,window 6,K=8 beta=0.5,-0.26512030641164896,slope (share per share),results/exp2/B15/pricing_verify_n30.json,
a,verified_hi,window 6,K=8 beta=0.5,0.07010233105582395,slope (share per share),results/exp2/B15/pricing_verify_n30.json,
a,witnessed_lo,window 6,K=8 beta=0.5,-0.25829262240188633,slope (share per share),results/exp2/B15/pricing_verify_n30.json,
a,witnessed_hi,window 6,K=8 beta=0.5,0.05462734206494092,slope (share per share),results/exp2/B15/pricing_verify_n30.json,
a,admissible_cells,window 6,K=8 beta=0.5,4328,cells,results/exp2/B15/enum_counts_n30.json,
a,verified_lo,window 7,K=3 beta=inf,-0.4836357259615289,slope (share per share),results/exp2/B15/pricing_verify_n30.json,
a,verified_hi,window 7,K=3 beta=inf,0.16825932987242628,slope (share per share),results/exp2/B15/pricing_verify_n30.json,
a,witnessed_lo,window 7,K=3 beta=inf,-0.45643842790137984,slope (share per share),results/exp2/B15/pricing_verify_n30.json,
a,witnessed_hi,window 7,K=3 beta=inf,0.13313461345027797,slope (share per share),results/exp2/B15/pricing_verify_n30.json,
a,admissible_cells,window 7,K=3 beta=inf,217694524,cells,results/exp2/B15/enum_counts_n30.json,
a,verified_lo,window 7,K=3 beta=0.5,-0.45914064328553134,slope (share per share),results/exp2/B15/pricing_verify_n30.json,
a,verified_hi,window 7,K=3 beta=0.5,0.13509606227545212,slope (share per share),results/exp2/B15/pricing_verify_n30.json,
a,witnessed_lo,window 7,K=3 beta=0.5,-0.4306511176078595,slope (share per share),results/exp2/B15/pricing_verify_n30.json,
a,witnessed_hi,window 7,K=3 beta=0.5,0.11096562253835422,slope (share per share),results/exp2/B15/pricing_verify_n30.json,
a,admissible_cells,window 7,K=3 beta=0.5,42212060,cells,results/exp2/B15/enum_counts_n30.json,
a,verified_lo,window 7,K=5 beta=inf,-0.5268839845037246,slope (share per share),results/exp2/B15/pricing_verify_n30.json,
a,verified_hi,window 7,K=5 beta=inf,0.2038138272371427,slope (share per share),results/exp2/B15/pricing_verify_n30.json,
a,witnessed_lo,window 7,K=5 beta=inf,-0.5072283743808647,slope (share per share),results/exp2/B15/pricing_verify_n30.json,
a,witnessed_hi,window 7,K=5 beta=inf,0.1809366271686889,slope (share per share),results/exp2/B15/pricing_verify_n30.json,
a,admissible_cells,window 7,K=5 beta=inf,217690048,cells,results/exp2/B15/enum_counts_n30.json,
a,verified_lo,window 7,K=5 beta=0.5,-0.4718608802474695,slope (share per share),results/exp2/B15/pricing_verify_n30.json,
a,verified_hi,window 7,K=5 beta=0.5,0.16068603074203516,slope (share per share),results/exp2/B15/pricing_verify_n30.json,
a,witnessed_lo,window 7,K=5 beta=0.5,-0.4511809857157936,slope (share per share),results/exp2/B15/pricing_verify_n30.json,
a,witnessed_hi,window 7,K=5 beta=0.5,0.1469346932610104,slope (share per share),results/exp2/B15/pricing_verify_n30.json,
a,admissible_cells,window 7,K=5 beta=0.5,248039,cells,results/exp2/B15/enum_counts_n30.json,
a,verified_lo,window 7,K=8 beta=inf,-0.5414665410862137,slope (share per share),results/exp2/B15/pricing_verify_n30.json,
a,verified_hi,window 7,K=8 beta=inf,0.20993892908870757,slope (share per share),results/exp2/B15/pricing_verify_n30.json,
a,witnessed_lo,window 7,K=8 beta=inf,-0.5373873007725648,slope (share per share),results/exp2/B15/pricing_verify_n30.json,
a,witnessed_hi,window 7,K=8 beta=inf,0.19699635530968712,slope (share per share),results/exp2/B15/pricing_verify_n30.json,
a,admissible_cells,window 7,K=8 beta=inf,216984419,cells,results/exp2/B15/enum_counts_n30.json,
a,verified_lo,window 7,K=8 beta=0.5,-0.45719899967968214,slope (share per share),results/exp2/B15/pricing_verify_n30.json,
a,verified_hi,window 7,K=8 beta=0.5,0.11490984575521318,slope (share per share),results/exp2/B15/pricing_verify_n30.json,
a,witnessed_lo,window 7,K=8 beta=0.5,-0.4296256082890889,slope (share per share),results/exp2/B15/pricing_verify_n30.json,
a,witnessed_hi,window 7,K=8 beta=0.5,0.10917712452229007,slope (share per share),results/exp2/B15/pricing_verify_n30.json,
a,admissible_cells,window 7,K=8 beta=0.5,4413,cells,results/exp2/B15/enum_counts_n30.json,
a,verified_lo,window 8,K=3 beta=inf,-0.6068045864243997,slope (share per share),results/exp2/B15/pricing_verify_n30.json,
a,verified_hi,window 8,K=3 beta=inf,0.4567463460558841,slope (share per share),results/exp2/B15/pricing_verify_n30.json,
a,witnessed_lo,window 8,K=3 beta=inf,-0.539191735045347,slope (share per share),results/exp2/B15/pricing_verify_n30.json,
a,witnessed_hi,window 8,K=3 beta=inf,0.3716685574849253,slope (share per share),results/exp2/B15/pricing_verify_n30.json,
a,admissible_cells,window 8,K=3 beta=inf,205405039,cells,results/exp2/B15/enum_counts_n30.json,
a,verified_lo,window 8,K=3 beta=0.5,-0.5797160085562826,slope (share per share),results/exp2/B15/pricing_verify_n30.json,
a,verified_hi,window 8,K=3 beta=0.5,0.44668189800803476,slope (share per share),results/exp2/B15/pricing_verify_n30.json,
a,witnessed_lo,window 8,K=3 beta=0.5,-0.5373314254245535,slope (share per share),results/exp2/B15/pricing_verify_n30.json,
a,witnessed_hi,window 8,K=3 beta=0.5,0.35896231421168023,slope (share per share),results/exp2/B15/pricing_verify_n30.json,
a,admissible_cells,window 8,K=3 beta=0.5,39584314,cells,results/exp2/B15/enum_counts_n30.json,
a,verified_lo,window 8,K=5 beta=inf,-0.6848886258985752,slope (share per share),results/exp2/B15/pricing_verify_n30.json,
a,verified_hi,window 8,K=5 beta=inf,0.5024878825495401,slope (share per share),results/exp2/B15/pricing_verify_n30.json,
a,witnessed_lo,window 8,K=5 beta=inf,-0.6229095207096389,slope (share per share),results/exp2/B15/pricing_verify_n30.json,
a,witnessed_hi,window 8,K=5 beta=inf,0.43256842065263346,slope (share per share),results/exp2/B15/pricing_verify_n30.json,
a,admissible_cells,window 8,K=5 beta=inf,205400555,cells,results/exp2/B15/enum_counts_n30.json,
a,verified_lo,window 8,K=5 beta=0.5,-0.621017061980295,slope (share per share),results/exp2/B15/pricing_verify_n30.json,
a,verified_hi,window 8,K=5 beta=0.5,0.4624526180330102,slope (share per share),results/exp2/B15/pricing_verify_n30.json,
a,witnessed_lo,window 8,K=5 beta=0.5,-0.5622615688244337,slope (share per share),results/exp2/B15/pricing_verify_n30.json,
a,witnessed_hi,window 8,K=5 beta=0.5,0.3847523885259794,slope (share per share),results/exp2/B15/pricing_verify_n30.json,
a,admissible_cells,window 8,K=5 beta=0.5,267575,cells,results/exp2/B15/enum_counts_n30.json,
a,verified_lo,window 8,K=8 beta=inf,-0.7192880167112474,slope (share per share),results/exp2/B15/pricing_verify_n30.json,
a,verified_hi,window 8,K=8 beta=inf,0.5171498690925731,slope (share per share),results/exp2/B15/pricing_verify_n30.json,
a,witnessed_lo,window 8,K=8 beta=inf,-0.6976011741663115,slope (share per share),results/exp2/B15/pricing_verify_n30.json,
a,witnessed_hi,window 8,K=8 beta=inf,0.4786758327966944,slope (share per share),results/exp2/B15/pricing_verify_n30.json,
a,admissible_cells,window 8,K=8 beta=inf,204678297,cells,results/exp2/B15/enum_counts_n30.json,
a,verified_lo,window 8,K=8 beta=0.5,-0.6192942799264863,slope (share per share),results/exp2/B15/pricing_verify_n30.json,
a,verified_hi,window 8,K=8 beta=0.5,0.4411744589734164,slope (share per share),results/exp2/B15/pricing_verify_n30.json,
a,witnessed_lo,window 8,K=8 beta=0.5,-0.5753535601576636,slope (share per share),results/exp2/B15/pricing_verify_n30.json,
a,witnessed_hi,window 8,K=8 beta=0.5,0.4033405602173981,slope (share per share),results/exp2/B15/pricing_verify_n30.json,
a,admissible_cells,window 8,K=8 beta=0.5,5377,cells,results/exp2/B15/enum_counts_n30.json,
b,width_ratio,window 1,K=3 beta=inf,1.0871292139830748,verified / witnessed width,results/exp2/B15/pricing_verify_n30.json,
b,max_reduced_cost_exact,window 1 lower,K=3 beta=inf,7.632783294297951e-17,slope LP units,results/exp2/B15/pricing_verify_n30.json,
b,checker_eps,window 1 lower,K=3 beta=inf,1.1382050286321414e-12,slope LP units,results/exp2/checker/check_b15.json,
b,charged_eps,window 1 lower,K=3 beta=inf,6.02955069026784e-10,slope LP units,results/exp2/B15/pricing_verify_n30.json,
b,max_reduced_cost_exact,window 1 upper,K=3 beta=inf,2.42861286636753e-17,slope LP units,results/exp2/B15/pricing_verify_n30.json,
b,checker_eps,window 1 upper,K=3 beta=inf,7.854670934603135e-13,slope LP units,results/exp2/checker/check_b15.json,
b,charged_eps,window 1 upper,K=3 beta=inf,4.0307202838216995e-10,slope LP units,results/exp2/B15/pricing_verify_n30.json,
b,width_ratio,window 1,K=3 beta=0.5,1.207176888039453,verified / witnessed width,results/exp2/B15/pricing_verify_n30.json,
b,max_reduced_cost_exact,window 1 lower,K=3 beta=0.5,6.245004513516506e-17,slope LP units,results/exp2/B15/pricing_verify_n30.json,
b,checker_eps,window 1 lower,K=3 beta=0.5,1.0954779251713254e-12,slope LP units,results/exp2/checker/check_b15.json,
b,charged_eps,window 1 lower,K=3 beta=0.5,5.787353058199463e-10,slope LP units,results/exp2/B15/pricing_verify_n30.json,
b,max_reduced_cost_exact,window 1 upper,K=3 beta=0.5,3.469446951953614e-17,slope LP units,results/exp2/B15/pricing_verify_n30.json,
b,checker_eps,window 1 upper,K=3 beta=0.5,1.1437619499988126e-12,slope LP units,results/exp2/checker/check_b15.json,
b,charged_eps,window 1 upper,K=3 beta=0.5,6.052483395432109e-10,slope LP units,results/exp2/B15/pricing_verify_n30.json,
b,width_ratio,window 1,K=5 beta=inf,1.0688515393785116,verified / witnessed width,results/exp2/B15/pricing_verify_n30.json,
b,max_reduced_cost_exact,window 1 lower,K=5 beta=inf,3.729655473350135e-17,slope LP units,results/exp2/B15/pricing_verify_n30.json,
b,checker_eps,window 1 lower,K=5 beta=inf,1.195840076472456e-12,slope LP units,results/exp2/checker/check_b15.json,
b,charged_eps,window 1 lower,K=5 beta=inf,6.359933007979892e-10,slope LP units,results/exp2/B15/pricing_verify_n30.json,
b,max_reduced_cost_exact,window 1 upper,K=5 beta=inf,1.0625181290357943e-17,slope LP units,results/exp2/B15/pricing_verify_n30.json,
b,checker_eps,window 1 upper,K=5 beta=inf,7.847377384357213e-13,slope LP units,results/exp2/checker/check_b15.json,
b,charged_eps,window 1 upper,K=5 beta=inf,4.0276385745819407e-10,slope LP units,results/exp2/B15/pricing_verify_n30.json,
b,width_ratio,window 1,K=5 beta=0.5,1.1089328750571499,verified / witnessed width,results/exp2/B15/pricing_verify_n30.json,
b,max_reduced_cost_exact,window 1 lower,K=5 beta=0.5,6.245004513516506e-17,slope LP units,results/exp2/B15/pricing_verify_n30.json,
b,checker_eps,window 1 lower,K=5 beta=0.5,5.3128750349677156e-17,slope LP units,results/exp2/checker/check_b15.json,
b,charged_eps,window 1 lower,K=5 beta=0.5,6.252586034265773e-10,slope LP units,results/exp2/B15/pricing_verify_n30.json,
b,max_reduced_cost_exact,window 1 upper,K=5 beta=0.5,1.9949319973733282e-17,slope LP units,results/exp2/B15/pricing_verify_n30.json,
b,checker_eps,window 1 upper,K=5 beta=0.5,3.388491563614329e-17,slope LP units,results/exp2/checker/check_b15.json,
b,charged_eps,window 1 upper,K=5 beta=0.5,5.00521263149115e-10,slope LP units,results/exp2/B15/pricing_verify_n30.json,
b,width_ratio,window 1,K=8 beta=inf,1.0566231124674252,verified / witnessed width,results/exp2/B15/pricing_verify_n30.json,
b,max_reduced_cost_exact,window 1 lower,K=8 beta=inf,3.642919299551295e-17,slope LP units,results/exp2/B15/pricing_verify_n30.json,
b,checker_eps,window 1 lower,K=8 beta=inf,1.1620430131649404e-12,slope LP units,results/exp2/checker/check_b15.json,
b,charged_eps,window 1 lower,K=8 beta=inf,6.163992108566493e-10,slope LP units,results/exp2/B15/pricing_verify_n30.json,
b,max_reduced_cost_exact,window 1 upper,K=8 beta=inf,5.204170427930421e-18,slope LP units,results/exp2/B15/pricing_verify_n30.json,
b,checker_eps,window 1 upper,K=8 beta=inf,8.23917404031516e-13,slope LP units,results/exp2/checker/check_b15.json,
b,charged_eps,window 1 upper,K=8 beta=inf,4.2456640736113146e-10,slope LP units,results/exp2/B15/pricing_verify_n30.json,
b,width_ratio,window 1,K=8 beta=0.5,1.064587999828705,verified / witnessed width,results/exp2/B15/pricing_verify_n30.json,
b,max_reduced_cost_exact,window 1 lower,K=8 beta=0.5,4.208059681959364e-18,slope LP units,results/exp2/B15/pricing_verify_n30.json,
b,checker_eps,window 1 lower,K=8 beta=0.5,1.432402533095641e-17,slope LP units,results/exp2/checker/check_b15.json,
b,charged_eps,window 1 lower,K=8 beta=0.5,6.528547710815378e-10,slope LP units,results/exp2/B15/pricing_verify_n30.json,
b,max_reduced_cost_exact,window 1 upper,K=8 beta=0.5,6.071532165918825e-18,slope LP units,results/exp2/B15/pricing_verify_n30.json,
b,checker_eps,window 1 upper,K=8 beta=0.5,6.7366122794578125e-18,slope LP units,results/exp2/checker/check_b15.json,
b,charged_eps,window 1 upper,K=8 beta=0.5,3.9369529232267844e-10,slope LP units,results/exp2/B15/pricing_verify_n30.json,
b,width_ratio,window 2,K=3 beta=inf,1.102464582529287,verified / witnessed width,results/exp2/B15/pricing_verify_n30.json,
b,max_reduced_cost_exact,window 2 lower,K=3 beta=inf,3.469446951953614e-17,slope LP units,results/exp2/B15/pricing_verify_n30.json,
b,checker_eps,window 2 lower,K=3 beta=inf,1.246386269678673e-12,slope LP units,results/exp2/checker/check_b15.json,
b,charged_eps,window 2 lower,K=3 beta=inf,6.661441878590722e-10,slope LP units,results/exp2/B15/pricing_verify_n30.json,
b,max_reduced_cost_exact,window 2 upper,K=3 beta=inf,7.45931094670027e-17,slope LP units,results/exp2/B15/pricing_verify_n30.json,
b,checker_eps,window 2 upper,K=3 beta=inf,1.028366016339545e-12,slope LP units,results/exp2/checker/check_b15.json,
b,charged_eps,window 2 upper,K=3 beta=inf,5.399076611452126e-10,slope LP units,results/exp2/B15/pricing_verify_n30.json,
b,width_ratio,window 2,K=3 beta=0.5,1.0570177856691074,verified / witnessed width,results/exp2/B15/pricing_verify_n30.json,
b,max_reduced_cost_exact,window 2 lower,K=3 beta=0.5,3.469446951953614e-17,slope LP units,results/exp2/B15/pricing_verify_n30.json,
b,checker_eps,window 2 lower,K=3 beta=0.5,1.3179365415086852e-12,slope LP units,results/exp2/checker/check_b15.json,
b,charged_eps,window 2 lower,K=3 beta=0.5,7.076121149282877e-10,slope LP units,results/exp2/B15/pricing_verify_n30.json,
b,max_reduced_cost_exact,window 2 upper,K=3 beta=0.5,1.9081958235744878e-17,slope LP units,results/exp2/B15/pricing_verify_n30.json,
b,checker_eps,window 2 upper,K=3 beta=0.5,1.0188574624511411e-12,slope LP units,results/exp2/checker/check_b15.json,
b,charged_eps,window 2 upper,K=3 beta=0.5,5.346526429466936e-10,slope LP units,results/exp2/B15/pricing_verify_n30.json,
b,width_ratio,window 2,K=5 beta=inf,1.0696896578701263,verified / witnessed width,results/exp2/B15/pricing_verify_n30.json,
b,max_reduced_cost_exact,window 2 lower,K=5 beta=inf,5.204170427930421e-17,slope LP units,results/exp2/B15/pricing_verify_n30.json,
b,checker_eps,window 2 lower,K=5 beta=inf,1.4283938526787391e-12,slope LP units,results/exp2/checker/check_b15.json,
b,charged_eps,window 2 lower,K=5 beta=inf,7.721912190875084e-10,slope LP units,results/exp2/B15/pricing_verify_n30.json,
b,max_reduced_cost_exact,window 2 upper,K=5 beta=inf,2.862293735361732e-17,slope LP units,results/exp2/B15/pricing_verify_n30.json,
b,checker_eps,window 2 upper,K=5 beta=inf,9.93186145269947e-13,slope LP units,results/exp2/checker/check_b15.json,
b,charged_eps,window 2 upper,K=5 beta=inf,5.197612135248209e-10,slope LP units,results/exp2/B15/pricing_verify_n30.json,
b,width_ratio,window 2,K=5 beta=0.5,1.0443544592647116,verified / witnessed width,results/exp2/B15/pricing_verify_n30.json,
b,max_reduced_cost_exact,window 2 lower,K=5 beta=0.5,1.734723475976807e-17,slope LP units,results/exp2/B15/pricing_verify_n30.json,
b,checker_eps,window 2 lower,K=5 beta=0.5,2.4213601889193147e-17,slope LP units,results/exp2/checker/check_b15.json,
b,charged_eps,window 2 lower,K=5 beta=0.5,7.265728609296728e-10,slope LP units,results/exp2/B15/pricing_verify_n30.json,
b,max_reduced_cost_exact,window 2 upper,K=5 beta=0.5,3.382710778154774e-17,slope LP units,results/exp2/B15/pricing_verify_n30.json,
b,checker_eps,window 2 upper,K=5 beta=0.5,2.14982896803084e-17,slope LP units,results/exp2/checker/check_b15.json,
b,charged_eps,window 2 upper,K=5 beta=0.5,5.595179686295154e-10,slope LP units,results/exp2/B15/pricing_verify_n30.json,
b,width_ratio,window 2,K=8 beta=inf,1.0594142726299753,verified / witnessed width,results/exp2/B15/pricing_verify_n30.json,
b,max_reduced_cost_exact,window 2 lower,K=8 beta=inf,4.5102810375396984e-17,slope LP units,results/exp2/B15/pricing_verify_n30.json,
b,checker_eps,window 2 lower,K=8 beta=inf,1.448794434880621e-12,slope LP units,results/exp2/checker/check_b15.json,
b,charged_eps,window 2 lower,K=8 beta=inf,7.840412876896112e-10,slope LP units,results/exp2/B15/pricing_verify_n30.json,
b,max_reduced_cost_exact,window 2 upper,K=8 beta=inf,1.8201043970600406e-17,slope LP units,results/exp2/B15/pricing_verify_n30.json,
b,checker_eps,window 2 upper,K=8 beta=inf,9.650015721324515e-13,slope LP units,results/exp2/checker/check_b15.json,
b,charged_eps,window 2 upper,K=8 beta=inf,5.033660719335709e-10,slope LP units,results/exp2/B15/pricing_verify_n30.json,
b,width_ratio,window 2,K=8 beta=0.5,1.0670447771518303,verified / witnessed width,results/exp2/B15/pricing_verify_n30.json,
b,max_reduced_cost_exact,window 2 lower,K=8 beta=0.5,6.938893903907228e-18,slope LP units,results/exp2/B15/pricing_verify_n30.json,
b,checker_eps,window 2 lower,K=8 beta=0.5,1.3736581413122795e-17,slope LP units,results/exp2/checker/check_b15.json,
b,charged_eps,window 2 lower,K=8 beta=0.5,7.646775266649272e-10,slope LP units,results/exp2/B15/pricing_verify_n30.json,
b,max_reduced_cost_exact,window 2 upper,K=8 beta=0.5,1.3877787807814457e-17,slope LP units,results/exp2/B15/pricing_verify_n30.json,
b,checker_eps,window 2 upper,K=8 beta=0.5,1.0278522472572572e-17,slope LP units,results/exp2/checker/check_b15.json,
b,charged_eps,window 2 upper,K=8 beta=0.5,5.411865100547355e-10,slope LP units,results/exp2/B15/pricing_verify_n30.json,
b,width_ratio,window 3,K=3 beta=inf,1.081998497018352,verified / witnessed width,results/exp2/B15/pricing_verify_n30.json,
b,max_reduced_cost_exact,window 3 lower,K=3 beta=inf,6.245004513516506e-17,slope LP units,results/exp2/B15/pricing_verify_n30.json,
b,checker_eps,window 3 lower,K=3 beta=inf,1.4768722961039055e-12,slope LP units,results/exp2/checker/check_b15.json,
b,charged_eps,window 3 lower,K=3 beta=inf,7.768485835409219e-10,slope LP units,results/exp2/B15/pricing_verify_n30.json,
b,max_reduced_cost_exact,window 3 upper,K=3 beta=inf,1.0408340855860843e-17,slope LP units,results/exp2/B15/pricing_verify_n30.json,
b,checker_eps,window 3 upper,K=3 beta=inf,9.913983216980128e-13,slope LP units,results/exp2/checker/check_b15.json,
b,charged_eps,window 3 upper,K=3 beta=inf,5.277164668725084e-10,slope LP units,results/exp2/B15/pricing_verify_n30.json,
b,width_ratio,window 3,K=3 beta=0.5,1.0905488840763784,verified / witnessed width,results/exp2/B15/pricing_verify_n30.json,
b,max_reduced_cost_exact,window 3 lower,K=3 beta=0.5,2.42861286636753e-17,slope LP units,results/exp2/B15/pricing_verify_n30.json,
b,checker_eps,window 3 lower,K=3 beta=0.5,1.527428693215551e-12,slope LP units,results/exp2/checker/check_b15.json,
b,charged_eps,window 3 lower,K=3 beta=0.5,8.029887282353918e-10,slope LP units,results/exp2/B15/pricing_verify_n30.json,
b,max_reduced_cost_exact,window 3 upper,K=3 beta=0.5,3.469446951953614e-17,slope LP units,results/exp2/B15/pricing_verify_n30.json,
b,checker_eps,window 3 upper,K=3 beta=0.5,1.4497556089996772e-12,slope LP units,results/exp2/checker/check_b15.json,
b,charged_eps,window 3 upper,K=3 beta=0.5,7.617233084926336e-10,slope LP units,results/exp2/B15/pricing_verify_n30.json,
b,width_ratio,window 3,K=5 beta=inf,1.0381358316965474,verified / witnessed width,results/exp2/B15/pricing_verify_n30.json,
b,max_reduced_cost_exact,window 3 lower,K=5 beta=inf,2.862293735361732e-17,slope LP units,results/exp2/B15/pricing_verify_n30.json,
b,checker_eps,window 3 lower,K=5 beta=inf,1.8276246091667445e-12,slope LP units,results/exp2/checker/check_b15.json,
b,charged_eps,window 3 lower,K=5 beta=inf,9.57061078362449e-10,slope LP units,results/exp2/B15/pricing_verify_n30.json,
b,max_reduced_cost_exact,window 3 upper,K=5 beta=inf,2.2551405187698492e-17,slope LP units,results/exp2/B15/pricing_verify_n30.json,
b,checker_eps,window 3 upper,K=5 beta=inf,9.473196939207161e-13,slope LP units,results/exp2/checker/check_b15.json,
b,charged_eps,window 3 upper,K=5 beta=inf,5.058051871924382e-10,slope LP units,results/exp2/B15/pricing_verify_n30.json,
b,width_ratio,window 3,K=5 beta=0.5,1.092241159501685,verified / witnessed width,results/exp2/B15/pricing_verify_n30.json,
b,max_reduced_cost_exact,window 3 lower,K=5 beta=0.5,5.854691731421724e-18,slope LP units,results/exp2/B15/pricing_verify_n30.json,
b,checker_eps,window 3 lower,K=5 beta=0.5,3.8679464743316846e-18,slope LP units,results/exp2/checker/check_b15.json,
b,charged_eps,window 3 lower,K=5 beta=0.5,8.23907653155241e-10,slope LP units,results/exp2/B15/pricing_verify_n30.json,
b,max_reduced_cost_exact,window 3 upper,K=5 beta=0.5,2.168404344971009e-17,slope LP units,results/exp2/B15/pricing_verify_n30.json,
b,checker_eps,window 3 upper,K=5 beta=0.5,1.1239014922333634e-17,slope LP units,results/exp2/checker/check_b15.json,
b,charged_eps,window 3 upper,K=5 beta=0.5,7.112024919677312e-10,slope LP units,results/exp2/B15/pricing_verify_n30.json,
b,width_ratio,window 3,K=8 beta=inf,1.027473012083647,verified / witnessed width,results/exp2/B15/pricing_verify_n30.json,
b,max_reduced_cost_exact,window 3 lower,K=8 beta=inf,1.3877787807814457e-17,slope LP units,results/exp2/B15/pricing_verify_n30.json,
b,checker_eps,window 3 lower,K=8 beta=inf,1.850279828070023e-12,slope LP units,results/exp2/checker/check_b15.json,
b,charged_eps,window 3 lower,K=8 beta=inf,9.685762457327924e-10,slope LP units,results/exp2/B15/pricing_verify_n30.json,
b,max_reduced_cost_exact,window 3 upper,K=8 beta=inf,1.9081958235744878e-17,slope LP units,results/exp2/B15/pricing_verify_n30.json,
b,checker_eps,window 3 upper,K=8 beta=inf,9.447654588431028e-13,slope LP units,results/exp2/checker/check_b15.json,
b,charged_eps,window 3 upper,K=8 beta=inf,5.044909497435484e-10,slope LP units,results/exp2/B15/pricing_verify_n30.json,
b,width_ratio,window 3,K=8 beta=0.5,1.0091456482196213,verified / witnessed width,results/exp2/B15/pricing_verify_n30.json,
b,max_reduced_cost_exact,window 3 lower,K=8 beta=0.5,8.239936510889834e-18,slope LP units,results/exp2/B15/pricing_verify_n30.json,
b,checker_eps,window 3 lower,K=8 beta=0.5,1.2994927513747017e-17,slope LP units,results/exp2/checker/check_b15.json,
b,charged_eps,window 3 lower,K=8 beta=0.5,9.059407487191625e-10,slope LP units,results/exp2/B15/pricing_verify_n30.json,
b,max_reduced_cost_exact,window 3 upper,K=8 beta=0.5,3.0357660829594124e-18,slope LP units,results/exp2/B15/pricing_verify_n30.json,
b,checker_eps,window 3 upper,K=8 beta=0.5,9.623902743490725e-18,slope LP units,results/exp2/checker/check_b15.json,
b,charged_eps,window 3 upper,K=8 beta=0.5,5.228203068637944e-10,slope LP units,results/exp2/B15/pricing_verify_n30.json,
b,width_ratio,window 4,K=3 beta=inf,1.1645316648556332,verified / witnessed width,results/exp2/B15/pricing_verify_n30.json,
b,max_reduced_cost_exact,window 4 lower,K=3 beta=inf,1.0061396160665481e-16,slope LP units,results/exp2/B15/pricing_verify_n30.json,
b,checker_eps,window 4 lower,K=3 beta=inf,1.2033898333484163e-12,slope LP units,results/exp2/checker/check_b15.json,
b,charged_eps,window 4 lower,K=3 beta=inf,6.175063740838438e-10,slope LP units,results/exp2/B15/pricing_verify_n30.json,
b,max_reduced_cost_exact,window 4 upper,K=3 beta=inf,5.377642775528102e-17,slope LP units,results/exp2/B15/pricing_verify_n30.json,
b,checker_eps,window 4 upper,K=3 beta=inf,9.88184101482608e-13,slope LP units,results/exp2/checker/check_b15.json,
b,charged_eps,window 4 upper,K=3 beta=inf,5.042060229131817e-10,slope LP units,results/exp2/B15/pricing_verify_n30.json,
b,width_ratio,window 4,K=3 beta=0.5,1.0912683288847749,verified / witnessed width,results/exp2/B15/pricing_verify_n30.json,
b,max_reduced_cost_exact,window 4 lower,K=3 beta=0.5,5.551115123125783e-17,slope LP units,results/exp2/B15/pricing_verify_n30.json,
b,checker_eps,window 4 lower,K=3 beta=0.5,1.2235537520560732e-12,slope LP units,results/exp2/checker/check_b15.json,
b,charged_eps,window 4 lower,K=3 beta=0.5,6.282378616613357e-10,slope LP units,results/exp2/B15/pricing_verify_n30.json,
b,max_reduced_cost_exact,window 4 upper,K=3 beta=0.5,2.7755575615628914e-17,slope LP units,results/exp2/B15/pricing_verify_n30.json,
b,checker_eps,window 4 upper,K=3 beta=0.5,9.639113776083905e-13,slope LP units,results/exp2/checker/check_b15.json,
b,charged_eps,window 4 upper,K=3 beta=0.5,4.912650209962303e-10,slope LP units,results/exp2/B15/pricing_verify_n30.json,
b,width_ratio,window 4,K=5 beta=inf,1.1331094955957375,verified / witnessed width,results/exp2/B15/pricing_verify_n30.json,
b,max_reduced_cost_exact,window 4 lower,K=5 beta=inf,3.122502256758253e-17,slope LP units,results/exp2/B15/pricing_verify_n30.json,
b,checker_eps,window 4 lower,K=5 beta=inf,1.296380125559203e-12,slope LP units,results/exp2/checker/check_b15.json,
b,charged_eps,window 4 lower,K=5 beta=inf,6.682217040991289e-10,slope LP units,results/exp2/B15/pricing_verify_n30.json,
b,max_reduced_cost_exact,window 4 upper,K=5 beta=inf,9.540979117872439e-18,slope LP units,results/exp2/B15/pricing_verify_n30.json,
b,checker_eps,window 4 upper,K=5 beta=inf,9.516388869325369e-13,slope LP units,results/exp2/checker/check_b15.json,
b,charged_eps,window 4 upper,K=5 beta=inf,4.845866477400516e-10,slope LP units,results/exp2/B15/pricing_verify_n30.json,
b,width_ratio,window 4,K=5 beta=0.5,1.1564327468041613,verified / witnessed width,results/exp2/B15/pricing_verify_n30.json,
b,max_reduced_cost_exact,window 4 lower,K=5 beta=0.5,4.119968255444917e-17,slope LP units,results/exp2/B15/pricing_verify_n30.json,
b,checker_eps,window 4 lower,K=5 beta=0.5,2.4052593235893942e-17,slope LP units,results/exp2/checker/check_b15.json,
b,charged_eps,window 4 lower,K=5 beta=0.5,7.076071236019748e-10,slope LP units,results/exp2/B15/pricing_verify_n30.json,
b,max_reduced_cost_exact,window 4 upper,K=5 beta=0.5,5.0306980803327406e-17,slope LP units,results/exp2/B15/pricing_verify_n30.json,
b,checker_eps,window 4 upper,K=5 beta=0.5,4.491200213674237e-17,slope LP units,results/exp2/checker/check_b15.json,
b,charged_eps,window 4 upper,K=5 beta=0.5,4.996803747386533e-10,slope LP units,results/exp2/B15/pricing_verify_n30.json,
b,width_ratio,window 4,K=8 beta=inf,1.053041930593522,verified / witnessed width,results/exp2/B15/pricing_verify_n30.json,
b,max_reduced_cost_exact,window 4 lower,K=8 beta=inf,1.1492543028346347e-17,slope LP units,results/exp2/B15/pricing_verify_n30.json,
b,checker_eps,window 4 lower,K=8 beta=inf,1.3541496493544486e-12,slope LP units,results/exp2/checker/check_b15.json,
b,charged_eps,window 4 lower,K=8 beta=inf,6.989700101613811e-10,slope LP units,results/exp2/B15/pricing_verify_n30.json,
b,max_reduced_cost_exact,window 4 upper,K=8 beta=inf,2.94665821690826e-17,slope LP units,results/exp2/B15/pricing_verify_n30.json,
b,checker_eps,window 4 upper,K=8 beta=inf,9.492082523226042e-13,slope LP units,results/exp2/checker/check_b15.json,
b,charged_eps,window 4 upper,K=8 beta=inf,4.832026900259737e-10,slope LP units,results/exp2/B15/pricing_verify_n30.json,
b,width_ratio,window 4,K=8 beta=0.5,1.0698448064927055,verified / witnessed width,results/exp2/B15/pricing_verify_n30.json,
b,max_reduced_cost_exact,window 4 lower,K=8 beta=0.5,1.3877787807814457e-17,slope LP units,results/exp2/B15/pricing_verify_n30.json,
b,checker_eps,window 4 lower,K=8 beta=0.5,2.2971019332615072e-17,slope LP units,results/exp2/checker/check_b15.json,
b,charged_eps,window 4 lower,K=8 beta=0.5,8.674047796957368e-10,slope LP units,results/exp2/B15/pricing_verify_n30.json,
b,max_reduced_cost_exact,window 4 upper,K=8 beta=0.5,4.119968255444917e-18,slope LP units,results/exp2/B15/pricing_verify_n30.json,
b,checker_eps,window 4 upper,K=8 beta=0.5,1.4160765741086462e-17,slope LP units,results/exp2/checker/check_b15.json,
b,charged_eps,window 4 upper,K=8 beta=0.5,5.533982352142129e-10,slope LP units,results/exp2/B15/pricing_verify_n30.json,
b,width_ratio,window 5,K=3 beta=inf,1.244403581465164,verified / witnessed width,results/exp2/B15/pricing_verify_n30.json,
b,max_reduced_cost_exact,window 5 lower,K=3 beta=inf,2.42861286636753e-17,slope LP units,results/exp2/B15/pricing_verify_n30.json,
b,checker_eps,window 5 lower,K=3 beta=inf,7.563222220819277e-13,slope LP units,results/exp2/checker/check_b15.json,
b,charged_eps,window 5 lower,K=3 beta=inf,3.801709770902375e-10,slope LP units,results/exp2/B15/pricing_verify_n30.json,
b,max_reduced_cost_exact,window 5 upper,K=3 beta=inf,2.7755575615628914e-17,slope LP units,results/exp2/B15/pricing_verify_n30.json,
b,checker_eps,window 5 upper,K=3 beta=inf,5.106590094400257e-13,slope LP units,results/exp2/checker/check_b15.json,
b,charged_eps,window 5 upper,K=3 beta=inf,2.611698798483806e-10,slope LP units,results/exp2/B15/pricing_verify_n30.json,
b,width_ratio,window 5,K=3 beta=0.5,1.2446010441830637,verified / witnessed width,results/exp2/B15/pricing_verify_n30.json,
b,max_reduced_cost_exact,window 5 lower,K=3 beta=0.5,1.3877787807814457e-16,slope LP units,results/exp2/B15/pricing_verify_n30.json,
b,checker_eps,window 5 lower,K=3 beta=0.5,6.619461141179896e-13,slope LP units,results/exp2/checker/check_b15.json,
b,charged_eps,window 5 lower,K=3 beta=0.5,3.338667320842548e-10,slope LP units,results/exp2/B15/pricing_verify_n30.json,
b,max_reduced_cost_exact,window 5 upper,K=3 beta=0.5,4.85722573273506e-17,slope LP units,results/exp2/B15/pricing_verify_n30.json,
b,checker_eps,window 5 upper,K=3 beta=0.5,5.39043679254466e-13,slope LP units,results/exp2/checker/check_b15.json,
b,charged_eps,window 5 upper,K=3 beta=0.5,2.7482974251296374e-10,slope LP units,results/exp2/B15/pricing_verify_n30.json,
b,width_ratio,window 5,K=5 beta=inf,1.0246966088165599,verified / witnessed width,results/exp2/B15/pricing_verify_n30.json,
b,max_reduced_cost_exact,window 5 lower,K=5 beta=inf,4.0766001685454967e-17,slope LP units,results/exp2/B15/pricing_verify_n30.json,
b,checker_eps,window 5 lower,K=5 beta=inf,7.802199692784283e-13,slope LP units,results/exp2/checker/check_b15.json,
b,charged_eps,window 5 lower,K=5 beta=inf,3.92076767259872e-10,slope LP units,results/exp2/B15/pricing_verify_n30.json,
b,max_reduced_cost_exact,window 5 upper,K=5 beta=inf,2.5153490401663703e-17,slope LP units,results/exp2/B15/pricing_verify_n30.json,
b,checker_eps,window 5 upper,K=5 beta=inf,5.885954820683706e-13,slope LP units,results/exp2/checker/check_b15.json,
b,charged_eps,window 5 upper,K=5 beta=inf,2.9881276632070737e-10,slope LP units,results/exp2/B15/pricing_verify_n30.json,
b,width_ratio,window 5,K=5 beta=0.5,1.0402124850290537,verified / witnessed width,results/exp2/B15/pricing_verify_n30.json,
b,max_reduced_cost_exact,window 5 lower,K=5 beta=0.5,2.0816681711721685e-17,slope LP units,results/exp2/B15/pricing_verify_n30.json,
b,checker_eps,window 5 lower,K=5 beta=0.5,3.4450422802219425e-17,slope LP units,results/exp2/checker/check_b15.json,
b,charged_eps,window 5 lower,K=5 beta=0.5,4.127089528079441e-10,slope LP units,results/exp2/B15/pricing_verify_n30.json,
b,max_reduced_cost_exact,window 5 upper,K=5 beta=0.5,3.2959746043559335e-17,slope LP units,results/exp2/B15/pricing_verify_n30.json,
b,checker_eps,window 5 upper,K=5 beta=0.5,1.079468044255519e-17,slope LP units,results/exp2/checker/check_b15.json,
b,charged_eps,window 5 upper,K=5 beta=0.5,3.2048891430995024e-10,slope LP units,results/exp2/B15/pricing_verify_n30.json,
b,width_ratio,window 5,K=8 beta=inf,1.0509538519737978,verified / witnessed width,results/exp2/B15/pricing_verify_n30.json,
b,max_reduced_cost_exact,window 5 lower,K=8 beta=inf,2.3201926491189795e-17,slope LP units,results/exp2/B15/pricing_verify_n30.json,
b,checker_eps,window 5 lower,K=8 beta=inf,8.004370774248789e-13,slope LP units,results/exp2/checker/check_b15.json,
b,charged_eps,window 5 lower,K=8 beta=inf,4.01825160161297e-10,slope LP units,results/exp2/B15/pricing_verify_n30.json,
b,max_reduced_cost_exact,window 5 upper,K=8 beta=inf,2.905661822261152e-17,slope LP units,results/exp2/B15/pricing_verify_n30.json,
b,checker_eps,window 5 upper,K=8 beta=inf,5.882586335801748e-13,slope LP units,results/exp2/checker/check_b15.json,
b,charged_eps,window 5 upper,K=8 beta=inf,2.986965428239426e-10,slope LP units,results/exp2/B15/pricing_verify_n30.json,
b,width_ratio,window 5,K=8 beta=0.5,1.0446344054642578,verified / witnessed width,results/exp2/B15/pricing_verify_n30.json,
b,max_reduced_cost_exact,window 5 lower,K=8 beta=0.5,3.42336835962298e-17,slope LP units,results/exp2/B15/pricing_verify_n30.json,
b,checker_eps,window 5 lower,K=8 beta=0.5,1.3157096243841785e-17,slope LP units,results/exp2/checker/check_b15.json,
b,charged_eps,window 5 lower,K=8 beta=0.5,4.201477768833915e-10,slope LP units,results/exp2/B15/pricing_verify_n30.json,
b,max_reduced_cost_exact,window 5 upper,K=8 beta=0.5,9.540979117872439e-18,slope LP units,results/exp2/B15/pricing_verify_n30.json,
b,checker_eps,window 5 upper,K=8 beta=0.5,6.5779883104249295e-18,slope LP units,results/exp2/checker/check_b15.json,
b,charged_eps,window 5 upper,K=8 beta=0.5,3.351096657723784e-10,slope LP units,results/exp2/B15/pricing_verify_n30.json,
b,width_ratio,window 6,K=3 beta=inf,1.1095686977309531,verified / witnessed width,results/exp2/B15/pricing_verify_n30.json,
b,max_reduced_cost_exact,window 6 lower,K=3 beta=inf,1.9949319973733282e-17,slope LP units,results/exp2/B15/pricing_verify_n30.json,
b,checker_eps,window 6 lower,K=3 beta=inf,1.0990458165177999e-12,slope LP units,results/exp2/checker/check_b15.json,
b,charged_eps,window 6 lower,K=3 beta=inf,5.659582216746212e-10,slope LP units,results/exp2/B15/pricing_verify_n30.json,
b,max_reduced_cost_exact,window 6 upper,K=3 beta=inf,1.3877787807814457e-17,slope LP units,results/exp2/B15/pricing_verify_n30.json,
b,checker_eps,window 6 upper,K=3 beta=inf,6.818239341434959e-13,slope LP units,results/exp2/checker/check_b15.json,
b,charged_eps,window 6 upper,K=3 beta=inf,3.5683042262730596e-10,slope LP units,results/exp2/B15/pricing_verify_n30.json,
b,width_ratio,window 6,K=3 beta=0.5,1.1538249753755703,verified / witnessed width,results/exp2/B15/pricing_verify_n30.json,
b,max_reduced_cost_exact,window 6 lower,K=3 beta=0.5,6.245004513516506e-17,slope LP units,results/exp2/B15/pricing_verify_n30.json,
b,checker_eps,window 6 lower,K=3 beta=0.5,9.319405126112623e-13,slope LP units,results/exp2/checker/check_b15.json,
b,charged_eps,window 6 lower,K=3 beta=0.5,4.81882570738424e-10,slope LP units,results/exp2/B15/pricing_verify_n30.json,
b,max_reduced_cost_exact,window 6 upper,K=3 beta=0.5,5.898059818321144e-17,slope LP units,results/exp2/B15/pricing_verify_n30.json,
b,checker_eps,window 6 upper,K=3 beta=0.5,6.582452637456306e-13,slope LP units,results/exp2/checker/check_b15.json,
b,charged_eps,window 6 upper,K=3 beta=0.5,3.451599261124642e-10,slope LP units,results/exp2/B15/pricing_verify_n30.json,
b,width_ratio,window 6,K=5 beta=inf,1.0953860195627132,verified / witnessed width,results/exp2/B15/pricing_verify_n30.json,
b,max_reduced_cost_exact,window 6 lower,K=5 beta=inf,8.413408858487514e-17,slope LP units,results/exp2/B15/pricing_verify_n30.json,
b,checker_eps,window 6 lower,K=5 beta=inf,1.119323933349444e-12,slope LP units,results/exp2/checker/check_b15.json,
b,charged_eps,window 6 lower,K=5 beta=inf,5.7610986890772e-10,slope LP units,results/exp2/B15/pricing_verify_n30.json,
b,max_reduced_cost_exact,window 6 upper,K=5 beta=inf,6.071532165918825e-17,slope LP units,results/exp2/B15/pricing_verify_n30.json,
b,checker_eps,window 6 upper,K=5 beta=inf,6.46207285020339e-13,slope LP units,results/exp2/checker/check_b15.json,
b,charged_eps,window 6 upper,K=5 beta=inf,3.390589806729095e-10,slope LP units,results/exp2/B15/pricing_verify_n30.json,
b,width_ratio,window 6,K=5 beta=0.5,1.0623599392769993,verified / witnessed width,results/exp2/B15/pricing_verify_n30.json,
b,max_reduced_cost_exact,window 6 lower,K=5 beta=0.5,1.5276408610320757e-16,slope LP units,results/exp2/B15/pricing_verify_n30.json,
b,checker_eps,window 6 lower,K=5 beta=0.5,1.7839509700451126e-16,slope LP units,results/exp2/checker/check_b15.json,
b,charged_eps,window 6 lower,K=5 beta=0.5,5.323084411671204e-10,slope LP units,results/exp2/B15/pricing_verify_n30.json,
b,max_reduced_cost_exact,window 6 upper,K=5 beta=0.5,1.734723475976807e-17,slope LP units,results/exp2/B15/pricing_verify_n30.json,
b,checker_eps,window 6 upper,K=5 beta=0.5,8.522785563692297e-18,slope LP units,results/exp2/checker/check_b15.json,
b,charged_eps,window 6 upper,K=5 beta=0.5,3.4980747512427037e-10,slope LP units,results/exp2/B15/pricing_verify_n30.json,
b,width_ratio,window 6,K=8 beta=inf,1.0430205013971716,verified / witnessed width,results/exp2/B15/pricing_verify_n30.json,
b,max_reduced_cost_exact,window 6 lower,K=8 beta=inf,3.4436971503570835e-17,slope LP units,results/exp2/B15/pricing_verify_n30.json,
b,checker_eps,window 6 lower,K=8 beta=inf,1.1249457637624862e-12,slope LP units,results/exp2/checker/check_b15.json,
b,charged_eps,window 6 lower,K=8 beta=inf,5.789312911175606e-10,slope LP units,results/exp2/B15/pricing_verify_n30.json,
b,max_reduced_cost_exact,window 6 upper,K=8 beta=inf,1.2305694657710475e-17,slope LP units,results/exp2/B15/pricing_verify_n30.json,
b,checker_eps,window 6 upper,K=8 beta=inf,6.731258126417529e-13,slope LP units,results/exp2/checker/check_b15.json,
b,charged_eps,window 6 upper,K=8 beta=inf,3.521281109630953e-10,slope LP units,results/exp2/B15/pricing_verify_n30.json,
b,width_ratio,window 6,K=8 beta=0.5,1.071272771101858,verified / witnessed width,results/exp2/B15/pricing_verify_n30.json,
b,max_reduced_cost_exact,window 6 lower,K=8 beta=0.5,2.0816681711721685e-17,slope LP units,results/exp2/B15/pricing_verify_n30.json,
b,checker_eps,window 6 lower,K=8 beta=0.5,2.1312976162405103e-17,slope LP units,results/exp2/checker/check_b15.json,
b,charged_eps,window 6 lower,K=8 beta=0.5,5.73436498288491e-10,slope LP units,results/exp2/B15/pricing_verify_n30.json,
b,max_reduced_cost_exact,window 6 upper,K=8 beta=0.5,1.0615016894990892e-17,slope LP units,results/exp2/B15/pricing_verify_n30.json,
b,checker_eps,window 6 upper,K=8 beta=0.5,8.713242063844054e-18,slope LP units,results/exp2/checker/check_b15.json,
b,charged_eps,window 6 upper,K=8 beta=0.5,3.057959626419165e-10,slope LP units,results/exp2/B15/pricing_verify_n30.json,
b,width_ratio,window 7,K=3 beta=inf,1.105707028834659,verified / witnessed width,results/exp2/B15/pricing_verify_n30.json,
b,max_reduced_cost_exact,window 7 lower,K=3 beta=inf,2.0816681711721685e-17,slope LP units,results/exp2/B15/pricing_verify_n30.json,
b,checker_eps,window 7 lower,K=3 beta=inf,1.5523973813371327e-12,slope LP units,results/exp2/checker/check_b15.json,
b,charged_eps,window 7 lower,K=3 beta=inf,7.500698669168129e-10,slope LP units,results/exp2/B15/pricing_verify_n30.json,
b,max_reduced_cost_exact,window 7 upper,K=3 beta=inf,4.163336342344337e-17,slope LP units,results/exp2/B15/pricing_verify_n30.json,
b,checker_eps,window 7 upper,K=3 beta=inf,1.0367978909905937e-12,slope LP units,results/exp2/checker/check_b15.json,
b,charged_eps,window 7 upper,K=3 beta=inf,5.021947891599968e-10,slope LP units,results/exp2/B15/pricing_verify_n30.json,
b,width_ratio,window 7,K=3 beta=0.5,1.0971535063716171,verified / witnessed width,results/exp2/B15/pricing_verify_n30.json,
b,max_reduced_cost_exact,window 7 lower,K=3 beta=0.5,7.28583859910259e-17,slope LP units,results/exp2/B15/pricing_verify_n30.json,
b,checker_eps,window 7 lower,K=3 beta=0.5,1.4916157265506918e-12,slope LP units,results/exp2/checker/check_b15.json,
b,charged_eps,window 7 lower,K=3 beta=0.5,7.206779000781815e-10,slope LP units,results/exp2/B15/pricing_verify_n30.json,
b,max_reduced_cost_exact,window 7 upper,K=3 beta=0.5,4.5102810375396984e-17,slope LP units,results/exp2/B15/pricing_verify_n30.json,
b,checker_eps,window 7 upper,K=3 beta=0.5,1.1779663929002078e-12,slope LP units,results/exp2/checker/check_b15.json,
b,charged_eps,window 7 upper,K=3 beta=0.5,5.696210921953757e-10,slope LP units,results/exp2/B15/pricing_verify_n30.json,
b,width_ratio,window 7,K=5 beta=inf,1.0618061222171165,verified / witnessed width,results/exp2/B15/pricing_verify_n30.json,
b,max_reduced_cost_exact,window 7 lower,K=5 beta=inf,2.2551405187698492e-17,slope LP units,results/exp2/B15/pricing_verify_n30.json,
b,checker_eps,window 7 lower,K=5 beta=inf,1.6668303037029623e-12,slope LP units,results/exp2/checker/check_b15.json,
b,charged_eps,window 7 lower,K=5 beta=inf,8.05019043793719e-10,slope LP units,results/exp2/B15/pricing_verify_n30.json,
b,max_reduced_cost_exact,window 7 upper,K=5 beta=inf,2.0816681711721685e-17,slope LP units,results/exp2/B15/pricing_verify_n30.json,
b,checker_eps,window 7 upper,K=5 beta=inf,9.644930886509978e-13,slope LP units,results/exp2/checker/check_b15.json,
b,charged_eps,window 7 upper,K=5 beta=inf,4.672402240707416e-10,slope LP units,results/exp2/B15/pricing_verify_n30.json,
b,width_ratio,window 7,K=5 beta=0.5,1.0575661752783376,verified / witnessed width,results/exp2/B15/pricing_verify_n30.json,
b,max_reduced_cost_exact,window 7 lower,K=5 beta=0.5,1.9081958235744878e-17,slope LP units,results/exp2/B15/pricing_verify_n30.json,
b,checker_eps,window 7 lower,K=5 beta=0.5,1.8376179399107417e-17,slope LP units,results/exp2/checker/check_b15.json,
b,charged_eps,window 7 lower,K=5 beta=0.5,7.207513769270793e-10,slope LP units,results/exp2/B15/pricing_verify_n30.json,
b,max_reduced_cost_exact,window 7 upper,K=5 beta=0.5,1.5612511283791264e-17,slope LP units,results/exp2/B15/pricing_verify_n30.json,
b,checker_eps,window 7 upper,K=5 beta=0.5,3.9939520998706524e-17,slope LP units,results/exp2/checker/check_b15.json,
b,charged_eps,window 7 upper,K=5 beta=0.5,4.926901008554616e-10,slope LP units,results/exp2/B15/pricing_verify_n30.json,
b,width_ratio,window 7,K=8 beta=inf,1.0231783672630685,verified / witnessed width,results/exp2/B15/pricing_verify_n30.json,
b,max_reduced_cost_exact,window 7 lower,K=8 beta=inf,6.071532165918825e-18,slope LP units,results/exp2/B15/pricing_verify_n30.json,
b,checker_eps,window 7 lower,K=8 beta=inf,1.7669246957257952e-12,slope LP units,results/exp2/checker/check_b15.json,
b,charged_eps,window 7 lower,K=8 beta=inf,8.530687067519212e-10,slope LP units,results/exp2/B15/pricing_verify_n30.json,
b,max_reduced_cost_exact,window 7 upper,K=8 beta=inf,1.6479873021779667e-17,slope LP units,results/exp2/B15/pricing_verify_n30.json,
b,checker_eps,window 7 upper,K=8 beta=inf,9.069633278639759e-13,slope LP units,results/exp2/checker/check_b15.json,
b,charged_eps,window 7 upper,K=8 beta=inf,4.3986368752700606e-10,slope LP units,results/exp2/B15/pricing_verify_n30.json,
b,width_ratio,window 7,K=8 beta=0.5,1.0618150402647937,verified / witnessed width,results/exp2/B15/pricing_verify_n30.json,
b,max_reduced_cost_exact,window 7 lower,K=8 beta=0.5,4.369334755116583e-17,slope LP units,results/exp2/B15/pricing_verify_n30.json,
b,checker_eps,window 7 lower,K=8 beta=0.5,5.110858697506173e-17,slope LP units,results/exp2/checker/check_b15.json,
b,charged_eps,window 7 lower,K=8 beta=0.5,7.507257535647522e-10,slope LP units,results/exp2/B15/pricing_verify_n30.json,
b,max_reduced_cost_exact,window 7 upper,K=8 beta=0.5,9.107298248878237e-18,slope LP units,results/exp2/B15/pricing_verify_n30.json,
b,checker_eps,window 7 upper,K=8 beta=0.5,1.0245958647182973e-17,slope LP units,results/exp2/checker/check_b15.json,
b,charged_eps,window 7 upper,K=8 beta=0.5,4.2062135799201746e-10,slope LP units,results/exp2/B15/pricing_verify_n30.json,
b,width_ratio,window 8,K=3 beta=inf,1.1676334353382047,verified / witnessed width,results/exp2/B15/pricing_verify_n30.json,
b,max_reduced_cost_exact,window 8 lower,K=3 beta=inf,3.469446951953614e-16,slope LP units,results/exp2/B15/pricing_verify_n30.json,
b,checker_eps,window 8 lower,K=3 beta=inf,7.102317449043801e-13,slope LP units,results/exp2/checker/check_b15.json,
b,charged_eps,window 8 lower,K=3 beta=inf,3.8875456390964903e-10,slope LP units,results/exp2/B15/pricing_verify_n30.json,
b,max_reduced_cost_exact,window 8 upper,K=3 beta=inf,4.336808689942018e-17,slope LP units,results/exp2/B15/pricing_verify_n30.json,
b,checker_eps,window 8 upper,K=3 beta=inf,6.363900470220075e-13,slope LP units,results/exp2/checker/check_b15.json,
b,charged_eps,window 8 upper,K=3 beta=inf,3.48703973474086e-10,slope LP units,results/exp2/B15/pricing_verify_n30.json,
b,width_ratio,window 8,K=3 beta=0.5,1.1451579556729776,verified / witnessed width,results/exp2/B15/pricing_verify_n30.json,
b,max_reduced_cost_exact,window 8 lower,K=3 beta=0.5,4.5102810375396984e-17,slope LP units,results/exp2/B15/pricing_verify_n30.json,
b,checker_eps,window 8 lower,K=3 beta=0.5,7.217365890499419e-13,slope LP units,results/exp2/checker/check_b15.json,
b,charged_eps,window 8 lower,K=3 beta=0.5,3.954841000800006e-10,slope LP units,results/exp2/B15/pricing_verify_n30.json,
b,max_reduced_cost_exact,window 8 upper,K=3 beta=0.5,3.9898639947466563e-17,slope LP units,results/exp2/B15/pricing_verify_n30.json,
b,checker_eps,window 8 upper,K=3 beta=0.5,6.401427394614412e-13,slope LP units,results/exp2/checker/check_b15.json,
b,charged_eps,window 8 upper,K=3 beta=0.5,3.50782939012306e-10,slope LP units,results/exp2/B15/pricing_verify_n30.json,
b,width_ratio,window 8,K=5 beta=inf,1.124965725873537,verified / witnessed width,results/exp2/B15/pricing_verify_n30.json,
b,max_reduced_cost_exact,window 8 lower,K=5 beta=inf,5.204170427930421e-17,slope LP units,results/exp2/B15/pricing_verify_n30.json,
b,checker_eps,window 8 lower,K=5 beta=inf,7.063826180100009e-13,slope LP units,results/exp2/checker/check_b15.json,
b,charged_eps,window 8 lower,K=5 beta=inf,3.8658266053612624e-10,slope LP units,results/exp2/B15/pricing_verify_n30.json,
b,max_reduced_cost_exact,window 8 upper,K=5 beta=inf,6.245004513516506e-17,slope LP units,results/exp2/B15/pricing_verify_n30.json,
b,checker_eps,window 8 upper,K=5 beta=inf,6.83423521068361e-13,slope LP units,results/exp2/checker/check_b15.json,
b,charged_eps,window 8 upper,K=5 beta=inf,3.748132963027025e-10,slope LP units,results/exp2/B15/pricing_verify_n30.json,
b,width_ratio,window 8,K=5 beta=0.5,1.144090508491208,verified / witnessed width,results/exp2/B15/pricing_verify_n30.json,
b,max_reduced_cost_exact,window 8 lower,K=5 beta=0.5,2.2551405187698492e-17,slope LP units,results/exp2/B15/pricing_verify_n30.json,
b,checker_eps,window 8 lower,K=5 beta=0.5,3.741906285613966e-17,slope LP units,results/exp2/checker/check_b15.json,
b,charged_eps,window 8 lower,K=5 beta=0.5,4.018594355566197e-10,slope LP units,results/exp2/B15/pricing_verify_n30.json,
b,max_reduced_cost_exact,window 8 upper,K=5 beta=0.5,2.2551405187698492e-17,slope LP units,results/exp2/B15/pricing_verify_n30.json,
b,checker_eps,window 8 upper,K=5 beta=0.5,1.1389514995083273e-17,slope LP units,results/exp2/checker/check_b15.json,
b,charged_eps,window 8 upper,K=5 beta=0.5,3.6784451542407177e-10,slope LP units,results/exp2/B15/pricing_verify_n30.json,
b,width_ratio,window 8,K=8 beta=inf,1.0511451626485007,verified / witnessed width,results/exp2/B15/pricing_verify_n30.json,
b,max_reduced_cost_exact,window 8 lower,K=8 beta=inf,5.767955557622884e-17,slope LP units,results/exp2/B15/pricing_verify_n30.json,
b,checker_eps,window 8 lower,K=8 beta=inf,7.243740411965498e-13,slope LP units,results/exp2/checker/check_b15.json,
b,charged_eps,window 8 lower,K=8 beta=inf,3.962795675805442e-10,slope LP units,results/exp2/B15/pricing_verify_n30.json,
b,max_reduced_cost_exact,window 8 upper,K=8 beta=inf,1.3118846287074604e-17,slope LP units,results/exp2/B15/pricing_verify_n30.json,
b,checker_eps,window 8 upper,K=8 beta=inf,6.785651223634107e-13,slope LP units,results/exp2/checker/check_b15.json,
b,charged_eps,window 8 upper,K=8 beta=inf,3.720822845349291e-10,slope LP units,results/exp2/B15/pricing_verify_n30.json,
b,width_ratio,window 8,K=8 beta=0.5,1.0835548276242866,verified / witnessed width,results/exp2/B15/pricing_verify_n30.json,
b,max_reduced_cost_exact,window 8 lower,K=8 beta=0.5,5.074066167232161e-17,slope LP units,results/exp2/B15/pricing_verify_n30.json,
b,checker_eps,window 8 lower,K=8 beta=0.5,5.2566940570986077e-17,slope LP units,results/exp2/checker/check_b15.json,
b,charged_eps,window 8 lower,K=8 beta=0.5,4.3792254504666776e-10,slope LP units,results/exp2/B15/pricing_verify_n30.json,
b,max_reduced_cost_exact,window 8 upper,K=8 beta=0.5,1.2576745200831851e-17,slope LP units,results/exp2/B15/pricing_verify_n30.json,
b,checker_eps,window 8 upper,K=8 beta=0.5,2.572780625738616e-17,slope LP units,results/exp2/checker/check_b15.json,
b,charged_eps,window 8 upper,K=8 beta=0.5,3.683565905205002e-10,slope LP units,results/exp2/B15/pricing_verify_n30.json,
c,beta=inf,window 1 K=2 lower,exact vs LP,-0.7213188495231805|-0.7681126885472622,slope (share per share),results/exp1/A4/a4_windows.json,
c,beta=inf,window 1 K=2 upper,exact vs LP,-0.17161392847788295|-0.1497844376899593,slope (share per share),results/exp1/A4/a4_windows.json,
c,beta=inf,window 1 K=3 lower,exact vs LP,-0.8057844775821557|-0.824273027410527,slope (share per share),results/exp1/A4/a4_windows.json,
c,beta=inf,window 1 K=3 upper,exact vs LP,-0.10391363201742299|-0.05221775309109944,slope (share per share),results/exp1/A4/a4_windows.json,
c,beta=0.5,window 1 K=3 lower,exact vs LP,-0.35180485520895005|-0.42337172126281075,slope (share per share),results/exp1/A4/a4_windows.json,
c,beta=0.5,window 1 K=3 upper,exact vs LP,-0.10391363201742299|-0.1038871482705872,slope (share per share),results/exp1/A4/a4_windows.json,
c,beta=0.25,window 1 K=3 lower,exact vs LP,-0.10391363201742299|-0.10430139964228147,slope (share per share),results/exp1/A4/a4_windows.json,
c,beta=0.25,window 1 K=3 upper,exact vs LP,-0.10391363201742299|-0.10390502329755691,slope (share per share),results/exp1/A4/a4_windows.json,
c,beta=inf,window 1 K=4 lower,exact vs LP,-0.8154095862179654|-0.8314136458466237,slope (share per share),results/exp1/A4/a4_windows.json,
c,beta=inf,window 1 K=4 upper,exact vs LP,-0.04478702713727805|0.005022370078222593,slope (share per share),results/exp1/A4/a4_windows.json,
c,beta=0.5,window 1 K=4 lower,exact vs LP,-0.40166282072734677|-0.4716811326943571,slope (share per share),results/exp1/A4/a4_windows.json,
c,beta=0.5,window 1 K=4 upper,exact vs LP,-0.10027243542114193|-0.09701794306238298,slope (share per share),results/exp1/A4/a4_windows.json,
c,beta=0.25,window 1 K=4 lower,exact vs LP,-0.33118054812608966|-0.33118054816441145,slope (share per share),results/exp1/A4/a4_windows.json,
c,beta=0.25,window 1 K=4 upper,exact vs LP,-0.33118054812608966|-0.275434905779548,slope (share per share),results/exp1/A4/a4_windows.json,
c,beta=inf,window 2 K=2 lower,exact vs LP,-0.13247164257816246|-0.17222257474713842,slope (share per share),results/exp1/A4/a4_windows.json,
c,beta=inf,window 2 K=2 upper,exact vs LP,-0.13247164257816246|0.008492533106618794,slope (share per share),results/exp1/A4/a4_windows.json,
c,beta=0.5,window 2 K=2 lower,exact vs LP,-0.13247164257816246|-0.17222257474713842,slope (share per share),results/exp1/A4/a4_windows.json,
c,beta=0.5,window 2 K=2 upper,exact vs LP,-0.13247164257816246|-0.10441110980536905,slope (share per share),results/exp1/A4/a4_windows.json,
c,beta=inf,window 2 K=3 lower,exact vs LP,-0.21238373513459535|-0.21655214277416235,slope (share per share),results/exp1/A4/a4_windows.json,
c,beta=inf,window 2 K=3 upper,exact vs LP,0.07773577998048009|0.08515315694239689,slope (share per share),results/exp1/A4/a4_windows.json,
c,beta=0.5,window 2 K=3 lower,exact vs LP,-0.16648386765851086|-0.17625432601562352,slope (share per share),results/exp1/A4/a4_windows.json,
c,beta=0.5,window 2 K=3 upper,exact vs LP,-0.07495788143841009|-0.021208050566201564,slope (share per share),results/exp1/A4/a4_windows.json,
c,beta=0.25,window 2 K=3 lower,exact vs LP,-0.09801263637033358|-0.10951595550068305,slope (share per share),results/exp1/A4/a4_windows.json,
c,beta=0.25,window 2 K=3 upper,exact vs LP,-0.09801263637033358|-0.06497204312836402,slope (share per share),results/exp1/A4/a4_windows.json,
c,beta=inf,window 2 K=4 lower,exact vs LP,-0.2119911691595332|-0.22086910075813648,slope (share per share),results/exp1/A4/a4_windows.json,
c,beta=inf,window 2 K=4 upper,exact vs LP,0.08298299899622963|0.09284988100262126,slope (share per share),results/exp1/A4/a4_windows.json,
c,beta=0.5,window 2 K=4 lower,exact vs LP,-0.16945023174338494|-0.16945023180596763,slope (share per share),results/exp1/A4/a4_windows.json,
c,beta=0.5,window 2 K=4 upper,exact vs LP,-0.04146908240518135|-0.04038260867673671,slope (share per share),results/exp1/A4/a4_windows.json,
c,beta=0.25,window 2 K=4 lower,exact vs LP,-0.11382577114303927|-0.11382577122276416,slope (share per share),results/exp1/A4/a4_windows.json,
c,beta=0.25,window 2 K=4 upper,exact vs LP,-0.07673423546900822|-0.07673423542655655,slope (share per share),results/exp1/A4/a4_windows.json,
c,beta=inf,window 3 K=2 lower,exact vs LP,-0.0528703836562243|-0.059495947971299756,slope (share per share),results/exp1/A4/a4_windows.json,
c,beta=inf,window 3 K=2 upper,exact vs LP,0.017123782806146425|0.07265296053446946,slope (share per share),results/exp1/A4/a4_windows.json,
c,beta=0.5,window 3 K=2 lower,exact vs LP,0.00711587920990319|-0.010840392405953025,slope (share per share),results/exp1/A4/a4_windows.json,
c,beta=0.5,window 3 K=2 upper,exact vs LP,0.017123782806146425|0.07265296053446946,slope (share per share),results/exp1/A4/a4_windows.json,
c,beta=inf,window 3 K=3 lower,exact vs LP,-0.07312455259994492|-0.09243328095180914,slope (share per share),results/exp1/A4/a4_windows.json,
c,beta=inf,window 3 K=3 upper,exact vs LP,0.07241791819502964|0.08133479141179123,slope (share per share),results/exp1/A4/a4_windows.json,
c,beta=0.5,window 3 K=3 lower,exact vs LP,-0.014929986040179123|-0.014929986082279356,slope (share per share),results/exp1/A4/a4_windows.json,
c,beta=0.5,window 3 K=3 upper,exact vs LP,0.002337558736081455|0.02170350398955634,slope (share per share),results/exp1/A4/a4_windows.json,
c,beta=inf,window 3 K=4 lower,exact vs LP,-0.08547540434571717|-0.10535135770624038,slope (share per share),results/exp1/A4/a4_windows.json,
c,beta=inf,window 3 K=4 upper,exact vs LP,0.0742123407544257|0.07778674589644652,slope (share per share),results/exp1/A4/a4_windows.json,
c,beta=inf,window 4 K=2 lower,exact vs LP,-0.16774194214394386|-0.22082734039940988,slope (share per share),results/exp1/A4/a4_windows.json,
c,beta=inf,window 4 K=2 upper,exact vs LP,-0.07455105754943712|-0.04774999961227877,slope (share per share),results/exp1/A4/a4_windows.json,
c,beta=0.5,window 4 K=2 lower,exact vs LP,-0.16774194214394386|-0.17773165191101725,slope (share per share),results/exp1/A4/a4_windows.json,
c,beta=0.5,window 4 K=2 upper,exact vs LP,-0.07455105754943712|-0.04774999961227877,slope (share per share),results/exp1/A4/a4_windows.json,
c,beta=0.25,window 4 K=2 lower,exact vs LP,-0.11180027276009694|-0.14113614088273607,slope (share per share),results/exp1/A4/a4_windows.json,
c,beta=0.25,window 4 K=2 upper,exact vs LP,-0.11180027276009694|-0.08665726609251578,slope (share per share),results/exp1/A4/a4_windows.json,
c,beta=inf,window 4 K=3 lower,exact vs LP,-0.26533033256918875|-0.2759326847808552,slope (share per share),results/exp1/A4/a4_windows.json,
c,beta=inf,window 4 K=3 upper,exact vs LP,-0.04807945545202501|0.021422840654850006,slope (share per share),results/exp1/A4/a4_windows.json,
c,beta=0.5,window 4 K=3 lower,exact vs LP,-0.17055859938364276|-0.1705585994386638,slope (share per share),results/exp1/A4/a4_windows.json,
c,beta=0.5,window 4 K=3 upper,exact vs LP,-0.0726293988733639|-0.01370556246911292,slope (share per share),results/exp1/A4/a4_windows.json,
c,beta=0.25,window 4 K=3 lower,exact vs LP,-0.15407605551032477|-0.15407605551445158,slope (share per share),results/exp1/A4/a4_windows.json,
c,beta=0.25,window 4 K=3 upper,exact vs LP,-0.0726293988733639|-0.037709169373556506,slope (share per share),results/exp1/A4/a4_windows.json,
c,beta=inf,window 4 K=4 lower,exact vs LP,-0.270418731807646|-0.28003716470266227,slope (share per share),results/exp1/A4/a4_windows.json,
c,beta=inf,window 4 K=4 upper,exact vs LP,0.03718954951646847|0.057774239758145995,slope (share per share),results/exp1/A4/a4_windows.json,
c,beta=0.5,window 4 K=4 lower,exact vs LP,-0.16695383873792125|-0.1771938824276731,slope (share per share),results/exp1/A4/a4_windows.json,
c,beta=0.5,window 4 K=4 upper,exact vs LP,-0.083948847117718|-0.07658410486328648,slope (share per share),results/exp1/A4/a4_windows.json,
c,beta=0.25,window 4 K=4 lower,exact vs LP,-0.10974782200558483|-0.10974782207995304,slope (share per share),results/exp1/A4/a4_windows.json,
c,beta=0.25,window 4 K=4 upper,exact vs LP,-0.10930761597488724|-0.10930761591225746,slope (share per share),results/exp1/A4/a4_windows.json,
c,beta=inf,window 5 K=3 lower,exact vs LP,-0.2801148191620005|-0.29313163277038257,slope (share per share),results/exp1/A4/a4_windows.json,
c,beta=inf,window 5 K=3 upper,exact vs LP,0.024477650677362187|0.025344325240439503,slope (share per share),results/exp1/A4/a4_windows.json,
c,beta=0.5,window 5 K=3 lower,exact vs LP,-0.026644944032241345|-0.0719180492524174,slope (share per share),results/exp1/A4/a4_windows.json,
c,beta=0.5,window 5 K=3 upper,exact vs LP,-0.026644944032241345|-0.016942179809120717,slope (share per share),results/exp1/A4/a4_windows.json,
c,beta=inf,window 5 K=4 lower,exact vs LP,-0.2945296716471721|-0.32374734810218797,slope (share per share),results/exp1/A4/a4_windows.json,
c,beta=inf,window 5 K=4 upper,exact vs LP,0.08582688644247238|0.10456140735186636,slope (share per share),results/exp1/A4/a4_windows.json,
c,beta=inf,window 6 K=2 lower,exact vs LP,-0.397008942043354|-0.51490784935595,slope (share per share),results/exp1/A4/a4_windows.json,
c,beta=inf,window 6 K=2 upper,exact vs LP,-0.12897564548185253|-0.0844161616441852,slope (share per share),results/exp1/A4/a4_windows.json,
c,beta=0.5,window 6 K=2 lower,exact vs LP,-0.397008942043354|-0.3970395479882427,slope (share per share),results/exp1/A4/a4_windows.json,
c,beta=0.5,window 6 K=2 upper,exact vs LP,-0.397008942043354|-0.3970089420363365,slope (share per share),results/exp1/A4/a4_windows.json,
c,beta=0.25,window 6 K=2 lower,exact vs LP,-0.397008942043354|-0.397008942127286,slope (share per share),results/exp1/A4/a4_windows.json,
c,beta=0.25,window 6 K=2 upper,exact vs LP,-0.397008942043354|-0.3970089420363365,slope (share per share),results/exp1/A4/a4_windows.json,
c,beta=inf,window 6 K=3 lower,exact vs LP,-0.5316532284558411|-0.5946130107986392,slope (share per share),results/exp1/A4/a4_windows.json,
c,beta=inf,window 6 K=3 upper,exact vs LP,-0.11136325295619116|-0.06008984810250695,slope (share per share),results/exp1/A4/a4_windows.json,
c,beta=0.5,window 6 K=3 lower,exact vs LP,-0.3481630153183774|-0.36997887364123017,slope (share per share),results/exp1/A4/a4_windows.json,
c,beta=0.5,window 6 K=3 upper,exact vs LP,-0.30553117968893256|-0.3055311796742899,slope (share per share),results/exp1/A4/a4_windows.json,
c,beta=inf,window 6 K=4 lower,exact vs LP,-0.5987080367614567|-0.64243532706314,slope (share per share),results/exp1/A4/a4_windows.json,
c,beta=inf,window 6 K=4 upper,exact vs LP,-0.10993602132672571|-0.053679419397667516,slope (share per share),results/exp1/A4/a4_windows.json,
c,beta=0.5,window 6 K=4 lower,exact vs LP,-0.3600395123014526|-0.3600395123612543,slope (share per share),results/exp1/A4/a4_windows.json,
c,beta=0.5,window 6 K=4 upper,exact vs LP,-0.3482950199578668|-0.3482950199213519,slope (share per share),results/exp1/A4/a4_windows.json,
c,beta=inf,window 7 K=2 lower,exact vs LP,-0.16628987801804843|-0.2187775924539892,slope (share per share),results/exp1/A4/a4_windows.json,
c,beta=inf,window 7 K=2 upper,exact vs LP,-0.05966085925522966|-0.03818376490016817,slope (share per share),results/exp1/A4/a4_windows.json,
c,beta=0.5,window 7 K=2 lower,exact vs LP,-0.14900256150639113|-0.1510915255494183,slope (share per share),results/exp1/A4/a4_windows.json,
c,beta=0.5,window 7 K=2 upper,exact vs LP,-0.05966085925522966|-0.044911252552992664,slope (share per share),results/exp1/A4/a4_windows.json,
c,beta=0.25,window 7 K=2 lower,exact vs LP,-0.14900256150639113|-0.14900256155669922,slope (share per share),results/exp1/A4/a4_windows.json,
c,beta=0.25,window 7 K=2 upper,exact vs LP,-0.05966085925522966|-0.05097781186123029,slope (share per share),results/exp1/A4/a4_windows.json,
c,beta=inf,window 7 K=3 lower,exact vs LP,-0.29399311007572027|-0.2954577143100323,slope (share per share),results/exp1/A4/a4_windows.json,
c,beta=inf,window 7 K=3 upper,exact vs LP,-0.053542382779443724|-0.01702730132819852,slope (share per share),results/exp1/A4/a4_windows.json,
c,beta=0.5,window 7 K=3 lower,exact vs LP,-0.15059784099137505|-0.150597841002309,slope (share per share),results/exp1/A4/a4_windows.json,
c,beta=0.5,window 7 K=3 upper,exact vs LP,-0.060709944612741464|-0.031320738617068855,slope (share per share),results/exp1/A4/a4_windows.json,
c,beta=0.25,window 7 K=3 lower,exact vs LP,-0.12191933756444594|-0.12191933765279828,slope (share per share),results/exp1/A4/a4_windows.json,
c,beta=0.25,window 7 K=3 upper,exact vs LP,-0.07722827483206007|-0.07722827476754901,slope (share per share),results/exp1/A4/a4_windows.json,
c,beta=inf,window 7 K=4 lower,exact vs LP,-0.29287209272891407|-0.2928720928139228,slope (share per share),results/exp1/A4/a4_windows.json,
c,beta=inf,window 7 K=4 upper,exact vs LP,-0.04444245068317899|-0.014629804718424566,slope (share per share),results/exp1/A4/a4_windows.json,
c,beta=0.5,window 7 K=4 lower,exact vs LP,-0.14023770560779572|-0.14911577354723704,slope (share per share),results/exp1/A4/a4_windows.json,
c,beta=0.5,window 7 K=4 upper,exact vs LP,-0.06482833496370043|-0.06482833496193052,slope (share per share),results/exp1/A4/a4_windows.json,
c,beta=0.25,window 7 K=4 lower,exact vs LP,-0.11668675272243823|-0.11668675278997398,slope (share per share),results/exp1/A4/a4_windows.json,
c,beta=0.25,window 7 K=4 upper,exact vs LP,-0.06482833496370043|-0.06482833496193052,slope (share per share),results/exp1/A4/a4_windows.json,
c,beta=inf,window 8 K=2 lower,exact vs LP,-0.04519035893965723|-0.0982778646175575,slope (share per share),results/exp1/A4/a4_windows.json,
c,beta=inf,window 8 K=2 upper,exact vs LP,0.060892428959737496|0.14985659281592234,slope (share per share),results/exp1/A4/a4_windows.json,
c,beta=inf,window 8 K=3 lower,exact vs LP,-0.16705310717127397|-0.17899641679832712,slope (share per share),results/exp1/A4/a4_windows.json,
c,beta=inf,window 8 K=3 upper,exact vs LP,0.18162217402511932|0.23867157433414832,slope (share per share),results/exp1/A4/a4_windows.json,
c,beta=0.5,window 8 K=3 lower,exact vs LP,0.017736408364908075|-0.011073556561314035,slope (share per share),results/exp1/A4/a4_windows.json,
c,beta=0.5,window 8 K=3 upper,exact vs LP,0.07082076118306266|0.2132545620042947,slope (share per share),results/exp1/A4/a4_windows.json,
c,beta=inf,window 8 K=4 lower,exact vs LP,-0.17956851384669734|-0.18190194614362554,slope (share per share),results/exp1/A4/a4_windows.json,
c,beta=inf,window 8 K=4 upper,exact vs LP,0.2366141841988984|0.257091128059983,slope (share per share),results/exp1/A4/a4_windows.json,
c,beta=0.5,window 8 K=4 lower,exact vs LP,0.01924294694810834|-0.0016233795577136334,slope (share per share),results/exp1/A4/a4_windows.json,
c,beta=0.5,window 8 K=4 upper,exact vs LP,0.2366141841988984|0.23661418426854652,slope (share per share),results/exp1/A4/a4_windows.json,
c,beta=inf,window 9 K=2 lower,exact vs LP,-0.49666636061354874|-0.5890619310775946,slope (share per share),results/exp1/A4/a4_windows.json,
c,beta=inf,window 9 K=2 upper,exact vs LP,-0.49666636061354874|-0.4050166660817922,slope (share per share),results/exp1/A4/a4_windows.json,
c,beta=inf,window 9 K=3 lower,exact vs LP,-1.1702384798074654|-1.2885079194347782,slope (share per share),results/exp1/A4/a4_windows.json,
c,beta=inf,window 9 K=3 upper,exact vs LP,-0.29969482331380015|0.42501631896811887,slope (share per share),results/exp1/A4/a4_windows.json,
c,beta=0.5,window 9 K=3 lower,exact vs LP,-0.9546404516339859|-1.0964304318804352,slope (share per share),results/exp1/A4/a4_windows.json,
c,beta=0.5,window 9 K=3 upper,exact vs LP,-0.9546404516339859|-0.08765744669290143,slope (share per share),results/exp1/A4/a4_windows.json,
c,beta=0.25,window 9 K=3 lower,exact vs LP,-0.9546404516339859|-1.0712572811826249,slope (share per share),results/exp1/A4/a4_windows.json,
c,beta=0.25,window 9 K=3 upper,exact vs LP,-0.9546404516339859|-0.6059378829377238,slope (share per share),results/exp1/A4/a4_windows.json,
c,beta=inf,window 9 K=4 lower,exact vs LP,-1.1690891441587312|-1.2840281019634858,slope (share per share),results/exp1/A4/a4_windows.json,
c,beta=inf,window 9 K=4 upper,exact vs LP,0.5516883146937706|0.660112252626277,slope (share per share),results/exp1/A4/a4_windows.json,
c,beta=0.5,window 9 K=4 lower,exact vs LP,-1.1690891441587312|-1.2584980500832899,slope (share per share),results/exp1/A4/a4_windows.json,
c,beta=0.5,window 9 K=4 upper,exact vs LP,0.44034284970734583|0.46730476005905075,slope (share per share),results/exp1/A4/a4_windows.json,
c,beta=0.25,window 9 K=4 lower,exact vs LP,0.4062016425623984|0.40620164254505653,slope (share per share),results/exp1/A4/a4_windows.json,
c,beta=0.25,window 9 K=4 upper,exact vs LP,0.4062016425623984|0.406201642636006,slope (share per share),results/exp1/A4/a4_windows.json,
c,beta=inf,window 10 K=2 lower,exact vs LP,-0.15936470833219113|-0.20162508226349019,slope (share per share),results/exp1/A4/a4_windows.json,
c,beta=inf,window 10 K=2 upper,exact vs LP,-0.10942015838797793|-0.06492756383522647,slope (share per share),results/exp1/A4/a4_windows.json,
c,beta=0.5,window 10 K=2 lower,exact vs LP,-0.15936470833219113|-0.16893080410227412,slope (share per share),results/exp1/A4/a4_windows.json,
c,beta=0.5,window 10 K=2 upper,exact vs LP,-0.10942015838797793|-0.10438751814945135,slope (share per share),results/exp1/A4/a4_windows.json,
c,beta=0.25,window 10 K=2 lower,exact vs LP,-0.15936470833219113|-0.15936470836095395,slope (share per share),results/exp1/A4/a4_windows.json,
c,beta=0.25,window 10 K=2 upper,exact vs LP,-0.12730110936438277|-0.1273011092962406,slope (share per share),results/exp1/A4/a4_windows.json,
c,beta=inf,window 10 K=3 lower,exact vs LP,-0.21649515427948368|-0.23109346775527229,slope (share per share),results/exp1/A4/a4_windows.json,
c,beta=inf,window 10 K=3 upper,exact vs LP,-0.08140589628483227|-0.031154370390140684,slope (share per share),results/exp1/A4/a4_windows.json,
c,beta=0.5,window 10 K=3 lower,exact vs LP,-0.1606078141211203|-0.17072300588552025,slope (share per share),results/exp1/A4/a4_windows.json,
c,beta=0.5,window 10 K=3 upper,exact vs LP,-0.09288291865701624|-0.08973624007921899,slope (share per share),results/exp1/A4/a4_windows.json,
c,beta=0.25,window 10 K=3 lower,exact vs LP,-0.15593197766426473|-0.15593197767884703,slope (share per share),results/exp1/A4/a4_windows.json,
c,beta=0.25,window 10 K=3 upper,exact vs LP,-0.10632533127231837|-0.10265705113852164,slope (share per share),results/exp1/A4/a4_windows.json,
c,beta=inf,window 10 K=4 lower,exact vs LP,-0.21793635543840173|-0.2336278270377079,slope (share per share),results/exp1/A4/a4_windows.json,
c,beta=inf,window 10 K=4 upper,exact vs LP,-0.06688641245308989|-0.023797331687092083,slope (share per share),results/exp1/A4/a4_windows.json,
c,beta=0.5,window 10 K=4 lower,exact vs LP,-0.15381585409370763|-0.16458142190458602,slope (share per share),results/exp1/A4/a4_windows.json,
c,beta=0.5,window 10 K=4 upper,exact vs LP,-0.06688641245308989|-0.057762338474276476,slope (share per share),results/exp1/A4/a4_windows.json,
c,beta=0.25,window 10 K=4 lower,exact vs LP,-0.11609816730325721|-0.12982456191821257,slope (share per share),results/exp1/A4/a4_windows.json,
c,beta=0.25,window 10 K=4 upper,exact vs LP,-0.09705514905696754|-0.09705514903544099,slope (share per share),results/exp1/A4/a4_windows.json,
c,beta=inf,window 11 K=2 lower,exact vs LP,-0.33502383210885645|-0.34439373866916867,slope (share per share),results/exp1/A4/a4_windows.json,
c,beta=inf,window 11 K=2 upper,exact vs LP,-0.33502383210885645|-0.04773967102664756,slope (share per share),results/exp1/A4/a4_windows.json,
c,beta=inf,window 11 K=3 lower,exact vs LP,-0.35233992474966574|-0.3642280213171034,slope (share per share),results/exp1/A4/a4_windows.json,
c,beta=inf,window 11 K=3 upper,exact vs LP,0.022491191607078992|0.029532408461818704,slope (share per share),results/exp1/A4/a4_windows.json,
c,beta=inf,window 11 K=4 lower,exact vs LP,-0.35939602466593584|-0.3691976924528717,slope (share per share),results/exp1/A4/a4_windows.json,
c,beta=inf,window 11 K=4 upper,exact vs LP,0.0241395161974202|0.03141845172649482,slope (share per share),results/exp1/A4/a4_windows.json,
c,beta=0.5,window 11 K=4 lower,exact vs LP,-0.0749192219899222|-0.12979258708583075,slope (share per share),results/exp1/A4/a4_windows.json,
c,beta=0.5,window 11 K=4 upper,exact vs LP,-0.0749192219899222|-0.05210412555243238,slope (share per share),results/exp1/A4/a4_windows.json,
c,beta=inf,window 12 K=2 lower,exact vs LP,-0.07594351878648034|-0.15243327979987953,slope (share per share),results/exp1/A4/a4_windows.json,
c,beta=inf,window 12 K=2 upper,exact vs LP,0.00974424995631136|0.07991862494236557,slope (share per share),results/exp1/A4/a4_windows.json,
c,beta=0.5,window 12 K=2 lower,exact vs LP,-0.07594351878648034|-0.0883440447069006,slope (share per share),results/exp1/A4/a4_windows.json,
c,beta=0.5,window 12 K=2 upper,exact vs LP,0.00974424995631136|0.07991862494236557,slope (share per share),results/exp1/A4/a4_windows.json,
c,beta=0.25,window 12 K=2 lower,exact vs LP,-0.021113166793709805|-0.02751044485194143,slope (share per share),results/exp1/A4/a4_windows.json,
c,beta=0.25,window 12 K=2 upper,exact vs LP,0.00974424995631136|0.058766794063558336,slope (share per share),results/exp1/A4/a4_windows.json,
c,beta=inf,window 12 K=3 lower,exact vs LP,-0.14048700914968756|-0.176594571894384,slope (share per share),results/exp1/A4/a4_windows.json,
c,beta=inf,window 12 K=3 upper,exact vs LP,0.08659465995476016|0.1092651780709275,slope (share per share),results/exp1/A4/a4_windows.json,
c,beta=0.5,window 12 K=3 lower,exact vs LP,-0.10899139238560901|-0.10899139242610545,slope (share per share),results/exp1/A4/a4_windows.json,
c,beta=0.5,window 12 K=3 upper,exact vs LP,0.02457554425651551|0.05235220778558869,slope (share per share),results/exp1/A4/a4_windows.json,
c,beta=0.25,window 12 K=3 lower,exact vs LP,-0.10899139238560901|-0.10899139242610545,slope (share per share),results/exp1/A4/a4_windows.json,
c,beta=0.25,window 12 K=3 upper,exact vs LP,-0.021415517759555865|-0.02141551767635974,slope (share per share),results/exp1/A4/a4_windows.json,
c,beta=inf,window 12 K=4 lower,exact vs LP,-0.141156522637178|-0.1842063075855549,slope (share per share),results/exp1/A4/a4_windows.json,
c,beta=inf,window 12 K=4 upper,exact vs LP,0.11060161052425684|0.12077633527951548,slope (share per share),results/exp1/A4/a4_windows.json,
c,beta=0.5,window 12 K=4 lower,exact vs LP,-0.10903044273213948|-0.10966922309307847,slope (share per share),results/exp1/A4/a4_windows.json,
c,beta=0.5,window 12 K=4 upper,exact vs LP,-0.003693861894363396|-0.003693861890496919,slope (share per share),results/exp1/A4/a4_windows.json,
c,beta=0.25,window 12 K=4 lower,exact vs LP,-0.06974509206364864|-0.08804998324194457,slope (share per share),results/exp1/A4/a4_windows.json,
c,beta=0.25,window 12 K=4 upper,exact vs LP,-0.018214417485878338|-0.01821441746869823,slope (share per share),results/exp1/A4/a4_windows.json,
c,beta=inf,window 13 K=2 lower,exact vs LP,-0.56855467471992|-0.6411171891159029,slope (share per share),results/exp1/A4/a4_windows.json,
c,beta=inf,window 13 K=2 upper,exact vs LP,-0.17469723697894105|-0.09129444197242265,slope (share per share),results/exp1/A4/a4_windows.json,
c,beta=0.5,window 13 K=2 lower,exact vs LP,-0.398956204688699|-0.4450799385267601,slope (share per share),results/exp1/A4/a4_windows.json,
c,beta=0.5,window 13 K=2 upper,exact vs LP,-0.17469723697894105|-0.10886719283007551,slope (share per share),results/exp1/A4/a4_windows.json,
c,beta=0.25,window 13 K=2 lower,exact vs LP,-0.22428274780683685|-0.22428274787671398,slope (share per share),results/exp1/A4/a4_windows.json,
c,beta=0.25,window 13 K=2 upper,exact vs LP,-0.17469723697894105|-0.17101434932556003,slope (share per share),results/exp1/A4/a4_windows.json,
c,beta=inf,window 13 K=3 lower,exact vs LP,-0.6265374895592777|-0.7078902961438871,slope (share per share),results/exp1/A4/a4_windows.json,
c,beta=inf,window 13 K=3 upper,exact vs LP,0.018909610741179753|0.03625167319114553,slope (share per share),results/exp1/A4/a4_windows.json,
c,beta=0.5,window 13 K=3 lower,exact vs LP,-0.3897851357791|-0.525185857895849,slope (share per share),results/exp1/A4/a4_windows.json,
c,beta=0.5,window 13 K=3 upper,exact vs LP,-0.17213175250628737|-0.09111127692449372,slope (share per share),results/exp1/A4/a4_windows.json,
c,beta=0.25,window 13 K=3 lower,exact vs LP,-0.2710563140488413|-0.4051506869473087,slope (share per share),results/exp1/A4/a4_windows.json,
c,beta=0.25,window 13 K=3 upper,exact vs LP,-0.2710563140488413|-0.2210765387644642,slope (share per share),results/exp1/A4/a4_windows.json,
c,beta=inf,window 13 K=4 lower,exact vs LP,-0.6310401140278306|-0.7154330211051274,slope (share per share),results/exp1/A4/a4_windows.json,
c,beta=inf,window 13 K=4 upper,exact vs LP,0.026340252560045713|0.05030234488003771,slope (share per share),results/exp1/A4/a4_windows.json,
c,beta=0.5,window 13 K=4 lower,exact vs LP,-0.40262517023329575|-0.4679266477978672,slope (share per share),results/exp1/A4/a4_windows.json,
c,beta=0.5,window 13 K=4 upper,exact vs LP,-0.1680936464310669|-0.13175279291317565,slope (share per share),results/exp1/A4/a4_windows.json,
c,beta=0.25,window 13 K=4 lower,exact vs LP,-0.39301990089287125|-0.3930199009118951,slope (share per share),results/exp1/A4/a4_windows.json,
c,beta=0.25,window 13 K=4 upper,exact vs LP,-0.28755749358608323|-0.28755749353877036,slope (share per share),results/exp1/A4/a4_windows.json,
c,beta=inf,window 14 K=2 lower,exact vs LP,-0.10794336512981356|-0.11240864605497336,slope (share per share),results/exp1/A4/a4_windows.json,
c,beta=inf,window 14 K=2 upper,exact vs LP,0.07699042036263853|0.14339248346004752,slope (share per share),results/exp1/A4/a4_windows.json,
c,beta=0.5,window 14 K=2 lower,exact vs LP,-0.00419409253749426|-0.004194092616671696,slope (share per share),results/exp1/A4/a4_windows.json,
c,beta=0.5,window 14 K=2 upper,exact vs LP,0.07699042036263853|0.14339248346004752,slope (share per share),results/exp1/A4/a4_windows.json,
c,beta=0.25,window 14 K=2 lower,exact vs LP,0.000914986190716333|0.000914986139832763,slope (share per share),results/exp1/A4/a4_windows.json,
c,beta=0.25,window 14 K=2 upper,exact vs LP,0.07699042036263853|0.11985144028585637,slope (share per share),results/exp1/A4/a4_windows.json,
c,beta=inf,window 14 K=3 lower,exact vs LP,-0.12665583003633146|-0.16668774878780823,slope (share per share),results/exp1/A4/a4_windows.json,
c,beta=inf,window 14 K=3 upper,exact vs LP,0.12448010059932137|0.15449241063834052,slope (share per share),results/exp1/A4/a4_windows.json,
c,beta=0.5,window 14 K=3 lower,exact vs LP,-0.011406364736150235|-0.011406364774302347,slope (share per share),results/exp1/A4/a4_windows.json,
c,beta=0.5,window 14 K=3 upper,exact vs LP,0.12448010059932137|0.1414398506312864,slope (share per share),results/exp1/A4/a4_windows.json,
c,beta=0.25,window 14 K=3 lower,exact vs LP,0.005552488785578867|0.005552488710236503,slope (share per share),results/exp1/A4/a4_windows.json,
c,beta=0.25,window 14 K=3 upper,exact vs LP,0.11115547598924257|0.11115547604276799,slope (share per share),results/exp1/A4/a4_windows.json,
c,beta=inf,window 14 K=4 lower,exact vs LP,-0.14785452632491333|-0.1706764866867161,slope (share per share),results/exp1/A4/a4_windows.json,
c,beta=inf,window 14 K=4 upper,exact vs LP,0.12338133807330535|0.15422540909639793,slope (share per share),results/exp1/A4/a4_windows.json,
c,beta=0.5,window 14 K=4 lower,exact vs LP,-0.026545843316273025|-0.031388945717480965,slope (share per share),results/exp1/A4/a4_windows.json,
c,beta=0.5,window 14 K=4 upper,exact vs LP,0.10712959501803913|0.1102998152418877,slope (share per share),results/exp1/A4/a4_windows.json,
c,beta=0.25,window 14 K=4 lower,exact vs LP,-0.012841139855072682|-0.020917426809319295,slope (share per share),results/exp1/A4/a4_windows.json,
c,beta=0.25,window 14 K=4 upper,exact vs LP,0.10102520273388242|0.10102520282089245,slope (share per share),results/exp1/A4/a4_windows.json,
c,beta=inf,window 15 K=2 lower,exact vs LP,-0.7647189065629418|-0.7665516905035474,slope (share per share),results/exp1/A4/a4_windows.json,
c,beta=inf,window 15 K=2 upper,exact vs LP,-0.3773097478485788|-0.29985074934302247,slope (share per share),results/exp1/A4/a4_windows.json,
c,beta=0.5,window 15 K=2 lower,exact vs LP,-0.45332359690800295|-0.5447399793411023,slope (share per share),results/exp1/A4/a4_windows.json,
c,beta=0.5,window 15 K=2 upper,exact vs LP,-0.3773097478485788|-0.3773097478187992,slope (share per share),results/exp1/A4/a4_windows.json,
c,beta=0.25,window 15 K=2 lower,exact vs LP,-0.45332359690800295|-0.4533235969574889,slope (share per share),results/exp1/A4/a4_windows.json,
c,beta=0.25,window 15 K=2 upper,exact vs LP,-0.4478669893009934|-0.44786698927055113,slope (share per share),results/exp1/A4/a4_windows.json,
c,beta=inf,window 15 K=3 lower,exact vs LP,-0.7713254583940798|-0.7733620412182063,slope (share per share),results/exp1/A4/a4_windows.json,
c,beta=inf,window 15 K=3 upper,exact vs LP,-0.19264495194970613|-0.17282230919590802,slope (share per share),results/exp1/A4/a4_windows.json,
c,beta=0.5,window 15 K=3 lower,exact vs LP,-0.5244938710759965|-0.5907617183765979,slope (share per share),results/exp1/A4/a4_windows.json,
c,beta=0.5,window 15 K=3 upper,exact vs LP,-0.3882495003255926|-0.3882495002471842,slope (share per share),results/exp1/A4/a4_windows.json,
c,beta=0.25,window 15 K=3 lower,exact vs LP,-0.4828690552296806|-0.5499820633303898,slope (share per share),results/exp1/A4/a4_windows.json,
c,beta=0.25,window 15 K=3 upper,exact vs LP,-0.43489579229995007|-0.43013995154979057,slope (share per share),results/exp1/A4/a4_windows.json,
c,beta=inf,window 15 K=4 lower,exact vs LP,-0.7718177337900095|-0.7732566193226376,slope (share per share),results/exp1/A4/a4_windows.json,
c,beta=inf,window 15 K=4 upper,exact vs LP,-0.19255218187274314|-0.17278925542996149,slope (share per share),results/exp1/A4/a4_windows.json,
c,beta=0.5,window 15 K=4 lower,exact vs LP,-0.5158861535712046|-0.5165678064258827,slope (share per share),results/exp1/A4/a4_windows.json,
c,beta=0.5,window 15 K=4 upper,exact vs LP,-0.4015697818195146|-0.4015697817521868,slope (share per share),results/exp1/A4/a4_windows.json,
c,beta=0.25,window 15 K=4 lower,exact vs LP,-0.46948579219238895|-0.4694857922004303,slope (share per share),results/exp1/A4/a4_windows.json,
c,beta=0.25,window 15 K=4 upper,exact vs LP,-0.4015697818195146|-0.4015697817521868,slope (share per share),results/exp1/A4/a4_windows.json,
c,beta=inf,window 16 K=2 lower,exact vs LP,-0.28097270277265607|-0.3245130343202618,slope (share per share),results/exp1/A4/a4_windows.json,
c,beta=inf,window 16 K=2 upper,exact vs LP,-0.11648941227977495|-0.07762285968055949,slope (share per share),results/exp1/A4/a4_windows.json,
c,beta=0.5,window 16 K=2 lower,exact vs LP,-0.28097270277265607|-0.281324003572081,slope (share per share),results/exp1/A4/a4_windows.json,
c,beta=0.5,window 16 K=2 upper,exact vs LP,-0.11648941227977495|-0.11648941226667375,slope (share per share),results/exp1/A4/a4_windows.json,
c,beta=0.25,window 16 K=2 lower,exact vs LP,-0.22069938739712644|-0.2206993874096952,slope (share per share),results/exp1/A4/a4_windows.json,
c,beta=0.25,window 16 K=2 upper,exact vs LP,-0.11648941227977495|-0.11648941226667375,slope (share per share),results/exp1/A4/a4_windows.json,
c,beta=inf,window 16 K=3 lower,exact vs LP,-0.32510324363335247|-0.37742694657936227,slope (share per share),results/exp1/A4/a4_windows.json,
c,beta=inf,window 16 K=3 upper,exact vs LP,-0.0877098684942414|-0.052034381860721624,slope (share per share),results/exp1/A4/a4_windows.json,
c,beta=0.5,window 16 K=3 lower,exact vs LP,-0.2790048923619895|-0.2790048923998256,slope (share per share),results/exp1/A4/a4_windows.json,
c,beta=0.5,window 16 K=3 upper,exact vs LP,-0.1747062841209707|-0.17124511177826207,slope (share per share),results/exp1/A4/a4_windows.json,
c,beta=0.25,window 16 K=3 lower,exact vs LP,-0.2403152184933286|-0.2403152185252111,slope (share per share),results/exp1/A4/a4_windows.json,
c,beta=0.25,window 16 K=3 upper,exact vs LP,-0.18424365098926923|-0.17780996622605016,slope (share per share),results/exp1/A4/a4_windows.json,
c,beta=inf,window 16 K=4 lower,exact vs LP,-0.352077526358182|-0.3837190160083992,slope (share per share),results/exp1/A4/a4_windows.json,
c,beta=inf,window 16 K=4 upper,exact vs LP,-0.07362366390073365|-0.05813873667648295,slope (share per share),results/exp1/A4/a4_windows.json,
c,beta=0.5,window 16 K=4 lower,exact vs LP,-0.26313406270028195|-0.26313406278859475,slope (share per share),results/exp1/A4/a4_windows.json,
c,beta=0.5,window 16 K=4 upper,exact vs LP,-0.13405315594245024|-0.13405315585259814,slope (share per share),results/exp1/A4/a4_windows.json,
c,beta=0.25,window 16 K=4 lower,exact vs LP,-0.1645873510590822|-0.16458735108244582,slope (share per share),results/exp1/A4/a4_windows.json,
c,beta=0.25,window 16 K=4 upper,exact vs LP,-0.16348669296481877|-0.16348669296348817,slope (share per share),results/exp1/A4/a4_windows.json,
c,beta=inf,window 17 K=2 lower,exact vs LP,-0.1530745259731979|-0.1864597469648288,slope (share per share),results/exp1/A4/a4_windows.json,
c,beta=inf,window 17 K=2 upper,exact vs LP,-0.06730565683195584|-0.06410098039850709,slope (share per share),results/exp1/A4/a4_windows.json,
c,beta=0.5,window 17 K=2 lower,exact vs LP,-0.14075407240024948|-0.16994380102914874,slope (share per share),results/exp1/A4/a4_windows.json,
c,beta=0.5,window 17 K=2 upper,exact vs LP,-0.11688802670351583|-0.11017697670467896,slope (share per share),results/exp1/A4/a4_windows.json,
c,beta=inf,window 17 K=3 lower,exact vs LP,-0.18870265225232408|-0.21134143407834927,slope (share per share),results/exp1/A4/a4_windows.json,
c,beta=inf,window 17 K=3 upper,exact vs LP,-0.06616536529755263|-0.06222129186426173,slope (share per share),results/exp1/A4/a4_windows.json,
c,beta=0.5,window 17 K=3 lower,exact vs LP,-0.17638607013677032|-0.2010427114328195,slope (share per share),results/exp1/A4/a4_windows.json,
c,beta=0.5,window 17 K=3 upper,exact vs LP,-0.11585238202362229|-0.11034719345843769,slope (share per share),results/exp1/A4/a4_windows.json,
c,beta=0.25,window 17 K=3 lower,exact vs LP,-0.15176222001219164|-0.16437867052445654,slope (share per share),results/exp1/A4/a4_windows.json,
c,beta=0.25,window 17 K=3 upper,exact vs LP,-0.11925868321631443|-0.11829873010356096,slope (share per share),results/exp1/A4/a4_windows.json,
c,beta=inf,window 17 K=4 lower,exact vs LP,-0.20337192376481045|-0.2150093752788962,slope (share per share),results/exp1/A4/a4_windows.json,
c,beta=inf,window 17 K=4 upper,exact vs LP,-0.06529706220802334|-0.06350044359351159,slope (share per share),results/exp1/A4/a4_windows.json,
c,beta=0.5,window 17 K=4 lower,exact vs LP,-0.18170207786652784|-0.1902634126963676,slope (share per share),results/exp1/A4/a4_windows.json,
c,beta=0.5,window 17 K=4 upper,exact vs LP,-0.11955422737575006|-0.11427286344769527,slope (share per share),results/exp1/A4/a4_windows.json,
c,beta=0.25,window 17 K=4 lower,exact vs LP,-0.15587454671094603|-0.15587454672640888,slope (share per share),results/exp1/A4/a4_windows.json,
c,beta=0.25,window 17 K=4 upper,exact vs LP,-0.12928519670299923|-0.12928519663546467,slope (share per share),results/exp1/A4/a4_windows.json,
c,beta=inf,window 18 K=2 lower,exact vs LP,-0.27171451390363416|-0.30516895558321266,slope (share per share),results/exp1/A4/a4_windows.json,
c,beta=inf,window 18 K=2 upper,exact vs LP,-0.26913162309320066|-0.15709339122622623,slope (share per share),results/exp1/A4/a4_windows.json,
c,beta=inf,window 18 K=3 lower,exact vs LP,-0.29223979950606993|-0.3508571075144573,slope (share per share),results/exp1/A4/a4_windows.json,
c,beta=inf,window 18 K=3 upper,exact vs LP,-0.019300743585709847|-0.009549755850457586,slope (share per share),results/exp1/A4/a4_windows.json,
c,beta=0.5,window 18 K=3 lower,exact vs LP,-0.24484326642478135|-0.29743537634203676,slope (share per share),results/exp1/A4/a4_windows.json,
c,beta=0.5,window 18 K=3 upper,exact vs LP,-0.117820139301998|-0.09417910487172776,slope (share per share),results/exp1/A4/a4_windows.json,
c,beta=0.25,window 18 K=3 lower,exact vs LP,-0.18482289015285974|-0.25037454079210875,slope (share per share),results/exp1/A4/a4_windows.json,
c,beta=0.25,window 18 K=3 upper,exact vs LP,-0.13274561189130263|-0.09447550555705675,slope (share per share),results/exp1/A4/a4_windows.json,
c,beta=inf,window 18 K=4 lower,exact vs LP,-0.3173996355106027|-0.38126278877825825,slope (share per share),results/exp1/A4/a4_windows.json,
c,beta=inf,window 18 K=4 upper,exact vs LP,0.015342615675505739|0.023053000495565357,slope (share per share),results/exp1/A4/a4_windows.json,
c,beta=0.5,window 18 K=4 lower,exact vs LP,-0.251863634239221|-0.29861933462598245,slope (share per share),results/exp1/A4/a4_windows.json,
c,beta=0.5,window 18 K=4 upper,exact vs LP,-0.11769575592819427|-0.06172846169647528,slope (share per share),results/exp1/A4/a4_windows.json,
c,beta=0.25,window 18 K=4 lower,exact vs LP,-0.20511075957412628|-0.2560975401138421,slope (share per share),results/exp1/A4/a4_windows.json,
c,beta=0.25,window 18 K=4 upper,exact vs LP,-0.20511075957412628|-0.150421745274798,slope (share per share),results/exp1/A4/a4_windows.json,
c,beta=inf,window 19 K=3 lower,exact vs LP,-0.25715126067172184|-0.32022559598772204,slope (share per share),results/exp1/A4/a4_windows.json,
c,beta=inf,window 19 K=3 upper,exact vs LP,-0.054339222661993196|-0.047695301236672094,slope (share per share),results/exp1/A4/a4_windows.json,
c,beta=0.5,window 19 K=3 lower,exact vs LP,-0.16089748474369553|-0.19287429913674714,slope (share per share),results/exp1/A4/a4_windows.json,
c,beta=0.5,window 19 K=3 upper,exact vs LP,-0.07204813408197716|-0.055765518663974945,slope (share per share),results/exp1/A4/a4_windows.json,
c,beta=0.25,window 19 K=3 lower,exact vs LP,-0.07204813408197716|-0.083264929435245,slope (share per share),results/exp1/A4/a4_windows.json,
c,beta=0.25,window 19 K=3 upper,exact vs LP,-0.07204813408197716|-0.055765518663974945,slope (share per share),results/exp1/A4/a4_windows.json,
c,beta=inf,window 19 K=4 lower,exact vs LP,-0.32638370496869573|-0.36107114001424634,slope (share per share),results/exp1/A4/a4_windows.json,
c,beta=inf,window 19 K=4 upper,exact vs LP,-0.04797859588485887|-0.03047581130886101,slope (share per share),results/exp1/A4/a4_windows.json,
c,beta=0.5,window 19 K=4 lower,exact vs LP,-0.2407251350457875|-0.2974394036755257,slope (share per share),results/exp1/A4/a4_windows.json,
c,beta=0.5,window 19 K=4 upper,exact vs LP,-0.05473988947128285|-0.052500992751447484,slope (share per share),results/exp1/A4/a4_windows.json,
c,beta=inf,window 20 K=2 lower,exact vs LP,0.04975967592811038|-0.1512057589025062,slope (share per share),results/exp1/A4/a4_windows.json,
c,beta=inf,window 20 K=2 upper,exact vs LP,0.04975967592811038|0.06244861506274901,slope (share per share),results/exp1/A4/a4_windows.json,
c,beta=0.5,window 20 K=2 lower,exact vs LP,0.04975967592811038|0.044273509138292866,slope (share per share),results/exp1/A4/a4_windows.json,
c,beta=0.5,window 20 K=2 upper,exact vs LP,0.04975967592811038|0.05452414789033355,slope (share per share),results/exp1/A4/a4_windows.json,
c,beta=inf,window 20 K=3 lower,exact vs LP,-0.13333973244631184|-0.26702083014242817,slope (share per share),results/exp1/A4/a4_windows.json,
c,beta=inf,window 20 K=3 upper,exact vs LP,0.10226876237381789|0.14462964718404692,slope (share per share),results/exp1/A4/a4_windows.json,
c,beta=0.5,window 20 K=3 lower,exact vs LP,0.0626089045093497|-0.046492560522892745,slope (share per share),results/exp1/A4/a4_windows.json,
c,beta=0.5,window 20 K=3 upper,exact vs LP,0.07178578627327362|0.07178578634920996,slope (share per share),results/exp1/A4/a4_windows.json,
c,beta=0.25,window 20 K=3 lower,exact vs LP,0.07178578627327362|0.07178578625826049,slope (share per share),results/exp1/A4/a4_windows.json,
c,beta=0.25,window 20 K=3 upper,exact vs LP,0.07178578627327362|0.07178578634920996,slope (share per share),results/exp1/A4/a4_windows.json,
c,beta=inf,window 20 K=4 lower,exact vs LP,-0.3166634128400446|-0.34482573628338287,slope (share per share),results/exp1/A4/a4_windows.json,
c,beta=inf,window 20 K=4 upper,exact vs LP,0.11950868491013666|0.16129513696796494,slope (share per share),results/exp1/A4/a4_windows.json,
c,beta=0.5,window 20 K=4 lower,exact vs LP,-0.12190390811518967|-0.12190390816613217,slope (share per share),results/exp1/A4/a4_windows.json,
c,beta=0.5,window 20 K=4 upper,exact vs LP,0.060818031175688|0.06744752517988672,slope (share per share),results/exp1/A4/a4_windows.json,
c,beta=0.25,window 20 K=4 lower,exact vs LP,-0.04179413707978915|-0.04179413708698121,slope (share per share),results/exp1/A4/a4_windows.json,
c,beta=0.25,window 20 K=4 upper,exact vs LP,-0.04179413707978915|-0.04179413699603174,slope (share per share),results/exp1/A4/a4_windows.json,
d,"certified not-hot share, noiseless",3.8,population share,0.3108719757520049,share,results/exp2/C1/c1_georgia_familysup4.json,
d,"certified not-hot share, gaussian",3.8,population share,0.2602470986333759,share,results/exp2/C1/c1_georgia_familysup4.json,
d,"certified not-hot share, family",3.8,population share,0.22441515074781127,share,results/exp2/C1/c1_georgia_familysup4.json,
d,"certified hot share, family",3.8,population share,0.0,share,results/exp2/C1/c1_georgia_familysup4.json,
d,feasible population share,3.8,population share,0.3362016916729914,share,results/exp2/C1/c1_georgia_familysup4.json,
d,Bonferroni not-hot share (family),3.8,population share,0.2233936382273311,share,results/exp2/C1/c1_georgia_familysup4.json,
d,"certified not-hot share, noiseless",7.5,population share,0.471868255812623,share,results/exp2/C1/c1_georgia_familysup4.json,
d,"certified not-hot share, gaussian",7.5,population share,0.4065617230670033,share,results/exp2/C1/c1_georgia_familysup4.json,
d,"certified not-hot share, family",7.5,population share,0.3578690028229285,share,results/exp2/C1/c1_georgia_familysup4.json,
d,"certified hot share, family",7.5,population share,0.0,share,results/exp2/C1/c1_georgia_familysup4.json,
d,feasible population share,7.5,population share,0.5564139895572633,share,results/exp2/C1/c1_georgia_familysup4.json,
d,Bonferroni not-hot share (family),7.5,population share,0.3001704631491665,share,results/exp2/C1/c1_georgia_familysup4.json,
d,"certified not-hot share, noiseless",15.0,population share,0.5806765974957881,share,results/exp2/C1/c1_georgia_familysup4.json,
d,"certified not-hot share, gaussian",15.0,population share,0.48973048220782045,share,results/exp2/C1/c1_georgia_familysup4.json,
d,"certified not-hot share, family",15.0,population share,0.4436885312482182,share,results/exp2/C1/c1_georgia_familysup4.json,
d,"certified hot share, family",15.0,population share,0.0003459995741445041,share,results/exp2/C1/c1_georgia_familysup4.json,
d,feasible population share,15.0,population share,0.7317951161184925,share,results/exp2/C1/c1_georgia_familysup4.json,
d,Bonferroni not-hot share (family),15.0,population share,0.2301288645084314,share,results/exp2/C1/c1_georgia_familysup4.json,
d,"certified not-hot share, noiseless",30.0,population share,0.712487318163604,share,results/exp2/C1/c1_georgia_familysup4.json,
d,"certified not-hot share, gaussian",30.0,population share,0.5443118616738011,share,results/exp2/C1/c1_georgia_familysup4.json,
d,"certified not-hot share, family",30.0,population share,0.4722704928685262,share,results/exp2/C1/c1_georgia_familysup4.json,
d,"certified hot share, family",30.0,population share,0.0,share,results/exp2/C1/c1_georgia_familysup4.json,
d,feasible population share,30.0,population share,0.9067028822638619,share,results/exp2/C1/c1_georgia_familysup4.json,
d,Bonferroni not-hot share (family),30.0,population share,0.06567778635849236,share,results/exp2/C1/c1_georgia_familysup4.json,
e,"certified pair order, noiseless",7.5,share of joint-feasible ordered pairs,0.3367057103475985,share,results/exp2/B3/b3_classes_georgia_v5.json,
e,"rank-set width median, noiseless",7.5,witness-anchored universe,0.26144520691941153,rank share,results/exp2/B3/b3_classes_georgia_v5.json,
e,"certified not-top-20 share, noiseless",7.5,witness-anchored universe,0.6353263501453777,population share,results/exp2/B3/b3_classes_georgia_v5.json,
e,"certified pair order, gaussian",7.5,share of joint-feasible ordered pairs,0.1456297676910285,share,results/exp2/B3/b3_classes_georgia_v5.json,
e,"rank-set width median, gaussian",7.5,witness-anchored universe,0.8276785063122374,rank share,results/exp2/B3/b3_classes_georgia_v5.json,
e,"certified not-top-20 share, gaussian",7.5,witness-anchored universe,0.2169053266564115,population share,results/exp2/B3/b3_classes_georgia_v5.json,
e,"certified pair order, family",7.5,share of joint-feasible ordered pairs,0.07515583060362387,share,results/exp2/B3/b3_classes_georgia_v5.json,
e,"rank-set width median, family",7.5,witness-anchored universe,0.9753390071905541,rank share,results/exp2/B3/b3_classes_georgia_v5.json,
e,"certified not-top-20 share, family",7.5,witness-anchored universe,0.029512437305468972,population share,results/exp2/B3/b3_classes_georgia_v5.json,
e,"certified pair order, noiseless",15.0,share of joint-feasible ordered pairs,0.2563040677342168,share,results/exp2/B3/b3_classes_georgia_v5.json,
e,"rank-set width median, noiseless",15.0,witness-anchored universe,0.5455932341322003,rank share,results/exp2/B3/b3_classes_georgia_v5.json,
e,"certified not-top-20 share, noiseless",15.0,witness-anchored universe,0.4702208112288319,population share,results/exp2/B3/b3_classes_georgia_v5.json,
e,"certified pair order, gaussian",15.0,share of joint-feasible ordered pairs,0.10013441984728566,share,results/exp2/B3/b3_classes_georgia_v5.json,
e,"rank-set width median, gaussian",15.0,witness-anchored universe,0.9647943245221833,rank share,results/exp2/B3/b3_classes_georgia_v5.json,
e,"certified not-top-20 share, gaussian",15.0,witness-anchored universe,0.06902416469371621,population share,results/exp2/B3/b3_classes_georgia_v5.json,
e,"certified pair order, family",15.0,share of joint-feasible ordered pairs,0.0618582288930163,share,results/exp2/B3/b3_classes_georgia_v5.json,
e,"rank-set width median, family",15.0,witness-anchored universe,1.0,rank share,results/exp2/B3/b3_classes_georgia_v5.json,
e,"certified not-top-20 share, family",15.0,witness-anchored universe,0.0,population share,results/exp2/B3/b3_classes_georgia_v5.json,
f,"joint coverage, rank",T=600,coverage,0.97,probability,results/exp2/B7/b7_conditional_familysup.json,CP95 0.9530-0.9821
f,"joint coverage, binomial",T=600,coverage,0.9866666666666667,probability,results/exp2/B7/b7_conditional_familysup.json,CP95 0.9739-0.9942
f,cond_rank median,R=20,coverage,0.9516666666666667,probability,results/exp2/B7/b7_conditional_familysup.json,
f,cond_rank min,R=20,coverage,0.93,probability,results/exp2/B7/b7_conditional_familysup.json,
f,cond_binomial median,R=20,coverage,0.9733333333333334,probability,results/exp2/B7/b7_conditional_familysup.json,
f,cond_binomial min,R=20,coverage,0.9533333333333334,probability,results/exp2/B7/b7_conditional_familysup.json,
f,half-width median tailored,15 km,half-width,0.023170105098097072,kfr units,results/exp2/B7/b7_conditional_familysup.json,
f,half-width median bonf_gauss,15 km,half-width,0.06669141305979116,kfr units,results/exp2/B7/b7_conditional_familysup.json,
f,half-width median bonf_family,15 km,half-width,0.24524236520996456,kfr units,results/exp2/B7/b7_conditional_familysup.json,
