panel,dataset,model,quantity,key1,key2,value,source
a,jul2014,mlp,nominal_f,168,,0.046100348234176636,results/exp3_ml_real/jul2014/nominal_mlp.npz
a,jul2014,mlp,CROWN_lo_eps0.01,168,,0.0401937702937754,results/exp3_ml_real/jul2014/boxes_mlp.npz
a,jul2014,mlp,CROWN_hi_eps0.01,168,,0.051831170119609554,results/exp3_ml_real/jul2014/boxes_mlp.npz
a,jul2014,mlp,nominal_f,169,,0.0509539470076561,results/exp3_ml_real/jul2014/nominal_mlp.npz
a,jul2014,mlp,CROWN_lo_eps0.01,169,,0.04543776588086996,results/exp3_ml_real/jul2014/boxes_mlp.npz
a,jul2014,mlp,CROWN_hi_eps0.01,169,,0.0567721393280506,results/exp3_ml_real/jul2014/boxes_mlp.npz
a,jul2014,mlp,nominal_f,170,,0.05113115906715393,results/exp3_ml_real/jul2014/nominal_mlp.npz
a,jul2014,mlp,CROWN_lo_eps0.01,170,,0.04562041683312398,results/exp3_ml_real/jul2014/boxes_mlp.npz
a,jul2014,mlp,CROWN_hi_eps0.01,170,,0.05733382774567908,results/exp3_ml_real/jul2014/boxes_mlp.npz
a,jul2014,mlp,nominal_f,171,,0.039444658905267715,results/exp3_ml_real/jul2014/nominal_mlp.npz
a,jul2014,mlp,CROWN_lo_eps0.01,171,,0.03425805931014229,results/exp3_ml_real/jul2014/boxes_mlp.npz
a,jul2014,mlp,CROWN_hi_eps0.01,171,,0.04469381673394577,results/exp3_ml_real/jul2014/boxes_mlp.npz
a,jul2014,mlp,nominal_f,172,,0.05267510190606117,results/exp3_ml_real/jul2014/nominal_mlp.npz
a,jul2014,mlp,CROWN_lo_eps0.01,172,,0.044903370729701186,results/exp3_ml_real/jul2014/boxes_mlp.npz
a,jul2014,mlp,CROWN_hi_eps0.01,172,,0.060512183312584095,results/exp3_ml_real/jul2014/boxes_mlp.npz
a,jul2014,mlp,nominal_f,173,,0.04090602323412895,results/exp3_ml_real/jul2014/nominal_mlp.npz
a,jul2014,mlp,CROWN_lo_eps0.01,173,,0.03489532354946549,results/exp3_ml_real/jul2014/boxes_mlp.npz
a,jul2014,mlp,CROWN_hi_eps0.01,173,,0.047319443656009305,results/exp3_ml_real/jul2014/boxes_mlp.npz
a,jul2014,mlp,nominal_f,174,,0.031733639538288116,results/exp3_ml_real/jul2014/nominal_mlp.npz
a,jul2014,mlp,CROWN_lo_eps0.01,174,,0.027459648004494547,results/exp3_ml_real/jul2014/boxes_mlp.npz
a,jul2014,mlp,CROWN_hi_eps0.01,174,,0.03773510716783694,results/exp3_ml_real/jul2014/boxes_mlp.npz
a,jul2014,mlp,nominal_f,175,,0.039253104478120804,results/exp3_ml_real/jul2014/nominal_mlp.npz
a,jul2014,mlp,CROWN_lo_eps0.01,175,,0.03363458245205744,results/exp3_ml_real/jul2014/boxes_mlp.npz
a,jul2014,mlp,CROWN_hi_eps0.01,175,,0.04486798370932728,results/exp3_ml_real/jul2014/boxes_mlp.npz
a,jul2014,mlp,nominal_f,176,,0.03883204609155655,results/exp3_ml_real/jul2014/nominal_mlp.npz
a,jul2014,mlp,CROWN_lo_eps0.01,176,,0.03186082709403222,results/exp3_ml_real/jul2014/boxes_mlp.npz
a,jul2014,mlp,CROWN_hi_eps0.01,176,,0.046006735557039075,results/exp3_ml_real/jul2014/boxes_mlp.npz
a,jul2014,mlp,nominal_f,177,,0.038424257189035416,results/exp3_ml_real/jul2014/nominal_mlp.npz
a,jul2014,mlp,CROWN_lo_eps0.01,177,,0.032791011448546306,results/exp3_ml_real/jul2014/boxes_mlp.npz
a,jul2014,mlp,CROWN_hi_eps0.01,177,,0.045867208114647645,results/exp3_ml_real/jul2014/boxes_mlp.npz
a,jul2014,mlp,nominal_f,178,,0.05997495725750923,results/exp3_ml_real/jul2014/nominal_mlp.npz
a,jul2014,mlp,CROWN_lo_eps0.01,178,,0.050152937795297864,results/exp3_ml_real/jul2014/boxes_mlp.npz
a,jul2014,mlp,CROWN_hi_eps0.01,178,,0.07177126948767562,results/exp3_ml_real/jul2014/boxes_mlp.npz
a,jul2014,mlp,nominal_f,179,,0.0800781175494194,results/exp3_ml_real/jul2014/nominal_mlp.npz
a,jul2014,mlp,CROWN_lo_eps0.01,179,,0.0654875911262939,results/exp3_ml_real/jul2014/boxes_mlp.npz
a,jul2014,mlp,CROWN_hi_eps0.01,179,,0.09555559252833276,results/exp3_ml_real/jul2014/boxes_mlp.npz
a,jul2014,mlp,nominal_f,180,,0.040742773562669754,results/exp3_ml_real/jul2014/nominal_mlp.npz
a,jul2014,mlp,CROWN_lo_eps0.01,180,,0.0335816065767999,results/exp3_ml_real/jul2014/boxes_mlp.npz
a,jul2014,mlp,CROWN_hi_eps0.01,180,,0.04965763963951943,results/exp3_ml_real/jul2014/boxes_mlp.npz
a,jul2014,mlp,nominal_f,181,,0.0344294048845768,results/exp3_ml_real/jul2014/nominal_mlp.npz
a,jul2014,mlp,CROWN_lo_eps0.01,181,,0.02945715718572682,results/exp3_ml_real/jul2014/boxes_mlp.npz
a,jul2014,mlp,CROWN_hi_eps0.01,181,,0.03995311947436189,results/exp3_ml_real/jul2014/boxes_mlp.npz
a,jul2014,mlp,nominal_f,182,,0.043355729430913925,results/exp3_ml_real/jul2014/nominal_mlp.npz
a,jul2014,mlp,CROWN_lo_eps0.01,182,,0.03730173745919914,results/exp3_ml_real/jul2014/boxes_mlp.npz
a,jul2014,mlp,CROWN_hi_eps0.01,182,,0.050556823088626926,results/exp3_ml_real/jul2014/boxes_mlp.npz
a,jul2014,mlp,nominal_f,183,,0.040854405611753464,results/exp3_ml_real/jul2014/nominal_mlp.npz
a,jul2014,mlp,CROWN_lo_eps0.01,183,,0.03352875710312836,results/exp3_ml_real/jul2014/boxes_mlp.npz
a,jul2014,mlp,CROWN_hi_eps0.01,183,,0.04886187900668926,results/exp3_ml_real/jul2014/boxes_mlp.npz
a,jul2014,mlp,nominal_f,184,,0.08179915696382523,results/exp3_ml_real/jul2014/nominal_mlp.npz
a,jul2014,mlp,CROWN_lo_eps0.01,184,,0.06927814597119106,results/exp3_ml_real/jul2014/boxes_mlp.npz
a,jul2014,mlp,CROWN_hi_eps0.01,184,,0.09522396764376093,results/exp3_ml_real/jul2014/boxes_mlp.npz
a,jul2014,mlp,nominal_f,185,,0.04459116607904434,results/exp3_ml_real/jul2014/nominal_mlp.npz
a,jul2014,mlp,CROWN_lo_eps0.01,185,,0.03762535546143969,results/exp3_ml_real/jul2014/boxes_mlp.npz
a,jul2014,mlp,CROWN_hi_eps0.01,185,,0.052780233749706224,results/exp3_ml_real/jul2014/boxes_mlp.npz
a,jul2014,mlp,nominal_f,186,,0.03855364769697189,results/exp3_ml_real/jul2014/nominal_mlp.npz
a,jul2014,mlp,CROWN_lo_eps0.01,186,,0.03272403014075205,results/exp3_ml_real/jul2014/boxes_mlp.npz
a,jul2014,mlp,CROWN_hi_eps0.01,186,,0.04648597532197647,results/exp3_ml_real/jul2014/boxes_mlp.npz
a,jul2014,mlp,nominal_f,187,,0.035489629954099655,results/exp3_ml_real/jul2014/nominal_mlp.npz
a,jul2014,mlp,CROWN_lo_eps0.01,187,,0.03173476842385972,results/exp3_ml_real/jul2014/boxes_mlp.npz
a,jul2014,mlp,CROWN_hi_eps0.01,187,,0.04039490565693321,results/exp3_ml_real/jul2014/boxes_mlp.npz
a,jul2014,mlp,nominal_f,188,,0.0465548001229763,results/exp3_ml_real/jul2014/nominal_mlp.npz
a,jul2014,mlp,CROWN_lo_eps0.01,188,,0.04150849016832839,results/exp3_ml_real/jul2014/boxes_mlp.npz
a,jul2014,mlp,CROWN_hi_eps0.01,188,,0.052473159341464744,results/exp3_ml_real/jul2014/boxes_mlp.npz
a,jul2014,mlp,nominal_f,189,,0.054029323160648346,results/exp3_ml_real/jul2014/nominal_mlp.npz
a,jul2014,mlp,CROWN_lo_eps0.01,189,,0.04745931254648415,results/exp3_ml_real/jul2014/boxes_mlp.npz
a,jul2014,mlp,CROWN_hi_eps0.01,189,,0.061215376226680704,results/exp3_ml_real/jul2014/boxes_mlp.npz
a,jul2014,mlp,nominal_f,190,,0.05695607140660286,results/exp3_ml_real/jul2014/nominal_mlp.npz
a,jul2014,mlp,CROWN_lo_eps0.01,190,,0.04991911187239848,results/exp3_ml_real/jul2014/boxes_mlp.npz
a,jul2014,mlp,CROWN_hi_eps0.01,190,,0.06408608759159216,results/exp3_ml_real/jul2014/boxes_mlp.npz
a,jul2014,mlp,nominal_f,191,,0.05522274598479271,results/exp3_ml_real/jul2014/nominal_mlp.npz
a,jul2014,mlp,CROWN_lo_eps0.01,191,,0.04868227535473454,results/exp3_ml_real/jul2014/boxes_mlp.npz
a,jul2014,mlp,CROWN_hi_eps0.01,191,,0.062372065443757,results/exp3_ml_real/jul2014/boxes_mlp.npz
a,jul2014,mlp,nominal_f,192,,0.06020738184452057,results/exp3_ml_real/jul2014/nominal_mlp.npz
a,jul2014,mlp,CROWN_lo_eps0.01,192,,0.05211619227403351,results/exp3_ml_real/jul2014/boxes_mlp.npz
a,jul2014,mlp,CROWN_hi_eps0.01,192,,0.06855901778873005,results/exp3_ml_real/jul2014/boxes_mlp.npz
a,jul2014,mlp,nominal_f,193,,0.06133967638015747,results/exp3_ml_real/jul2014/nominal_mlp.npz
a,jul2014,mlp,CROWN_lo_eps0.01,193,,0.05322025170372652,results/exp3_ml_real/jul2014/boxes_mlp.npz
a,jul2014,mlp,CROWN_hi_eps0.01,193,,0.07048863433960838,results/exp3_ml_real/jul2014/boxes_mlp.npz
a,jul2014,mlp,nominal_f,194,,0.0562182292342186,results/exp3_ml_real/jul2014/nominal_mlp.npz
a,jul2014,mlp,CROWN_lo_eps0.01,194,,0.049306473469785825,results/exp3_ml_real/jul2014/boxes_mlp.npz
a,jul2014,mlp,CROWN_hi_eps0.01,194,,0.06435199691436864,results/exp3_ml_real/jul2014/boxes_mlp.npz
a,jul2014,mlp,nominal_f,195,,0.04680574685335159,results/exp3_ml_real/jul2014/nominal_mlp.npz
a,jul2014,mlp,CROWN_lo_eps0.01,195,,0.0410766271059254,results/exp3_ml_real/jul2014/boxes_mlp.npz
a,jul2014,mlp,CROWN_hi_eps0.01,195,,0.05278893139065708,results/exp3_ml_real/jul2014/boxes_mlp.npz
a,jul2014,mlp,nominal_f,196,,0.05000638961791992,results/exp3_ml_real/jul2014/nominal_mlp.npz
a,jul2014,mlp,CROWN_lo_eps0.01,196,,0.04446316183825421,results/exp3_ml_real/jul2014/boxes_mlp.npz
a,jul2014,mlp,CROWN_hi_eps0.01,196,,0.05661641257677985,results/exp3_ml_real/jul2014/boxes_mlp.npz
a,jul2014,mlp,nominal_f,197,,0.04334930703043938,results/exp3_ml_real/jul2014/nominal_mlp.npz
a,jul2014,mlp,CROWN_lo_eps0.01,197,,0.03717108484572942,results/exp3_ml_real/jul2014/boxes_mlp.npz
a,jul2014,mlp,CROWN_hi_eps0.01,197,,0.049274824854066264,results/exp3_ml_real/jul2014/boxes_mlp.npz
a,jul2014,mlp,nominal_f,198,,0.03688650578260422,results/exp3_ml_real/jul2014/nominal_mlp.npz
a,jul2014,mlp,CROWN_lo_eps0.01,198,,0.03193756022954576,results/exp3_ml_real/jul2014/boxes_mlp.npz
a,jul2014,mlp,CROWN_hi_eps0.01,198,,0.04294574116501759,results/exp3_ml_real/jul2014/boxes_mlp.npz
a,jul2014,mlp,nominal_f,199,,0.05328410118818283,results/exp3_ml_real/jul2014/nominal_mlp.npz
a,jul2014,mlp,CROWN_lo_eps0.01,199,,0.04618724052456605,results/exp3_ml_real/jul2014/boxes_mlp.npz
a,jul2014,mlp,CROWN_hi_eps0.01,199,,0.061699588520832335,results/exp3_ml_real/jul2014/boxes_mlp.npz
a,jul2014,mlp,nominal_f,200,,0.049497343599796295,results/exp3_ml_real/jul2014/nominal_mlp.npz
a,jul2014,mlp,CROWN_lo_eps0.01,200,,0.041443445135490364,results/exp3_ml_real/jul2014/boxes_mlp.npz
a,jul2014,mlp,CROWN_hi_eps0.01,200,,0.05778079178395813,results/exp3_ml_real/jul2014/boxes_mlp.npz
a,jul2014,mlp,nominal_f,201,,0.08672679960727692,results/exp3_ml_real/jul2014/nominal_mlp.npz
a,jul2014,mlp,CROWN_lo_eps0.01,201,,0.0720381275185322,results/exp3_ml_real/jul2014/boxes_mlp.npz
a,jul2014,mlp,CROWN_hi_eps0.01,201,,0.10360295139821032,results/exp3_ml_real/jul2014/boxes_mlp.npz
a,jul2014,mlp,nominal_f,202,,0.08761046081781387,results/exp3_ml_real/jul2014/nominal_mlp.npz
a,jul2014,mlp,CROWN_lo_eps0.01,202,,0.07228814447236023,results/exp3_ml_real/jul2014/boxes_mlp.npz
a,jul2014,mlp,CROWN_hi_eps0.01,202,,0.10475242078011068,results/exp3_ml_real/jul2014/boxes_mlp.npz
a,jul2014,mlp,nominal_f,203,,0.10539378225803375,results/exp3_ml_real/jul2014/nominal_mlp.npz
a,jul2014,mlp,CROWN_lo_eps0.01,203,,0.08670681655592336,results/exp3_ml_real/jul2014/boxes_mlp.npz
a,jul2014,mlp,CROWN_hi_eps0.01,203,,0.12610742477498318,results/exp3_ml_real/jul2014/boxes_mlp.npz
a,jul2014,mlp,nominal_f,204,,0.14351923763751984,results/exp3_ml_real/jul2014/nominal_mlp.npz
a,jul2014,mlp,CROWN_lo_eps0.01,204,,0.11888291413344773,results/exp3_ml_real/jul2014/boxes_mlp.npz
a,jul2014,mlp,CROWN_hi_eps0.01,204,,0.17197085838548556,results/exp3_ml_real/jul2014/boxes_mlp.npz
a,jul2014,mlp,nominal_f,205,,0.15074291825294495,results/exp3_ml_real/jul2014/nominal_mlp.npz
a,jul2014,mlp,CROWN_lo_eps0.01,205,,0.12724010902682156,results/exp3_ml_real/jul2014/boxes_mlp.npz
a,jul2014,mlp,CROWN_hi_eps0.01,205,,0.1761214486118258,results/exp3_ml_real/jul2014/boxes_mlp.npz
a,jul2014,mlp,nominal_f,206,,0.1785101592540741,results/exp3_ml_real/jul2014/nominal_mlp.npz
a,jul2014,mlp,CROWN_lo_eps0.01,206,,0.15493297806096237,results/exp3_ml_real/jul2014/boxes_mlp.npz
a,jul2014,mlp,CROWN_hi_eps0.01,206,,0.20773648614113552,results/exp3_ml_real/jul2014/boxes_mlp.npz
a,jul2014,mlp,nominal_f,207,,0.23479798436164856,results/exp3_ml_real/jul2014/nominal_mlp.npz
a,jul2014,mlp,CROWN_lo_eps0.01,207,,0.20103364294956724,results/exp3_ml_real/jul2014/boxes_mlp.npz
a,jul2014,mlp,CROWN_hi_eps0.01,207,,0.2702235908625968,results/exp3_ml_real/jul2014/boxes_mlp.npz
a,jul2014,mlp,nominal_f,208,,0.20942987501621246,results/exp3_ml_real/jul2014/nominal_mlp.npz
a,jul2014,mlp,CROWN_lo_eps0.01,208,,0.179943758640818,results/exp3_ml_real/jul2014/boxes_mlp.npz
a,jul2014,mlp,CROWN_hi_eps0.01,208,,0.24038722597829057,results/exp3_ml_real/jul2014/boxes_mlp.npz
a,jul2014,mlp,nominal_f,209,,0.20750293135643005,results/exp3_ml_real/jul2014/nominal_mlp.npz
a,jul2014,mlp,CROWN_lo_eps0.01,209,,0.181306069403623,results/exp3_ml_real/jul2014/boxes_mlp.npz
a,jul2014,mlp,CROWN_hi_eps0.01,209,,0.23939078788915505,results/exp3_ml_real/jul2014/boxes_mlp.npz
a,jul2014,mlp,nominal_f,210,,0.21073293685913086,results/exp3_ml_real/jul2014/nominal_mlp.npz
a,jul2014,mlp,CROWN_lo_eps0.01,210,,0.18379604744461028,results/exp3_ml_real/jul2014/boxes_mlp.npz
a,jul2014,mlp,CROWN_hi_eps0.01,210,,0.23891884404335353,results/exp3_ml_real/jul2014/boxes_mlp.npz
a,jul2014,mlp,nominal_f,211,,0.1574867218732834,results/exp3_ml_real/jul2014/nominal_mlp.npz
a,jul2014,mlp,CROWN_lo_eps0.01,211,,0.1345264759951522,results/exp3_ml_real/jul2014/boxes_mlp.npz
a,jul2014,mlp,CROWN_hi_eps0.01,211,,0.1827197061007371,results/exp3_ml_real/jul2014/boxes_mlp.npz
a,jul2014,mlp,nominal_f,212,,0.21863682568073273,results/exp3_ml_real/jul2014/nominal_mlp.npz
a,jul2014,mlp,CROWN_lo_eps0.01,212,,0.192045161645209,results/exp3_ml_real/jul2014/boxes_mlp.npz
a,jul2014,mlp,CROWN_hi_eps0.01,212,,0.24888419255342945,results/exp3_ml_real/jul2014/boxes_mlp.npz
a,jul2014,mlp,nominal_f,213,,0.11353427171707153,results/exp3_ml_real/jul2014/nominal_mlp.npz
a,jul2014,mlp,CROWN_lo_eps0.01,213,,0.09807065056721745,results/exp3_ml_real/jul2014/boxes_mlp.npz
a,jul2014,mlp,CROWN_hi_eps0.01,213,,0.13296387698936638,results/exp3_ml_real/jul2014/boxes_mlp.npz
a,jul2014,mlp,nominal_f,214,,0.15024887025356293,results/exp3_ml_real/jul2014/nominal_mlp.npz
a,jul2014,mlp,CROWN_lo_eps0.01,214,,0.1307292582138951,results/exp3_ml_real/jul2014/boxes_mlp.npz
a,jul2014,mlp,CROWN_hi_eps0.01,214,,0.1739359608410007,results/exp3_ml_real/jul2014/boxes_mlp.npz
a,jul2014,mlp,nominal_f,215,,0.15217024087905884,results/exp3_ml_real/jul2014/nominal_mlp.npz
a,jul2014,mlp,CROWN_lo_eps0.01,215,,0.13276347364025573,results/exp3_ml_real/jul2014/boxes_mlp.npz
a,jul2014,mlp,CROWN_hi_eps0.01,215,,0.17235375945800688,results/exp3_ml_real/jul2014/boxes_mlp.npz
a,jul2014,mlp,nominal_f,216,,0.2016458958387375,results/exp3_ml_real/jul2014/nominal_mlp.npz
a,jul2014,mlp,CROWN_lo_eps0.01,216,,0.18122969182071988,results/exp3_ml_real/jul2014/boxes_mlp.npz
a,jul2014,mlp,CROWN_hi_eps0.01,216,,0.2217632279082797,results/exp3_ml_real/jul2014/boxes_mlp.npz
a,jul2014,mlp,nominal_f,217,,0.21371644735336304,results/exp3_ml_real/jul2014/nominal_mlp.npz
a,jul2014,mlp,CROWN_lo_eps0.01,217,,0.19515011351373515,results/exp3_ml_real/jul2014/boxes_mlp.npz
a,jul2014,mlp,CROWN_hi_eps0.01,217,,0.23578642418445397,results/exp3_ml_real/jul2014/boxes_mlp.npz
a,jul2014,mlp,nominal_f,218,,0.20693939924240112,results/exp3_ml_real/jul2014/nominal_mlp.npz
a,jul2014,mlp,CROWN_lo_eps0.01,218,,0.18810354313101693,results/exp3_ml_real/jul2014/boxes_mlp.npz
a,jul2014,mlp,CROWN_hi_eps0.01,218,,0.22640877668798912,results/exp3_ml_real/jul2014/boxes_mlp.npz
a,jul2014,mlp,nominal_f,219,,0.13680097460746765,results/exp3_ml_real/jul2014/nominal_mlp.npz
a,jul2014,mlp,CROWN_lo_eps0.01,219,,0.12406420216291134,results/exp3_ml_real/jul2014/boxes_mlp.npz
a,jul2014,mlp,CROWN_hi_eps0.01,219,,0.14989476496106094,results/exp3_ml_real/jul2014/boxes_mlp.npz
a,jul2014,mlp,nominal_f,220,,0.1398428976535797,results/exp3_ml_real/jul2014/nominal_mlp.npz
a,jul2014,mlp,CROWN_lo_eps0.01,220,,0.12296260525069061,results/exp3_ml_real/jul2014/boxes_mlp.npz
a,jul2014,mlp,CROWN_hi_eps0.01,220,,0.1555246795975491,results/exp3_ml_real/jul2014/boxes_mlp.npz
a,jul2014,mlp,nominal_f,221,,0.20189301669597626,results/exp3_ml_real/jul2014/nominal_mlp.npz
a,jul2014,mlp,CROWN_lo_eps0.01,221,,0.17376138160373242,results/exp3_ml_real/jul2014/boxes_mlp.npz
a,jul2014,mlp,CROWN_hi_eps0.01,221,,0.22998333532293783,results/exp3_ml_real/jul2014/boxes_mlp.npz
a,jul2014,mlp,nominal_f,222,,0.20286677777767181,results/exp3_ml_real/jul2014/nominal_mlp.npz
a,jul2014,mlp,CROWN_lo_eps0.01,222,,0.17623460080427597,results/exp3_ml_real/jul2014/boxes_mlp.npz
a,jul2014,mlp,CROWN_hi_eps0.01,222,,0.22886932925280348,results/exp3_ml_real/jul2014/boxes_mlp.npz
a,jul2014,mlp,nominal_f,223,,0.20931628346443176,results/exp3_ml_real/jul2014/nominal_mlp.npz
a,jul2014,mlp,CROWN_lo_eps0.01,223,,0.18308689218710514,results/exp3_ml_real/jul2014/boxes_mlp.npz
a,jul2014,mlp,CROWN_hi_eps0.01,223,,0.23719985899079624,results/exp3_ml_real/jul2014/boxes_mlp.npz
a,jul2014,mlp,nominal_f,224,,0.1812334507703781,results/exp3_ml_real/jul2014/nominal_mlp.npz
a,jul2014,mlp,CROWN_lo_eps0.01,224,,0.1504447143171824,results/exp3_ml_real/jul2014/boxes_mlp.npz
a,jul2014,mlp,CROWN_hi_eps0.01,224,,0.20948436678067986,results/exp3_ml_real/jul2014/boxes_mlp.npz
a,jul2014,mlp,nominal_f,225,,0.21339307725429535,results/exp3_ml_real/jul2014/nominal_mlp.npz
a,jul2014,mlp,CROWN_lo_eps0.01,225,,0.18560840221017336,results/exp3_ml_real/jul2014/boxes_mlp.npz
a,jul2014,mlp,CROWN_hi_eps0.01,225,,0.24331369354412416,results/exp3_ml_real/jul2014/boxes_mlp.npz
a,jul2014,mlp,nominal_f,226,,0.11060795187950134,results/exp3_ml_real/jul2014/nominal_mlp.npz
a,jul2014,mlp,CROWN_lo_eps0.01,226,,0.09434310165675344,results/exp3_ml_real/jul2014/boxes_mlp.npz
a,jul2014,mlp,CROWN_hi_eps0.01,226,,0.12794976253418275,results/exp3_ml_real/jul2014/boxes_mlp.npz
a,jul2014,mlp,nominal_f,227,,0.08937644958496094,results/exp3_ml_real/jul2014/nominal_mlp.npz
a,jul2014,mlp,CROWN_lo_eps0.01,227,,0.0747592804143796,results/exp3_ml_real/jul2014/boxes_mlp.npz
a,jul2014,mlp,CROWN_hi_eps0.01,227,,0.10638631655894945,results/exp3_ml_real/jul2014/boxes_mlp.npz
a,jul2014,mlp,nominal_f,228,,0.09106376767158508,results/exp3_ml_real/jul2014/nominal_mlp.npz
a,jul2014,mlp,CROWN_lo_eps0.01,228,,0.07833923519205063,results/exp3_ml_real/jul2014/boxes_mlp.npz
a,jul2014,mlp,CROWN_hi_eps0.01,228,,0.10461341897278717,results/exp3_ml_real/jul2014/boxes_mlp.npz
a,jul2014,mlp,nominal_f,229,,0.0926252007484436,results/exp3_ml_real/jul2014/nominal_mlp.npz
a,jul2014,mlp,CROWN_lo_eps0.01,229,,0.07914762267420258,results/exp3_ml_real/jul2014/boxes_mlp.npz
a,jul2014,mlp,CROWN_hi_eps0.01,229,,0.10772539657029975,results/exp3_ml_real/jul2014/boxes_mlp.npz
a,jul2014,mlp,nominal_f,230,,0.12309524416923523,results/exp3_ml_real/jul2014/nominal_mlp.npz
a,jul2014,mlp,CROWN_lo_eps0.01,230,,0.10501281860563147,results/exp3_ml_real/jul2014/boxes_mlp.npz
a,jul2014,mlp,CROWN_hi_eps0.01,230,,0.14718799814477182,results/exp3_ml_real/jul2014/boxes_mlp.npz
a,jul2014,mlp,nominal_f,231,,0.147354394197464,results/exp3_ml_real/jul2014/nominal_mlp.npz
a,jul2014,mlp,CROWN_lo_eps0.01,231,,0.12332120539846733,results/exp3_ml_real/jul2014/boxes_mlp.npz
a,jul2014,mlp,CROWN_hi_eps0.01,231,,0.17699112684669174,results/exp3_ml_real/jul2014/boxes_mlp.npz
a,jul2014,mlp,nominal_f,232,,0.1632690578699112,results/exp3_ml_real/jul2014/nominal_mlp.npz
a,jul2014,mlp,CROWN_lo_eps0.01,232,,0.13733458273894003,results/exp3_ml_real/jul2014/boxes_mlp.npz
a,jul2014,mlp,CROWN_hi_eps0.01,232,,0.1921027658312147,results/exp3_ml_real/jul2014/boxes_mlp.npz
a,jul2014,mlp,nominal_f,233,,0.12824104726314545,results/exp3_ml_real/jul2014/nominal_mlp.npz
a,jul2014,mlp,CROWN_lo_eps0.01,233,,0.11012446250736266,results/exp3_ml_real/jul2014/boxes_mlp.npz
a,jul2014,mlp,CROWN_hi_eps0.01,233,,0.15087303002541833,results/exp3_ml_real/jul2014/boxes_mlp.npz
a,jul2014,mlp,nominal_f,234,,0.10212308913469315,results/exp3_ml_real/jul2014/nominal_mlp.npz
a,jul2014,mlp,CROWN_lo_eps0.01,234,,0.08802876365371351,results/exp3_ml_real/jul2014/boxes_mlp.npz
a,jul2014,mlp,CROWN_hi_eps0.01,234,,0.11854869241007057,results/exp3_ml_real/jul2014/boxes_mlp.npz
a,jul2014,mlp,nominal_f,235,,0.0748007595539093,results/exp3_ml_real/jul2014/nominal_mlp.npz
a,jul2014,mlp,CROWN_lo_eps0.01,235,,0.06457301939071389,results/exp3_ml_real/jul2014/boxes_mlp.npz
a,jul2014,mlp,CROWN_hi_eps0.01,235,,0.08786328691295667,results/exp3_ml_real/jul2014/boxes_mlp.npz
a,jul2014,mlp,nominal_f,236,,0.10277055948972702,results/exp3_ml_real/jul2014/nominal_mlp.npz
a,jul2014,mlp,CROWN_lo_eps0.01,236,,0.08673251902328885,results/exp3_ml_real/jul2014/boxes_mlp.npz
a,jul2014,mlp,CROWN_hi_eps0.01,236,,0.1208196041019027,results/exp3_ml_real/jul2014/boxes_mlp.npz
a,jul2014,mlp,nominal_f,237,,0.16414573788642883,results/exp3_ml_real/jul2014/nominal_mlp.npz
a,jul2014,mlp,CROWN_lo_eps0.01,237,,0.1411820946554275,results/exp3_ml_real/jul2014/boxes_mlp.npz
a,jul2014,mlp,CROWN_hi_eps0.01,237,,0.18843659274326555,results/exp3_ml_real/jul2014/boxes_mlp.npz
a,jul2014,mlp,nominal_f,238,,0.18336841464042664,results/exp3_ml_real/jul2014/nominal_mlp.npz
a,jul2014,mlp,CROWN_lo_eps0.01,238,,0.16519650510181907,results/exp3_ml_real/jul2014/boxes_mlp.npz
a,jul2014,mlp,CROWN_hi_eps0.01,238,,0.20213686726409621,results/exp3_ml_real/jul2014/boxes_mlp.npz
a,jul2014,mlp,nominal_f,239,,0.16306273639202118,results/exp3_ml_real/jul2014/nominal_mlp.npz
a,jul2014,mlp,CROWN_lo_eps0.01,239,,0.14342413483307745,results/exp3_ml_real/jul2014/boxes_mlp.npz
a,jul2014,mlp,CROWN_hi_eps0.01,239,,0.18310476625633584,results/exp3_ml_real/jul2014/boxes_mlp.npz
a,jul2014,mlp,nominal_f,240,,0.17721806466579437,results/exp3_ml_real/jul2014/nominal_mlp.npz
a,jul2014,mlp,CROWN_lo_eps0.01,240,,0.15886180126805802,results/exp3_ml_real/jul2014/boxes_mlp.npz
a,jul2014,mlp,CROWN_hi_eps0.01,240,,0.19555671101561514,results/exp3_ml_real/jul2014/boxes_mlp.npz
a,jul2014,mlp,nominal_f,241,,0.18365930020809174,results/exp3_ml_real/jul2014/nominal_mlp.npz
a,jul2014,mlp,CROWN_lo_eps0.01,241,,0.16559824400982273,results/exp3_ml_real/jul2014/boxes_mlp.npz
a,jul2014,mlp,CROWN_hi_eps0.01,241,,0.20238942323797318,results/exp3_ml_real/jul2014/boxes_mlp.npz
a,jul2014,mlp,nominal_f,242,,0.17827607691287994,results/exp3_ml_real/jul2014/nominal_mlp.npz
a,jul2014,mlp,CROWN_lo_eps0.01,242,,0.15943893316209132,results/exp3_ml_real/jul2014/boxes_mlp.npz
a,jul2014,mlp,CROWN_hi_eps0.01,242,,0.199319091825414,results/exp3_ml_real/jul2014/boxes_mlp.npz
a,jul2014,mlp,nominal_f,243,,0.13426297903060913,results/exp3_ml_real/jul2014/nominal_mlp.npz
a,jul2014,mlp,CROWN_lo_eps0.01,243,,0.12165942056897125,results/exp3_ml_real/jul2014/boxes_mlp.npz
a,jul2014,mlp,CROWN_hi_eps0.01,243,,0.14735552365910995,results/exp3_ml_real/jul2014/boxes_mlp.npz
a,jul2014,mlp,nominal_f,244,,0.15105538070201874,results/exp3_ml_real/jul2014/nominal_mlp.npz
a,jul2014,mlp,CROWN_lo_eps0.01,244,,0.13270334518712504,results/exp3_ml_real/jul2014/boxes_mlp.npz
a,jul2014,mlp,CROWN_hi_eps0.01,244,,0.16652839935544242,results/exp3_ml_real/jul2014/boxes_mlp.npz
a,jul2014,mlp,nominal_f,245,,0.13761214911937714,results/exp3_ml_real/jul2014/nominal_mlp.npz
a,jul2014,mlp,CROWN_lo_eps0.01,245,,0.12146385912330213,results/exp3_ml_real/jul2014/boxes_mlp.npz
a,jul2014,mlp,CROWN_hi_eps0.01,245,,0.15457058952028926,results/exp3_ml_real/jul2014/boxes_mlp.npz
a,jul2014,mlp,nominal_f,246,,0.12948784232139587,results/exp3_ml_real/jul2014/nominal_mlp.npz
a,jul2014,mlp,CROWN_lo_eps0.01,246,,0.11018969494745764,results/exp3_ml_real/jul2014/boxes_mlp.npz
a,jul2014,mlp,CROWN_hi_eps0.01,246,,0.15266225240013134,results/exp3_ml_real/jul2014/boxes_mlp.npz
a,jul2014,mlp,nominal_f,247,,0.17530789971351624,results/exp3_ml_real/jul2014/nominal_mlp.npz
a,jul2014,mlp,CROWN_lo_eps0.01,247,,0.15024520286482643,results/exp3_ml_real/jul2014/boxes_mlp.npz
a,jul2014,mlp,CROWN_hi_eps0.01,247,,0.2009094905556497,results/exp3_ml_real/jul2014/boxes_mlp.npz
a,jul2014,mlp,nominal_f,248,,0.1366727352142334,results/exp3_ml_real/jul2014/nominal_mlp.npz
a,jul2014,mlp,CROWN_lo_eps0.01,248,,0.11494941198468697,results/exp3_ml_real/jul2014/boxes_mlp.npz
a,jul2014,mlp,CROWN_hi_eps0.01,248,,0.16192574273662116,results/exp3_ml_real/jul2014/boxes_mlp.npz
a,jul2014,mlp,nominal_f,249,,0.24156418442726135,results/exp3_ml_real/jul2014/nominal_mlp.npz
a,jul2014,mlp,CROWN_lo_eps0.01,249,,0.20745864133276978,results/exp3_ml_real/jul2014/boxes_mlp.npz
a,jul2014,mlp,CROWN_hi_eps0.01,249,,0.2795465185596128,results/exp3_ml_real/jul2014/boxes_mlp.npz
a,jul2014,mlp,nominal_f,250,,0.22070768475532532,results/exp3_ml_real/jul2014/nominal_mlp.npz
a,jul2014,mlp,CROWN_lo_eps0.01,250,,0.1893394308122481,results/exp3_ml_real/jul2014/boxes_mlp.npz
a,jul2014,mlp,CROWN_hi_eps0.01,250,,0.2535979309045126,results/exp3_ml_real/jul2014/boxes_mlp.npz
a,jul2014,mlp,nominal_f,251,,0.24248597025871277,results/exp3_ml_real/jul2014/nominal_mlp.npz
a,jul2014,mlp,CROWN_lo_eps0.01,251,,0.2097259184289247,results/exp3_ml_real/jul2014/boxes_mlp.npz
a,jul2014,mlp,CROWN_hi_eps0.01,251,,0.2767279733374159,results/exp3_ml_real/jul2014/boxes_mlp.npz
a,jul2014,mlp,nominal_f,252,,0.23034489154815674,results/exp3_ml_real/jul2014/nominal_mlp.npz
a,jul2014,mlp,CROWN_lo_eps0.01,252,,0.19661441988241454,results/exp3_ml_real/jul2014/boxes_mlp.npz
a,jul2014,mlp,CROWN_hi_eps0.01,252,,0.2657866432931248,results/exp3_ml_real/jul2014/boxes_mlp.npz
a,jul2014,mlp,nominal_f,253,,0.22856305539608002,results/exp3_ml_real/jul2014/nominal_mlp.npz
a,jul2014,mlp,CROWN_lo_eps0.01,253,,0.19835430372041304,results/exp3_ml_real/jul2014/boxes_mlp.npz
a,jul2014,mlp,CROWN_hi_eps0.01,253,,0.2615173155590628,results/exp3_ml_real/jul2014/boxes_mlp.npz
a,jul2014,mlp,nominal_f,254,,0.2088523507118225,results/exp3_ml_real/jul2014/nominal_mlp.npz
a,jul2014,mlp,CROWN_lo_eps0.01,254,,0.1768656085718797,results/exp3_ml_real/jul2014/boxes_mlp.npz
a,jul2014,mlp,CROWN_hi_eps0.01,254,,0.2432271686779746,results/exp3_ml_real/jul2014/boxes_mlp.npz
a,jul2014,mlp,nominal_f,255,,0.37580832839012146,results/exp3_ml_real/jul2014/nominal_mlp.npz
a,jul2014,mlp,CROWN_lo_eps0.01,255,,0.33081197982512617,results/exp3_ml_real/jul2014/boxes_mlp.npz
a,jul2014,mlp,CROWN_hi_eps0.01,255,,0.4217586125011485,results/exp3_ml_real/jul2014/boxes_mlp.npz
a,jul2014,mlp,nominal_f,256,,0.31151631474494934,results/exp3_ml_real/jul2014/nominal_mlp.npz
a,jul2014,mlp,CROWN_lo_eps0.01,256,,0.27063905898104396,results/exp3_ml_real/jul2014/boxes_mlp.npz
a,jul2014,mlp,CROWN_hi_eps0.01,256,,0.3544947213481561,results/exp3_ml_real/jul2014/boxes_mlp.npz
a,jul2014,mlp,nominal_f,257,,0.20958106219768524,results/exp3_ml_real/jul2014/nominal_mlp.npz
a,jul2014,mlp,CROWN_lo_eps0.01,257,,0.17750400592575807,results/exp3_ml_real/jul2014/boxes_mlp.npz
a,jul2014,mlp,CROWN_hi_eps0.01,257,,0.24287126528895545,results/exp3_ml_real/jul2014/boxes_mlp.npz
a,jul2014,mlp,nominal_f,258,,0.2994692027568817,results/exp3_ml_real/jul2014/nominal_mlp.npz
a,jul2014,mlp,CROWN_lo_eps0.01,258,,0.2599286586497059,results/exp3_ml_real/jul2014/boxes_mlp.npz
a,jul2014,mlp,CROWN_hi_eps0.01,258,,0.34331490841019335,results/exp3_ml_real/jul2014/boxes_mlp.npz
a,jul2014,mlp,nominal_f,259,,0.18174207210540771,results/exp3_ml_real/jul2014/nominal_mlp.npz
a,jul2014,mlp,CROWN_lo_eps0.01,259,,0.15396795817793327,results/exp3_ml_real/jul2014/boxes_mlp.npz
a,jul2014,mlp,CROWN_hi_eps0.01,259,,0.2142130725599787,results/exp3_ml_real/jul2014/boxes_mlp.npz
a,jul2014,mlp,nominal_f,260,,0.29101964831352234,results/exp3_ml_real/jul2014/nominal_mlp.npz
a,jul2014,mlp,CROWN_lo_eps0.01,260,,0.2628468066014958,results/exp3_ml_real/jul2014/boxes_mlp.npz
a,jul2014,mlp,CROWN_hi_eps0.01,260,,0.3243555144695079,results/exp3_ml_real/jul2014/boxes_mlp.npz
a,jul2014,mlp,nominal_f,261,,0.2951295077800751,results/exp3_ml_real/jul2014/nominal_mlp.npz
a,jul2014,mlp,CROWN_lo_eps0.01,261,,0.2691845537969943,results/exp3_ml_real/jul2014/boxes_mlp.npz
a,jul2014,mlp,CROWN_hi_eps0.01,261,,0.32154466802959186,results/exp3_ml_real/jul2014/boxes_mlp.npz
a,jul2014,mlp,nominal_f,262,,0.372837632894516,results/exp3_ml_real/jul2014/nominal_mlp.npz
a,jul2014,mlp,CROWN_lo_eps0.01,262,,0.33905986744338495,results/exp3_ml_real/jul2014/boxes_mlp.npz
a,jul2014,mlp,CROWN_hi_eps0.01,262,,0.40962615013257914,results/exp3_ml_real/jul2014/boxes_mlp.npz
a,jul2014,mlp,nominal_f,263,,0.3719369173049927,results/exp3_ml_real/jul2014/nominal_mlp.npz
a,jul2014,mlp,CROWN_lo_eps0.01,263,,0.336874847972033,results/exp3_ml_real/jul2014/boxes_mlp.npz
a,jul2014,mlp,CROWN_hi_eps0.01,263,,0.40918007230238634,results/exp3_ml_real/jul2014/boxes_mlp.npz
a,jul2014,mlp,nominal_f,264,,0.31294378638267517,results/exp3_ml_real/jul2014/nominal_mlp.npz
a,jul2014,mlp,CROWN_lo_eps0.01,264,,0.2835302669164686,results/exp3_ml_real/jul2014/boxes_mlp.npz
a,jul2014,mlp,CROWN_hi_eps0.01,264,,0.34764393396986265,results/exp3_ml_real/jul2014/boxes_mlp.npz
a,jul2014,mlp,nominal_f,265,,0.4001169204711914,results/exp3_ml_real/jul2014/nominal_mlp.npz
a,jul2014,mlp,CROWN_lo_eps0.01,265,,0.36732438780070314,results/exp3_ml_real/jul2014/boxes_mlp.npz
a,jul2014,mlp,CROWN_hi_eps0.01,265,,0.4328730128207618,results/exp3_ml_real/jul2014/boxes_mlp.npz
a,jul2014,mlp,nominal_f,266,,0.41156360507011414,results/exp3_ml_real/jul2014/nominal_mlp.npz
a,jul2014,mlp,CROWN_lo_eps0.01,266,,0.3800768698669336,results/exp3_ml_real/jul2014/boxes_mlp.npz
a,jul2014,mlp,CROWN_hi_eps0.01,266,,0.443719153037286,results/exp3_ml_real/jul2014/boxes_mlp.npz
a,jul2014,mlp,nominal_f,267,,0.3396356701850891,results/exp3_ml_real/jul2014/nominal_mlp.npz
a,jul2014,mlp,CROWN_lo_eps0.01,267,,0.3132329872285156,results/exp3_ml_real/jul2014/boxes_mlp.npz
a,jul2014,mlp,CROWN_hi_eps0.01,267,,0.3665147036949438,results/exp3_ml_real/jul2014/boxes_mlp.npz
a,jul2014,mlp,nominal_f,268,,0.39115267992019653,results/exp3_ml_real/jul2014/nominal_mlp.npz
a,jul2014,mlp,CROWN_lo_eps0.01,268,,0.36619963483077506,results/exp3_ml_real/jul2014/boxes_mlp.npz
a,jul2014,mlp,CROWN_hi_eps0.01,268,,0.4350042805578082,results/exp3_ml_real/jul2014/boxes_mlp.npz
a,jul2014,mlp,nominal_f,269,,0.4618540406227112,results/exp3_ml_real/jul2014/nominal_mlp.npz
a,jul2014,mlp,CROWN_lo_eps0.01,269,,0.42420128053218936,results/exp3_ml_real/jul2014/boxes_mlp.npz
a,jul2014,mlp,CROWN_hi_eps0.01,269,,0.49965300718960143,results/exp3_ml_real/jul2014/boxes_mlp.npz
a,jul2014,mlp,nominal_f,270,,0.4013037085533142,results/exp3_ml_real/jul2014/nominal_mlp.npz
a,jul2014,mlp,CROWN_lo_eps0.01,270,,0.35845623623782347,results/exp3_ml_real/jul2014/boxes_mlp.npz
a,jul2014,mlp,CROWN_hi_eps0.01,270,,0.44771978887441927,results/exp3_ml_real/jul2014/boxes_mlp.npz
a,jul2014,mlp,nominal_f,271,,0.5020726323127747,results/exp3_ml_real/jul2014/nominal_mlp.npz
a,jul2014,mlp,CROWN_lo_eps0.01,271,,0.4543084210515094,results/exp3_ml_real/jul2014/boxes_mlp.npz
a,jul2014,mlp,CROWN_hi_eps0.01,271,,0.5495036723381072,results/exp3_ml_real/jul2014/boxes_mlp.npz
a,jul2014,mlp,nominal_f,272,,0.5472117066383362,results/exp3_ml_real/jul2014/nominal_mlp.npz
a,jul2014,mlp,CROWN_lo_eps0.01,272,,0.49678461822755243,results/exp3_ml_real/jul2014/boxes_mlp.npz
a,jul2014,mlp,CROWN_hi_eps0.01,272,,0.5941037281322427,results/exp3_ml_real/jul2014/boxes_mlp.npz
a,jul2014,mlp,nominal_f,273,,0.6414148211479187,results/exp3_ml_real/jul2014/nominal_mlp.npz
a,jul2014,mlp,CROWN_lo_eps0.01,273,,0.5973295839954801,results/exp3_ml_real/jul2014/boxes_mlp.npz
a,jul2014,mlp,CROWN_hi_eps0.01,273,,0.684461629926766,results/exp3_ml_real/jul2014/boxes_mlp.npz
a,jul2014,mlp,nominal_f,274,,0.5917665362358093,results/exp3_ml_real/jul2014/nominal_mlp.npz
a,jul2014,mlp,CROWN_lo_eps0.01,274,,0.5455408595947161,results/exp3_ml_real/jul2014/boxes_mlp.npz
a,jul2014,mlp,CROWN_hi_eps0.01,274,,0.6370236074075802,results/exp3_ml_real/jul2014/boxes_mlp.npz
a,jul2014,mlp,nominal_f,275,,0.7457422018051147,results/exp3_ml_real/jul2014/nominal_mlp.npz
a,jul2014,mlp,CROWN_lo_eps0.01,275,,0.707026197187098,results/exp3_ml_real/jul2014/boxes_mlp.npz
a,jul2014,mlp,CROWN_hi_eps0.01,275,,0.7827251269290397,results/exp3_ml_real/jul2014/boxes_mlp.npz
a,jul2014,mlp,nominal_f,276,,0.6920744180679321,results/exp3_ml_real/jul2014/nominal_mlp.npz
a,jul2014,mlp,CROWN_lo_eps0.01,276,,0.6484683882090426,results/exp3_ml_real/jul2014/boxes_mlp.npz
a,jul2014,mlp,CROWN_hi_eps0.01,276,,0.7373706483960466,results/exp3_ml_real/jul2014/boxes_mlp.npz
a,jul2014,mlp,nominal_f,277,,0.6800539493560791,results/exp3_ml_real/jul2014/nominal_mlp.npz
a,jul2014,mlp,CROWN_lo_eps0.01,277,,0.6356419228806219,results/exp3_ml_real/jul2014/boxes_mlp.npz
a,jul2014,mlp,CROWN_hi_eps0.01,277,,0.7230308200049175,results/exp3_ml_real/jul2014/boxes_mlp.npz
a,jul2014,mlp,nominal_f,278,,0.6479295492172241,results/exp3_ml_real/jul2014/nominal_mlp.npz
a,jul2014,mlp,CROWN_lo_eps0.01,278,,0.6019967954342759,results/exp3_ml_real/jul2014/boxes_mlp.npz
a,jul2014,mlp,CROWN_hi_eps0.01,278,,0.6926751923954094,results/exp3_ml_real/jul2014/boxes_mlp.npz
a,jul2014,mlp,nominal_f,279,,0.3341220021247864,results/exp3_ml_real/jul2014/nominal_mlp.npz
a,jul2014,mlp,CROWN_lo_eps0.01,279,,0.29054179554706244,results/exp3_ml_real/jul2014/boxes_mlp.npz
a,jul2014,mlp,CROWN_hi_eps0.01,279,,0.37900551919517284,results/exp3_ml_real/jul2014/boxes_mlp.npz
a,jul2014,mlp,nominal_f,280,,0.15025073289871216,results/exp3_ml_real/jul2014/nominal_mlp.npz
a,jul2014,mlp,CROWN_lo_eps0.01,280,,0.12775828210511805,results/exp3_ml_real/jul2014/boxes_mlp.npz
a,jul2014,mlp,CROWN_hi_eps0.01,280,,0.1741542490356444,results/exp3_ml_real/jul2014/boxes_mlp.npz
a,jul2014,mlp,nominal_f,281,,0.09681016951799393,results/exp3_ml_real/jul2014/nominal_mlp.npz
a,jul2014,mlp,CROWN_lo_eps0.01,281,,0.08121498738733682,results/exp3_ml_real/jul2014/boxes_mlp.npz
a,jul2014,mlp,CROWN_hi_eps0.01,281,,0.11633120008512329,results/exp3_ml_real/jul2014/boxes_mlp.npz
a,jul2014,mlp,nominal_f,282,,0.12622036039829254,results/exp3_ml_real/jul2014/nominal_mlp.npz
a,jul2014,mlp,CROWN_lo_eps0.01,282,,0.10693381287760154,results/exp3_ml_real/jul2014/boxes_mlp.npz
a,jul2014,mlp,CROWN_hi_eps0.01,282,,0.14888193889886983,results/exp3_ml_real/jul2014/boxes_mlp.npz
a,jul2014,mlp,nominal_f,283,,0.12290894240140915,results/exp3_ml_real/jul2014/nominal_mlp.npz
a,jul2014,mlp,CROWN_lo_eps0.01,283,,0.10600941265412836,results/exp3_ml_real/jul2014/boxes_mlp.npz
a,jul2014,mlp,CROWN_hi_eps0.01,283,,0.1426434096663133,results/exp3_ml_real/jul2014/boxes_mlp.npz
a,jul2014,mlp,nominal_f,284,,0.23247140645980835,results/exp3_ml_real/jul2014/nominal_mlp.npz
a,jul2014,mlp,CROWN_lo_eps0.01,284,,0.2082818530333633,results/exp3_ml_real/jul2014/boxes_mlp.npz
a,jul2014,mlp,CROWN_hi_eps0.01,284,,0.25753019494089674,results/exp3_ml_real/jul2014/boxes_mlp.npz
a,jul2014,mlp,nominal_f,285,,0.21787774562835693,results/exp3_ml_real/jul2014/nominal_mlp.npz
a,jul2014,mlp,CROWN_lo_eps0.01,285,,0.1946349234706056,results/exp3_ml_real/jul2014/boxes_mlp.npz
a,jul2014,mlp,CROWN_hi_eps0.01,285,,0.2449977544982294,results/exp3_ml_real/jul2014/boxes_mlp.npz
a,jul2014,mlp,nominal_f,286,,0.31561771035194397,results/exp3_ml_real/jul2014/nominal_mlp.npz
a,jul2014,mlp,CROWN_lo_eps0.01,286,,0.27965321230803736,results/exp3_ml_real/jul2014/boxes_mlp.npz
a,jul2014,mlp,CROWN_hi_eps0.01,286,,0.3573599439178709,results/exp3_ml_real/jul2014/boxes_mlp.npz
a,jul2014,mlp,nominal_f,287,,0.3043965995311737,results/exp3_ml_real/jul2014/nominal_mlp.npz
a,jul2014,mlp,CROWN_lo_eps0.01,287,,0.26917862614926963,results/exp3_ml_real/jul2014/boxes_mlp.npz
a,jul2014,mlp,CROWN_hi_eps0.01,287,,0.34069447737326836,results/exp3_ml_real/jul2014/boxes_mlp.npz
a,jul2014,mlp,nominal_f,288,,0.2888507843017578,results/exp3_ml_real/jul2014/nominal_mlp.npz
a,jul2014,mlp,CROWN_lo_eps0.01,288,,0.25989675843626875,results/exp3_ml_real/jul2014/boxes_mlp.npz
a,jul2014,mlp,CROWN_hi_eps0.01,288,,0.3225261981006173,results/exp3_ml_real/jul2014/boxes_mlp.npz
a,jul2014,mlp,nominal_f,289,,0.3675244152545929,results/exp3_ml_real/jul2014/nominal_mlp.npz
a,jul2014,mlp,CROWN_lo_eps0.01,289,,0.33283754736312904,results/exp3_ml_real/jul2014/boxes_mlp.npz
a,jul2014,mlp,CROWN_hi_eps0.01,289,,0.3993711780211661,results/exp3_ml_real/jul2014/boxes_mlp.npz
a,jul2014,mlp,nominal_f,290,,0.37584662437438965,results/exp3_ml_real/jul2014/nominal_mlp.npz
a,jul2014,mlp,CROWN_lo_eps0.01,290,,0.3442212215361699,results/exp3_ml_real/jul2014/boxes_mlp.npz
a,jul2014,mlp,CROWN_hi_eps0.01,290,,0.40862621895539714,results/exp3_ml_real/jul2014/boxes_mlp.npz
a,jul2014,mlp,nominal_f,291,,0.3649387061595917,results/exp3_ml_real/jul2014/nominal_mlp.npz
a,jul2014,mlp,CROWN_lo_eps0.01,291,,0.3353448328133605,results/exp3_ml_real/jul2014/boxes_mlp.npz
a,jul2014,mlp,CROWN_hi_eps0.01,291,,0.4026090688192873,results/exp3_ml_real/jul2014/boxes_mlp.npz
a,jul2014,mlp,nominal_f,292,,0.3865463137626648,results/exp3_ml_real/jul2014/nominal_mlp.npz
a,jul2014,mlp,CROWN_lo_eps0.01,292,,0.3585115987738992,results/exp3_ml_real/jul2014/boxes_mlp.npz
a,jul2014,mlp,CROWN_hi_eps0.01,292,,0.4235247432611096,results/exp3_ml_real/jul2014/boxes_mlp.npz
a,jul2014,mlp,nominal_f,293,,0.3461528420448303,results/exp3_ml_real/jul2014/nominal_mlp.npz
a,jul2014,mlp,CROWN_lo_eps0.01,293,,0.3165785724032519,results/exp3_ml_real/jul2014/boxes_mlp.npz
a,jul2014,mlp,CROWN_hi_eps0.01,293,,0.3762899719246699,results/exp3_ml_real/jul2014/boxes_mlp.npz
a,jul2014,mlp,nominal_f,294,,0.3350299894809723,results/exp3_ml_real/jul2014/nominal_mlp.npz
a,jul2014,mlp,CROWN_lo_eps0.01,294,,0.3010075513524754,results/exp3_ml_real/jul2014/boxes_mlp.npz
a,jul2014,mlp,CROWN_hi_eps0.01,294,,0.36986242950233567,results/exp3_ml_real/jul2014/boxes_mlp.npz
a,jul2014,mlp,nominal_f,295,,0.3437962830066681,results/exp3_ml_real/jul2014/nominal_mlp.npz
a,jul2014,mlp,CROWN_lo_eps0.01,295,,0.311230983351704,results/exp3_ml_real/jul2014/boxes_mlp.npz
a,jul2014,mlp,CROWN_hi_eps0.01,295,,0.3880117593826838,results/exp3_ml_real/jul2014/boxes_mlp.npz
a,jul2014,mlp,nominal_f,296,,0.41531985998153687,results/exp3_ml_real/jul2014/nominal_mlp.npz
a,jul2014,mlp,CROWN_lo_eps0.01,296,,0.37331961784214235,results/exp3_ml_real/jul2014/boxes_mlp.npz
a,jul2014,mlp,CROWN_hi_eps0.01,296,,0.4578370424047435,results/exp3_ml_real/jul2014/boxes_mlp.npz
a,jul2014,mlp,nominal_f,297,,0.5218843817710876,results/exp3_ml_real/jul2014/nominal_mlp.npz
a,jul2014,mlp,CROWN_lo_eps0.01,297,,0.4749782062541093,results/exp3_ml_real/jul2014/boxes_mlp.npz
a,jul2014,mlp,CROWN_hi_eps0.01,297,,0.5732604380337599,results/exp3_ml_real/jul2014/boxes_mlp.npz
a,jul2014,mlp,nominal_f,298,,0.6774235963821411,results/exp3_ml_real/jul2014/nominal_mlp.npz
a,jul2014,mlp,CROWN_lo_eps0.01,298,,0.6352113583054843,results/exp3_ml_real/jul2014/boxes_mlp.npz
a,jul2014,mlp,CROWN_hi_eps0.01,298,,0.7250539261198464,results/exp3_ml_real/jul2014/boxes_mlp.npz
a,jul2014,mlp,nominal_f,299,,0.6821187734603882,results/exp3_ml_real/jul2014/nominal_mlp.npz
a,jul2014,mlp,CROWN_lo_eps0.01,299,,0.6412527091956269,results/exp3_ml_real/jul2014/boxes_mlp.npz
a,jul2014,mlp,CROWN_hi_eps0.01,299,,0.7217386573031298,results/exp3_ml_real/jul2014/boxes_mlp.npz
a,jul2014,mlp,nominal_f,300,,0.5319010615348816,results/exp3_ml_real/jul2014/nominal_mlp.npz
a,jul2014,mlp,CROWN_lo_eps0.01,300,,0.48626754838545244,results/exp3_ml_real/jul2014/boxes_mlp.npz
a,jul2014,mlp,CROWN_hi_eps0.01,300,,0.5773951352332453,results/exp3_ml_real/jul2014/boxes_mlp.npz
a,jul2014,mlp,nominal_f,301,,0.39441412687301636,results/exp3_ml_real/jul2014/nominal_mlp.npz
a,jul2014,mlp,CROWN_lo_eps0.01,301,,0.3483672335853914,results/exp3_ml_real/jul2014/boxes_mlp.npz
a,jul2014,mlp,CROWN_hi_eps0.01,301,,0.44280407679724826,results/exp3_ml_real/jul2014/boxes_mlp.npz
a,jul2014,mlp,nominal_f,302,,0.1586822271347046,results/exp3_ml_real/jul2014/nominal_mlp.npz
a,jul2014,mlp,CROWN_lo_eps0.01,302,,0.13301714824902686,results/exp3_ml_real/jul2014/boxes_mlp.npz
a,jul2014,mlp,CROWN_hi_eps0.01,302,,0.18862828009072277,results/exp3_ml_real/jul2014/boxes_mlp.npz
a,jul2014,mlp,nominal_f,303,,0.1899954229593277,results/exp3_ml_real/jul2014/nominal_mlp.npz
a,jul2014,mlp,CROWN_lo_eps0.01,303,,0.15716519494039957,results/exp3_ml_real/jul2014/boxes_mlp.npz
a,jul2014,mlp,CROWN_hi_eps0.01,303,,0.22242378941855004,results/exp3_ml_real/jul2014/boxes_mlp.npz
a,jul2014,mlp,nominal_f,304,,0.15110069513320923,results/exp3_ml_real/jul2014/nominal_mlp.npz
a,jul2014,mlp,CROWN_lo_eps0.01,304,,0.12662337607440619,results/exp3_ml_real/jul2014/boxes_mlp.npz
a,jul2014,mlp,CROWN_hi_eps0.01,304,,0.17716132982048308,results/exp3_ml_real/jul2014/boxes_mlp.npz
a,jul2014,mlp,nominal_f,305,,0.12696702778339386,results/exp3_ml_real/jul2014/nominal_mlp.npz
a,jul2014,mlp,CROWN_lo_eps0.01,305,,0.10398341260346364,results/exp3_ml_real/jul2014/boxes_mlp.npz
a,jul2014,mlp,CROWN_hi_eps0.01,305,,0.15150331935975517,results/exp3_ml_real/jul2014/boxes_mlp.npz
a,jul2014,mlp,nominal_f,306,,0.10384328663349152,results/exp3_ml_real/jul2014/nominal_mlp.npz
a,jul2014,mlp,CROWN_lo_eps0.01,306,,0.08609967043955594,results/exp3_ml_real/jul2014/boxes_mlp.npz
a,jul2014,mlp,CROWN_hi_eps0.01,306,,0.12282571502588133,results/exp3_ml_real/jul2014/boxes_mlp.npz
a,jul2014,mlp,nominal_f,307,,0.061149630695581436,results/exp3_ml_real/jul2014/nominal_mlp.npz
a,jul2014,mlp,CROWN_lo_eps0.01,307,,0.05166813746332646,results/exp3_ml_real/jul2014/boxes_mlp.npz
a,jul2014,mlp,CROWN_hi_eps0.01,307,,0.07237367957516883,results/exp3_ml_real/jul2014/boxes_mlp.npz
a,jul2014,mlp,nominal_f,308,,0.09497560560703278,results/exp3_ml_real/jul2014/nominal_mlp.npz
a,jul2014,mlp,CROWN_lo_eps0.01,308,,0.08195767237018745,results/exp3_ml_real/jul2014/boxes_mlp.npz
a,jul2014,mlp,CROWN_hi_eps0.01,308,,0.11211537313283923,results/exp3_ml_real/jul2014/boxes_mlp.npz
a,jul2014,mlp,nominal_f,309,,0.1038723886013031,results/exp3_ml_real/jul2014/nominal_mlp.npz
a,jul2014,mlp,CROWN_lo_eps0.01,309,,0.08806745191505724,results/exp3_ml_real/jul2014/boxes_mlp.npz
a,jul2014,mlp,CROWN_hi_eps0.01,309,,0.11999859943748512,results/exp3_ml_real/jul2014/boxes_mlp.npz
a,jul2014,mlp,nominal_f,310,,0.09330733865499496,results/exp3_ml_real/jul2014/nominal_mlp.npz
a,jul2014,mlp,CROWN_lo_eps0.01,310,,0.08059154575776198,results/exp3_ml_real/jul2014/boxes_mlp.npz
a,jul2014,mlp,CROWN_hi_eps0.01,310,,0.1068126338433644,results/exp3_ml_real/jul2014/boxes_mlp.npz
a,jul2014,mlp,nominal_f,311,,0.08507689833641052,results/exp3_ml_real/jul2014/nominal_mlp.npz
a,jul2014,mlp,CROWN_lo_eps0.01,311,,0.07319321024917283,results/exp3_ml_real/jul2014/boxes_mlp.npz
a,jul2014,mlp,CROWN_hi_eps0.01,311,,0.09746521735430244,results/exp3_ml_real/jul2014/boxes_mlp.npz
a,jul2014,mlp,nominal_f,312,,0.12198999524116516,results/exp3_ml_real/jul2014/nominal_mlp.npz
a,jul2014,mlp,CROWN_lo_eps0.01,312,,0.10719936298524677,results/exp3_ml_real/jul2014/boxes_mlp.npz
a,jul2014,mlp,CROWN_hi_eps0.01,312,,0.13809288220773022,results/exp3_ml_real/jul2014/boxes_mlp.npz
a,jul2014,mlp,nominal_f,313,,0.1223413273692131,results/exp3_ml_real/jul2014/nominal_mlp.npz
a,jul2014,mlp,CROWN_lo_eps0.01,313,,0.10768660257599352,results/exp3_ml_real/jul2014/boxes_mlp.npz
a,jul2014,mlp,CROWN_hi_eps0.01,313,,0.13776733058066012,results/exp3_ml_real/jul2014/boxes_mlp.npz
a,jul2014,mlp,nominal_f,314,,0.12106825411319733,results/exp3_ml_real/jul2014/nominal_mlp.npz
a,jul2014,mlp,CROWN_lo_eps0.01,314,,0.10635273009506604,results/exp3_ml_real/jul2014/boxes_mlp.npz
a,jul2014,mlp,CROWN_hi_eps0.01,314,,0.1368771796769361,results/exp3_ml_real/jul2014/boxes_mlp.npz
a,jul2014,mlp,nominal_f,315,,0.12852713465690613,results/exp3_ml_real/jul2014/nominal_mlp.npz
a,jul2014,mlp,CROWN_lo_eps0.01,315,,0.1095763648433519,results/exp3_ml_real/jul2014/boxes_mlp.npz
a,jul2014,mlp,CROWN_hi_eps0.01,315,,0.1486973848524706,results/exp3_ml_real/jul2014/boxes_mlp.npz
a,jul2014,mlp,nominal_f,316,,0.16607406735420227,results/exp3_ml_real/jul2014/nominal_mlp.npz
a,jul2014,mlp,CROWN_lo_eps0.01,316,,0.1397544581182689,results/exp3_ml_real/jul2014/boxes_mlp.npz
a,jul2014,mlp,CROWN_hi_eps0.01,316,,0.18884023361721194,results/exp3_ml_real/jul2014/boxes_mlp.npz
a,jul2014,mlp,nominal_f,317,,0.12850214540958405,results/exp3_ml_real/jul2014/nominal_mlp.npz
a,jul2014,mlp,CROWN_lo_eps0.01,317,,0.11251711062281375,results/exp3_ml_real/jul2014/boxes_mlp.npz
a,jul2014,mlp,CROWN_hi_eps0.01,317,,0.15275874478197413,results/exp3_ml_real/jul2014/boxes_mlp.npz
a,jul2014,mlp,nominal_f,318,,0.14481540024280548,results/exp3_ml_real/jul2014/nominal_mlp.npz
a,jul2014,mlp,CROWN_lo_eps0.01,318,,0.12561484862559294,results/exp3_ml_real/jul2014/boxes_mlp.npz
a,jul2014,mlp,CROWN_hi_eps0.01,318,,0.1660166703340125,results/exp3_ml_real/jul2014/boxes_mlp.npz
a,jul2014,mlp,nominal_f,319,,0.17752550542354584,results/exp3_ml_real/jul2014/nominal_mlp.npz
a,jul2014,mlp,CROWN_lo_eps0.01,319,,0.15555667337234644,results/exp3_ml_real/jul2014/boxes_mlp.npz
a,jul2014,mlp,CROWN_hi_eps0.01,319,,0.2010687903743962,results/exp3_ml_real/jul2014/boxes_mlp.npz
a,jul2014,mlp,nominal_f,320,,0.15826430916786194,results/exp3_ml_real/jul2014/nominal_mlp.npz
a,jul2014,mlp,CROWN_lo_eps0.01,320,,0.13518423399491705,results/exp3_ml_real/jul2014/boxes_mlp.npz
a,jul2014,mlp,CROWN_hi_eps0.01,320,,0.182535802610979,results/exp3_ml_real/jul2014/boxes_mlp.npz
a,jul2014,mlp,nominal_f,321,,0.1687576174736023,results/exp3_ml_real/jul2014/nominal_mlp.npz
a,jul2014,mlp,CROWN_lo_eps0.01,321,,0.14475540443942178,results/exp3_ml_real/jul2014/boxes_mlp.npz
a,jul2014,mlp,CROWN_hi_eps0.01,321,,0.19561711462935708,results/exp3_ml_real/jul2014/boxes_mlp.npz
a,jul2014,mlp,nominal_f,322,,0.1421075016260147,results/exp3_ml_real/jul2014/nominal_mlp.npz
a,jul2014,mlp,CROWN_lo_eps0.01,322,,0.12222322196250476,results/exp3_ml_real/jul2014/boxes_mlp.npz
a,jul2014,mlp,CROWN_hi_eps0.01,322,,0.16545936697317834,results/exp3_ml_real/jul2014/boxes_mlp.npz
a,jul2014,mlp,nominal_f,323,,0.16845139861106873,results/exp3_ml_real/jul2014/nominal_mlp.npz
a,jul2014,mlp,CROWN_lo_eps0.01,323,,0.14369060194524116,results/exp3_ml_real/jul2014/boxes_mlp.npz
a,jul2014,mlp,CROWN_hi_eps0.01,323,,0.19583211520863755,results/exp3_ml_real/jul2014/boxes_mlp.npz
a,jul2014,mlp,nominal_f,324,,0.14118488132953644,results/exp3_ml_real/jul2014/nominal_mlp.npz
a,jul2014,mlp,CROWN_lo_eps0.01,324,,0.12125189225572072,results/exp3_ml_real/jul2014/boxes_mlp.npz
a,jul2014,mlp,CROWN_hi_eps0.01,324,,0.1634082212800603,results/exp3_ml_real/jul2014/boxes_mlp.npz
a,jul2014,mlp,nominal_f,325,,0.1263311207294464,results/exp3_ml_real/jul2014/nominal_mlp.npz
a,jul2014,mlp,CROWN_lo_eps0.01,325,,0.1087906814078233,results/exp3_ml_real/jul2014/boxes_mlp.npz
a,jul2014,mlp,CROWN_hi_eps0.01,325,,0.1454855627685309,results/exp3_ml_real/jul2014/boxes_mlp.npz
a,jul2014,mlp,nominal_f,326,,0.13249535858631134,results/exp3_ml_real/jul2014/nominal_mlp.npz
a,jul2014,mlp,CROWN_lo_eps0.01,326,,0.1123867415479913,results/exp3_ml_real/jul2014/boxes_mlp.npz
a,jul2014,mlp,CROWN_hi_eps0.01,326,,0.15289182564264844,results/exp3_ml_real/jul2014/boxes_mlp.npz
a,jul2014,mlp,nominal_f,327,,0.15950776636600494,results/exp3_ml_real/jul2014/nominal_mlp.npz
a,jul2014,mlp,CROWN_lo_eps0.01,327,,0.13178507642296342,results/exp3_ml_real/jul2014/boxes_mlp.npz
a,jul2014,mlp,CROWN_hi_eps0.01,327,,0.1892064368637373,results/exp3_ml_real/jul2014/boxes_mlp.npz
a,jul2014,mlp,nominal_f,328,,0.19910450279712677,results/exp3_ml_real/jul2014/nominal_mlp.npz
a,jul2014,mlp,CROWN_lo_eps0.01,328,,0.16626806540660263,results/exp3_ml_real/jul2014/boxes_mlp.npz
a,jul2014,mlp,CROWN_hi_eps0.01,328,,0.23486508282573562,results/exp3_ml_real/jul2014/boxes_mlp.npz
a,jul2014,mlp,nominal_f,329,,0.13965658843517303,results/exp3_ml_real/jul2014/nominal_mlp.npz
a,jul2014,mlp,CROWN_lo_eps0.01,329,,0.11920891224054739,results/exp3_ml_real/jul2014/boxes_mlp.npz
a,jul2014,mlp,CROWN_hi_eps0.01,329,,0.16200296587953147,results/exp3_ml_real/jul2014/boxes_mlp.npz
a,jul2014,mlp,nominal_f,330,,0.23456202447414398,results/exp3_ml_real/jul2014/nominal_mlp.npz
a,jul2014,mlp,CROWN_lo_eps0.01,330,,0.20297939313826593,results/exp3_ml_real/jul2014/boxes_mlp.npz
a,jul2014,mlp,CROWN_hi_eps0.01,330,,0.26785671903630676,results/exp3_ml_real/jul2014/boxes_mlp.npz
a,jul2014,mlp,nominal_f,331,,0.16840802133083344,results/exp3_ml_real/jul2014/nominal_mlp.npz
a,jul2014,mlp,CROWN_lo_eps0.01,331,,0.14473779901855574,results/exp3_ml_real/jul2014/boxes_mlp.npz
a,jul2014,mlp,CROWN_hi_eps0.01,331,,0.19356766866820155,results/exp3_ml_real/jul2014/boxes_mlp.npz
a,jul2014,mlp,nominal_f,332,,0.2576873004436493,results/exp3_ml_real/jul2014/nominal_mlp.npz
a,jul2014,mlp,CROWN_lo_eps0.01,332,,0.22704438394481882,results/exp3_ml_real/jul2014/boxes_mlp.npz
a,jul2014,mlp,CROWN_hi_eps0.01,332,,0.28575378324175754,results/exp3_ml_real/jul2014/boxes_mlp.npz
a,jul2014,mlp,nominal_f,333,,0.3027894198894501,results/exp3_ml_real/jul2014/nominal_mlp.npz
a,jul2014,mlp,CROWN_lo_eps0.01,333,,0.2705078116779613,results/exp3_ml_real/jul2014/boxes_mlp.npz
a,jul2014,mlp,CROWN_hi_eps0.01,333,,0.3335588421135424,results/exp3_ml_real/jul2014/boxes_mlp.npz
a,jul2014,mlp,nominal_f,334,,0.306684285402298,results/exp3_ml_real/jul2014/nominal_mlp.npz
a,jul2014,mlp,CROWN_lo_eps0.01,334,,0.2807315586221611,results/exp3_ml_real/jul2014/boxes_mlp.npz
a,jul2014,mlp,CROWN_hi_eps0.01,334,,0.3329878578049705,results/exp3_ml_real/jul2014/boxes_mlp.npz
a,jul2014,mlp,nominal_f,335,,0.3167250454425812,results/exp3_ml_real/jul2014/nominal_mlp.npz
a,jul2014,mlp,CROWN_lo_eps0.01,335,,0.2885332483599346,results/exp3_ml_real/jul2014/boxes_mlp.npz
a,jul2014,mlp,CROWN_hi_eps0.01,335,,0.3502585390969683,results/exp3_ml_real/jul2014/boxes_mlp.npz
a,jul2014,mlp,nominal_f,336,,0.35964879393577576,results/exp3_ml_real/jul2014/nominal_mlp.npz
a,jul2014,mlp,CROWN_lo_eps0.01,336,,0.33027373327670745,results/exp3_ml_real/jul2014/boxes_mlp.npz
a,jul2014,mlp,CROWN_hi_eps0.01,336,,0.3895182428467621,results/exp3_ml_real/jul2014/boxes_mlp.npz
a,jul2014,mlp,nominal_f,337,,0.34707948565483093,results/exp3_ml_real/jul2014/nominal_mlp.npz
a,jul2014,mlp,CROWN_lo_eps0.01,337,,0.3181746834719464,results/exp3_ml_real/jul2014/boxes_mlp.npz
a,jul2014,mlp,CROWN_hi_eps0.01,337,,0.37651891983386626,results/exp3_ml_real/jul2014/boxes_mlp.npz
a,jul2014,mlp,nominal_f,338,,0.36501345038414,results/exp3_ml_real/jul2014/nominal_mlp.npz
a,jul2014,mlp,CROWN_lo_eps0.01,338,,0.3353983049567559,results/exp3_ml_real/jul2014/boxes_mlp.npz
a,jul2014,mlp,CROWN_hi_eps0.01,338,,0.39809130229487594,results/exp3_ml_real/jul2014/boxes_mlp.npz
a,jul2014,mlp,nominal_f,339,,0.44459453225135803,results/exp3_ml_real/jul2014/nominal_mlp.npz
a,jul2014,mlp,CROWN_lo_eps0.01,339,,0.4076512130814938,results/exp3_ml_real/jul2014/boxes_mlp.npz
a,jul2014,mlp,CROWN_hi_eps0.01,339,,0.4802750103646593,results/exp3_ml_real/jul2014/boxes_mlp.npz
a,jul2014,mlp,nominal_f,340,,0.42471057176589966,results/exp3_ml_real/jul2014/nominal_mlp.npz
a,jul2014,mlp,CROWN_lo_eps0.01,340,,0.3886818257993923,results/exp3_ml_real/jul2014/boxes_mlp.npz
a,jul2014,mlp,CROWN_hi_eps0.01,340,,0.45997742401801694,results/exp3_ml_real/jul2014/boxes_mlp.npz
a,jul2014,mlp,nominal_f,341,,0.3549862802028656,results/exp3_ml_real/jul2014/nominal_mlp.npz
a,jul2014,mlp,CROWN_lo_eps0.01,341,,0.32430660654272864,results/exp3_ml_real/jul2014/boxes_mlp.npz
a,jul2014,mlp,CROWN_hi_eps0.01,341,,0.3903477840031783,results/exp3_ml_real/jul2014/boxes_mlp.npz
a,jul2014,mlp,nominal_f,342,,0.23801898956298828,results/exp3_ml_real/jul2014/nominal_mlp.npz
a,jul2014,mlp,CROWN_lo_eps0.01,342,,0.20877335847500852,results/exp3_ml_real/jul2014/boxes_mlp.npz
a,jul2014,mlp,CROWN_hi_eps0.01,342,,0.27221102643081546,results/exp3_ml_real/jul2014/boxes_mlp.npz
a,jul2014,mlp,nominal_f,343,,0.3903443515300751,results/exp3_ml_real/jul2014/nominal_mlp.npz
a,jul2014,mlp,CROWN_lo_eps0.01,343,,0.346668780091447,results/exp3_ml_real/jul2014/boxes_mlp.npz
a,jul2014,mlp,CROWN_hi_eps0.01,343,,0.4359924534032506,results/exp3_ml_real/jul2014/boxes_mlp.npz
a,jul2014,mlp,nominal_f,344,,0.4569927453994751,results/exp3_ml_real/jul2014/nominal_mlp.npz
a,jul2014,mlp,CROWN_lo_eps0.01,344,,0.4129488273345177,results/exp3_ml_real/jul2014/boxes_mlp.npz
a,jul2014,mlp,CROWN_hi_eps0.01,344,,0.501258214580428,results/exp3_ml_real/jul2014/boxes_mlp.npz
a,jul2014,mlp,nominal_f,345,,0.44419968128204346,results/exp3_ml_real/jul2014/nominal_mlp.npz
a,jul2014,mlp,CROWN_lo_eps0.01,345,,0.39791993346668636,results/exp3_ml_real/jul2014/boxes_mlp.npz
a,jul2014,mlp,CROWN_hi_eps0.01,345,,0.4971985069738409,results/exp3_ml_real/jul2014/boxes_mlp.npz
a,jul2014,mlp,nominal_f,346,,0.42377185821533203,results/exp3_ml_real/jul2014/nominal_mlp.npz
a,jul2014,mlp,CROWN_lo_eps0.01,346,,0.3780338414933953,results/exp3_ml_real/jul2014/boxes_mlp.npz
a,jul2014,mlp,CROWN_hi_eps0.01,346,,0.470004874240516,results/exp3_ml_real/jul2014/boxes_mlp.npz
a,jul2014,mlp,nominal_f,347,,0.342562735080719,results/exp3_ml_real/jul2014/nominal_mlp.npz
a,jul2014,mlp,CROWN_lo_eps0.01,347,,0.3025583751553254,results/exp3_ml_real/jul2014/boxes_mlp.npz
a,jul2014,mlp,CROWN_hi_eps0.01,347,,0.3836066335549721,results/exp3_ml_real/jul2014/boxes_mlp.npz
a,jul2014,mlp,nominal_f,348,,0.15722604095935822,results/exp3_ml_real/jul2014/nominal_mlp.npz
a,jul2014,mlp,CROWN_lo_eps0.01,348,,0.13354999083107397,results/exp3_ml_real/jul2014/boxes_mlp.npz
a,jul2014,mlp,CROWN_hi_eps0.01,348,,0.18452614805628811,results/exp3_ml_real/jul2014/boxes_mlp.npz
a,jul2014,mlp,nominal_f,349,,0.20349888503551483,results/exp3_ml_real/jul2014/nominal_mlp.npz
a,jul2014,mlp,CROWN_lo_eps0.01,349,,0.17652060100405373,results/exp3_ml_real/jul2014/boxes_mlp.npz
a,jul2014,mlp,CROWN_hi_eps0.01,349,,0.23180893478973688,results/exp3_ml_real/jul2014/boxes_mlp.npz
a,jul2014,mlp,nominal_f,350,,0.1372961550951004,results/exp3_ml_real/jul2014/nominal_mlp.npz
a,jul2014,mlp,CROWN_lo_eps0.01,350,,0.11342875994813459,results/exp3_ml_real/jul2014/boxes_mlp.npz
a,jul2014,mlp,CROWN_hi_eps0.01,350,,0.16304022063532822,results/exp3_ml_real/jul2014/boxes_mlp.npz
a,jul2014,mlp,nominal_f,351,,0.22941511869430542,results/exp3_ml_real/jul2014/nominal_mlp.npz
a,jul2014,mlp,CROWN_lo_eps0.01,351,,0.1948102767935381,results/exp3_ml_real/jul2014/boxes_mlp.npz
a,jul2014,mlp,CROWN_hi_eps0.01,351,,0.2674206947228401,results/exp3_ml_real/jul2014/boxes_mlp.npz
a,jul2014,mlp,nominal_f,352,,0.24245823919773102,results/exp3_ml_real/jul2014/nominal_mlp.npz
a,jul2014,mlp,CROWN_lo_eps0.01,352,,0.20414450321273933,results/exp3_ml_real/jul2014/boxes_mlp.npz
a,jul2014,mlp,CROWN_hi_eps0.01,352,,0.28279310462990975,results/exp3_ml_real/jul2014/boxes_mlp.npz
a,jul2014,mlp,nominal_f,353,,0.1604914516210556,results/exp3_ml_real/jul2014/nominal_mlp.npz
a,jul2014,mlp,CROWN_lo_eps0.01,353,,0.13780388503010974,results/exp3_ml_real/jul2014/boxes_mlp.npz
a,jul2014,mlp,CROWN_hi_eps0.01,353,,0.18648803253153848,results/exp3_ml_real/jul2014/boxes_mlp.npz
a,jul2014,mlp,nominal_f,354,,0.16588269174098969,results/exp3_ml_real/jul2014/nominal_mlp.npz
a,jul2014,mlp,CROWN_lo_eps0.01,354,,0.1400757926942637,results/exp3_ml_real/jul2014/boxes_mlp.npz
a,jul2014,mlp,CROWN_hi_eps0.01,354,,0.19394259513754333,results/exp3_ml_real/jul2014/boxes_mlp.npz
a,jul2014,mlp,nominal_f,355,,0.16424068808555603,results/exp3_ml_real/jul2014/nominal_mlp.npz
a,jul2014,mlp,CROWN_lo_eps0.01,355,,0.14436714038792373,results/exp3_ml_real/jul2014/boxes_mlp.npz
a,jul2014,mlp,CROWN_hi_eps0.01,355,,0.18755393220703856,results/exp3_ml_real/jul2014/boxes_mlp.npz
a,jul2014,mlp,nominal_f,356,,0.20244170725345612,results/exp3_ml_real/jul2014/nominal_mlp.npz
a,jul2014,mlp,CROWN_lo_eps0.01,356,,0.17853277778263496,results/exp3_ml_real/jul2014/boxes_mlp.npz
a,jul2014,mlp,CROWN_hi_eps0.01,356,,0.2330927451522026,results/exp3_ml_real/jul2014/boxes_mlp.npz
a,jul2014,mlp,nominal_f,357,,0.2461864948272705,results/exp3_ml_real/jul2014/nominal_mlp.npz
a,jul2014,mlp,CROWN_lo_eps0.01,357,,0.21343629585642052,results/exp3_ml_real/jul2014/boxes_mlp.npz
a,jul2014,mlp,CROWN_hi_eps0.01,357,,0.2831123903680776,results/exp3_ml_real/jul2014/boxes_mlp.npz
a,jul2014,mlp,nominal_f,358,,0.24369314312934875,results/exp3_ml_real/jul2014/nominal_mlp.npz
a,jul2014,mlp,CROWN_lo_eps0.01,358,,0.2105915727173647,results/exp3_ml_real/jul2014/boxes_mlp.npz
a,jul2014,mlp,CROWN_hi_eps0.01,358,,0.274922732793259,results/exp3_ml_real/jul2014/boxes_mlp.npz
a,jul2014,mlp,nominal_f,359,,0.22781823575496674,results/exp3_ml_real/jul2014/nominal_mlp.npz
a,jul2014,mlp,CROWN_lo_eps0.01,359,,0.1982141051024557,results/exp3_ml_real/jul2014/boxes_mlp.npz
a,jul2014,mlp,CROWN_hi_eps0.01,359,,0.25624619584249236,results/exp3_ml_real/jul2014/boxes_mlp.npz
a,jul2014,mlp,nominal_f,360,,0.3513633608818054,results/exp3_ml_real/jul2014/nominal_mlp.npz
a,jul2014,mlp,CROWN_lo_eps0.01,360,,0.31670848204562047,results/exp3_ml_real/jul2014/boxes_mlp.npz
a,jul2014,mlp,CROWN_hi_eps0.01,360,,0.38488543940666825,results/exp3_ml_real/jul2014/boxes_mlp.npz
a,jul2014,mlp,nominal_f,361,,0.4081571698188782,results/exp3_ml_real/jul2014/nominal_mlp.npz
a,jul2014,mlp,CROWN_lo_eps0.01,361,,0.3693745807417748,results/exp3_ml_real/jul2014/boxes_mlp.npz
a,jul2014,mlp,CROWN_hi_eps0.01,361,,0.4503708465379754,results/exp3_ml_real/jul2014/boxes_mlp.npz
a,jul2014,mlp,nominal_f,362,,0.3598259389400482,results/exp3_ml_real/jul2014/nominal_mlp.npz
a,jul2014,mlp,CROWN_lo_eps0.01,362,,0.3269787279603013,results/exp3_ml_real/jul2014/boxes_mlp.npz
a,jul2014,mlp,CROWN_hi_eps0.01,362,,0.3938763523174879,results/exp3_ml_real/jul2014/boxes_mlp.npz
a,jul2014,mlp,nominal_f,363,,0.36173921823501587,results/exp3_ml_real/jul2014/nominal_mlp.npz
a,jul2014,mlp,CROWN_lo_eps0.01,363,,0.3254216158813728,results/exp3_ml_real/jul2014/boxes_mlp.npz
a,jul2014,mlp,CROWN_hi_eps0.01,363,,0.3997716399446302,results/exp3_ml_real/jul2014/boxes_mlp.npz
a,jul2014,mlp,nominal_f,364,,0.3507874310016632,results/exp3_ml_real/jul2014/nominal_mlp.npz
a,jul2014,mlp,CROWN_lo_eps0.01,364,,0.31820294485927986,results/exp3_ml_real/jul2014/boxes_mlp.npz
a,jul2014,mlp,CROWN_hi_eps0.01,364,,0.38455295379143534,results/exp3_ml_real/jul2014/boxes_mlp.npz
a,jul2014,mlp,nominal_f,365,,0.36858680844306946,results/exp3_ml_real/jul2014/nominal_mlp.npz
a,jul2014,mlp,CROWN_lo_eps0.01,365,,0.33238706819909375,results/exp3_ml_real/jul2014/boxes_mlp.npz
a,jul2014,mlp,CROWN_hi_eps0.01,365,,0.40546616834191845,results/exp3_ml_real/jul2014/boxes_mlp.npz
a,jul2014,mlp,nominal_f,366,,0.412097305059433,results/exp3_ml_real/jul2014/nominal_mlp.npz
a,jul2014,mlp,CROWN_lo_eps0.01,366,,0.374413451336537,results/exp3_ml_real/jul2014/boxes_mlp.npz
a,jul2014,mlp,CROWN_hi_eps0.01,366,,0.45022609669724883,results/exp3_ml_real/jul2014/boxes_mlp.npz
a,jul2014,mlp,nominal_f,367,,0.3488226532936096,results/exp3_ml_real/jul2014/nominal_mlp.npz
a,jul2014,mlp,CROWN_lo_eps0.01,367,,0.3013607255461033,results/exp3_ml_real/jul2014/boxes_mlp.npz
a,jul2014,mlp,CROWN_hi_eps0.01,367,,0.39173145858556285,results/exp3_ml_real/jul2014/boxes_mlp.npz
a,jul2014,mlp,nominal_f,368,,0.2999846339225769,results/exp3_ml_real/jul2014/nominal_mlp.npz
a,jul2014,mlp,CROWN_lo_eps0.01,368,,0.2638811131834375,results/exp3_ml_real/jul2014/boxes_mlp.npz
a,jul2014,mlp,CROWN_hi_eps0.01,368,,0.3391717740616827,results/exp3_ml_real/jul2014/boxes_mlp.npz
a,jul2014,mlp,nominal_f,369,,0.30951395630836487,results/exp3_ml_real/jul2014/nominal_mlp.npz
a,jul2014,mlp,CROWN_lo_eps0.01,369,,0.2723456599581749,results/exp3_ml_real/jul2014/boxes_mlp.npz
a,jul2014,mlp,CROWN_hi_eps0.01,369,,0.3505018853212241,results/exp3_ml_real/jul2014/boxes_mlp.npz
a,jul2014,mlp,nominal_f,370,,0.30638599395751953,results/exp3_ml_real/jul2014/nominal_mlp.npz
a,jul2014,mlp,CROWN_lo_eps0.01,370,,0.268104392012315,results/exp3_ml_real/jul2014/boxes_mlp.npz
a,jul2014,mlp,CROWN_hi_eps0.01,370,,0.3428270295161319,results/exp3_ml_real/jul2014/boxes_mlp.npz
a,jul2014,mlp,nominal_f,371,,0.2283690720796585,results/exp3_ml_real/jul2014/nominal_mlp.npz
a,jul2014,mlp,CROWN_lo_eps0.01,371,,0.19758694040853983,results/exp3_ml_real/jul2014/boxes_mlp.npz
a,jul2014,mlp,CROWN_hi_eps0.01,371,,0.26955163900546025,results/exp3_ml_real/jul2014/boxes_mlp.npz
a,jul2014,mlp,nominal_f,372,,0.20146340131759644,results/exp3_ml_real/jul2014/nominal_mlp.npz
a,jul2014,mlp,CROWN_lo_eps0.01,372,,0.1750149450374535,results/exp3_ml_real/jul2014/boxes_mlp.npz
a,jul2014,mlp,CROWN_hi_eps0.01,372,,0.23845158559353277,results/exp3_ml_real/jul2014/boxes_mlp.npz
a,jul2014,mlp,nominal_f,373,,0.23417507112026215,results/exp3_ml_real/jul2014/nominal_mlp.npz
a,jul2014,mlp,CROWN_lo_eps0.01,373,,0.20528233822645112,results/exp3_ml_real/jul2014/boxes_mlp.npz
a,jul2014,mlp,CROWN_hi_eps0.01,373,,0.27035795423421055,results/exp3_ml_real/jul2014/boxes_mlp.npz
a,jul2014,mlp,nominal_f,374,,0.3070525527000427,results/exp3_ml_real/jul2014/nominal_mlp.npz
a,jul2014,mlp,CROWN_lo_eps0.01,374,,0.26579841848271873,results/exp3_ml_real/jul2014/boxes_mlp.npz
a,jul2014,mlp,CROWN_hi_eps0.01,374,,0.350013645328127,results/exp3_ml_real/jul2014/boxes_mlp.npz
a,jul2014,mlp,nominal_f,375,,0.4986676275730133,results/exp3_ml_real/jul2014/nominal_mlp.npz
a,jul2014,mlp,CROWN_lo_eps0.01,375,,0.45016922903648543,results/exp3_ml_real/jul2014/boxes_mlp.npz
a,jul2014,mlp,CROWN_hi_eps0.01,375,,0.5491518708149569,results/exp3_ml_real/jul2014/boxes_mlp.npz
a,jul2014,mlp,nominal_f,376,,0.49048516154289246,results/exp3_ml_real/jul2014/nominal_mlp.npz
a,jul2014,mlp,CROWN_lo_eps0.01,376,,0.441111660676568,results/exp3_ml_real/jul2014/boxes_mlp.npz
a,jul2014,mlp,CROWN_hi_eps0.01,376,,0.5395980581533494,results/exp3_ml_real/jul2014/boxes_mlp.npz
a,jul2014,mlp,nominal_f,377,,0.3661491870880127,results/exp3_ml_real/jul2014/nominal_mlp.npz
a,jul2014,mlp,CROWN_lo_eps0.01,377,,0.32158248910431025,results/exp3_ml_real/jul2014/boxes_mlp.npz
a,jul2014,mlp,CROWN_hi_eps0.01,377,,0.41174562404333387,results/exp3_ml_real/jul2014/boxes_mlp.npz
a,jul2014,mlp,nominal_f,378,,0.4899493455886841,results/exp3_ml_real/jul2014/nominal_mlp.npz
a,jul2014,mlp,CROWN_lo_eps0.01,378,,0.44371365382414846,results/exp3_ml_real/jul2014/boxes_mlp.npz
a,jul2014,mlp,CROWN_hi_eps0.01,378,,0.5388835287914019,results/exp3_ml_real/jul2014/boxes_mlp.npz
a,jul2014,mlp,nominal_f,379,,0.4181511104106903,results/exp3_ml_real/jul2014/nominal_mlp.npz
a,jul2014,mlp,CROWN_lo_eps0.01,379,,0.38047102051192244,results/exp3_ml_real/jul2014/boxes_mlp.npz
a,jul2014,mlp,CROWN_hi_eps0.01,379,,0.45331236892819565,results/exp3_ml_real/jul2014/boxes_mlp.npz
a,jul2014,mlp,nominal_f,380,,0.41976773738861084,results/exp3_ml_real/jul2014/nominal_mlp.npz
a,jul2014,mlp,CROWN_lo_eps0.01,380,,0.38048767777077247,results/exp3_ml_real/jul2014/boxes_mlp.npz
a,jul2014,mlp,CROWN_hi_eps0.01,380,,0.4667888780502036,results/exp3_ml_real/jul2014/boxes_mlp.npz
a,jul2014,mlp,nominal_f,381,,0.3813335597515106,results/exp3_ml_real/jul2014/nominal_mlp.npz
a,jul2014,mlp,CROWN_lo_eps0.01,381,,0.3410800101494696,results/exp3_ml_real/jul2014/boxes_mlp.npz
a,jul2014,mlp,CROWN_hi_eps0.01,381,,0.42012806454511414,results/exp3_ml_real/jul2014/boxes_mlp.npz
a,jul2014,mlp,nominal_f,382,,0.3055548369884491,results/exp3_ml_real/jul2014/nominal_mlp.npz
a,jul2014,mlp,CROWN_lo_eps0.01,382,,0.27882576770362083,results/exp3_ml_real/jul2014/boxes_mlp.npz
a,jul2014,mlp,CROWN_hi_eps0.01,382,,0.3329180938868896,results/exp3_ml_real/jul2014/boxes_mlp.npz
a,jul2014,mlp,nominal_f,383,,0.3536826968193054,results/exp3_ml_real/jul2014/nominal_mlp.npz
a,jul2014,mlp,CROWN_lo_eps0.01,383,,0.3226513767316626,results/exp3_ml_real/jul2014/boxes_mlp.npz
a,jul2014,mlp,CROWN_hi_eps0.01,383,,0.3852927126366192,results/exp3_ml_real/jul2014/boxes_mlp.npz
a,jul2014,mlp,nominal_f,384,,0.4210057258605957,results/exp3_ml_real/jul2014/nominal_mlp.npz
a,jul2014,mlp,CROWN_lo_eps0.01,384,,0.3886606677716406,results/exp3_ml_real/jul2014/boxes_mlp.npz
a,jul2014,mlp,CROWN_hi_eps0.01,384,,0.4497315370773995,results/exp3_ml_real/jul2014/boxes_mlp.npz
a,jul2014,mlp,nominal_f,385,,0.4623636305332184,results/exp3_ml_real/jul2014/nominal_mlp.npz
a,jul2014,mlp,CROWN_lo_eps0.01,385,,0.4306542092452366,results/exp3_ml_real/jul2014/boxes_mlp.npz
a,jul2014,mlp,CROWN_hi_eps0.01,385,,0.4946928230596535,results/exp3_ml_real/jul2014/boxes_mlp.npz
a,jul2014,mlp,nominal_f,386,,0.47231441736221313,results/exp3_ml_real/jul2014/nominal_mlp.npz
a,jul2014,mlp,CROWN_lo_eps0.01,386,,0.44051661576277407,results/exp3_ml_real/jul2014/boxes_mlp.npz
a,jul2014,mlp,CROWN_hi_eps0.01,386,,0.5064070283404001,results/exp3_ml_real/jul2014/boxes_mlp.npz
a,jul2014,mlp,nominal_f,387,,0.48097366094589233,results/exp3_ml_real/jul2014/nominal_mlp.npz
a,jul2014,mlp,CROWN_lo_eps0.01,387,,0.44934000017741976,results/exp3_ml_real/jul2014/boxes_mlp.npz
a,jul2014,mlp,CROWN_hi_eps0.01,387,,0.5126414676493672,results/exp3_ml_real/jul2014/boxes_mlp.npz
a,jul2014,mlp,nominal_f,388,,0.43961018323898315,results/exp3_ml_real/jul2014/nominal_mlp.npz
a,jul2014,mlp,CROWN_lo_eps0.01,388,,0.40645968592001386,results/exp3_ml_real/jul2014/boxes_mlp.npz
a,jul2014,mlp,CROWN_hi_eps0.01,388,,0.4719976764309774,results/exp3_ml_real/jul2014/boxes_mlp.npz
a,jul2014,mlp,nominal_f,389,,0.45073947310447693,results/exp3_ml_real/jul2014/nominal_mlp.npz
a,jul2014,mlp,CROWN_lo_eps0.01,389,,0.41148352510077607,results/exp3_ml_real/jul2014/boxes_mlp.npz
a,jul2014,mlp,CROWN_hi_eps0.01,389,,0.49460800892133,results/exp3_ml_real/jul2014/boxes_mlp.npz
a,jul2014,mlp,nominal_f,390,,0.4765428602695465,results/exp3_ml_real/jul2014/nominal_mlp.npz
a,jul2014,mlp,CROWN_lo_eps0.01,390,,0.4336976601805889,results/exp3_ml_real/jul2014/boxes_mlp.npz
a,jul2014,mlp,CROWN_hi_eps0.01,390,,0.5163270325339558,results/exp3_ml_real/jul2014/boxes_mlp.npz
a,jul2014,mlp,nominal_f,391,,0.3949461877346039,results/exp3_ml_real/jul2014/nominal_mlp.npz
a,jul2014,mlp,CROWN_lo_eps0.01,391,,0.3522657854417533,results/exp3_ml_real/jul2014/boxes_mlp.npz
a,jul2014,mlp,CROWN_hi_eps0.01,391,,0.4321990267657278,results/exp3_ml_real/jul2014/boxes_mlp.npz
a,jul2014,mlp,nominal_f,392,,0.5137865543365479,results/exp3_ml_real/jul2014/nominal_mlp.npz
a,jul2014,mlp,CROWN_lo_eps0.01,392,,0.4617684292150575,results/exp3_ml_real/jul2014/boxes_mlp.npz
a,jul2014,mlp,CROWN_hi_eps0.01,392,,0.5648957905652735,results/exp3_ml_real/jul2014/boxes_mlp.npz
a,jul2014,mlp,nominal_f,393,,0.6009625792503357,results/exp3_ml_real/jul2014/nominal_mlp.npz
a,jul2014,mlp,CROWN_lo_eps0.01,393,,0.5522245437903402,results/exp3_ml_real/jul2014/boxes_mlp.npz
a,jul2014,mlp,CROWN_hi_eps0.01,393,,0.6488487180578354,results/exp3_ml_real/jul2014/boxes_mlp.npz
a,jul2014,mlp,nominal_f,394,,0.39639532566070557,results/exp3_ml_real/jul2014/nominal_mlp.npz
a,jul2014,mlp,CROWN_lo_eps0.01,394,,0.3494079038923091,results/exp3_ml_real/jul2014/boxes_mlp.npz
a,jul2014,mlp,CROWN_hi_eps0.01,394,,0.4480324591125357,results/exp3_ml_real/jul2014/boxes_mlp.npz
a,jul2014,mlp,nominal_f,395,,0.3343610167503357,results/exp3_ml_real/jul2014/nominal_mlp.npz
a,jul2014,mlp,CROWN_lo_eps0.01,395,,0.2964050920263324,results/exp3_ml_real/jul2014/boxes_mlp.npz
a,jul2014,mlp,CROWN_hi_eps0.01,395,,0.3845448730657685,results/exp3_ml_real/jul2014/boxes_mlp.npz
a,jul2014,mlp,nominal_f,396,,0.19890087842941284,results/exp3_ml_real/jul2014/nominal_mlp.npz
a,jul2014,mlp,CROWN_lo_eps0.01,396,,0.17263790240077456,results/exp3_ml_real/jul2014/boxes_mlp.npz
a,jul2014,mlp,CROWN_hi_eps0.01,396,,0.23088494130733486,results/exp3_ml_real/jul2014/boxes_mlp.npz
a,jul2014,mlp,nominal_f,397,,0.26293012499809265,results/exp3_ml_real/jul2014/nominal_mlp.npz
a,jul2014,mlp,CROWN_lo_eps0.01,397,,0.23208572144241432,results/exp3_ml_real/jul2014/boxes_mlp.npz
a,jul2014,mlp,CROWN_hi_eps0.01,397,,0.29793641973341173,results/exp3_ml_real/jul2014/boxes_mlp.npz
a,jul2014,mlp,nominal_f,398,,0.19833068549633026,results/exp3_ml_real/jul2014/nominal_mlp.npz
a,jul2014,mlp,CROWN_lo_eps0.01,398,,0.17034743211686507,results/exp3_ml_real/jul2014/boxes_mlp.npz
a,jul2014,mlp,CROWN_hi_eps0.01,398,,0.22780273932549203,results/exp3_ml_real/jul2014/boxes_mlp.npz
a,jul2014,mlp,nominal_f,399,,0.16846436262130737,results/exp3_ml_real/jul2014/nominal_mlp.npz
a,jul2014,mlp,CROWN_lo_eps0.01,399,,0.14436247509987218,results/exp3_ml_real/jul2014/boxes_mlp.npz
a,jul2014,mlp,CROWN_hi_eps0.01,399,,0.1947079887537531,results/exp3_ml_real/jul2014/boxes_mlp.npz
a,jul2014,mlp,nominal_f,400,,0.15741656720638275,results/exp3_ml_real/jul2014/nominal_mlp.npz
a,jul2014,mlp,CROWN_lo_eps0.01,400,,0.13589086427948446,results/exp3_ml_real/jul2014/boxes_mlp.npz
a,jul2014,mlp,CROWN_hi_eps0.01,400,,0.18048984811056604,results/exp3_ml_real/jul2014/boxes_mlp.npz
a,jul2014,mlp,nominal_f,401,,0.16023510694503784,results/exp3_ml_real/jul2014/nominal_mlp.npz
a,jul2014,mlp,CROWN_lo_eps0.01,401,,0.14048012703642618,results/exp3_ml_real/jul2014/boxes_mlp.npz
a,jul2014,mlp,CROWN_hi_eps0.01,401,,0.18227371413509322,results/exp3_ml_real/jul2014/boxes_mlp.npz
a,jul2014,mlp,nominal_f,402,,0.1728857159614563,results/exp3_ml_real/jul2014/nominal_mlp.npz
a,jul2014,mlp,CROWN_lo_eps0.01,402,,0.15181170806972985,results/exp3_ml_real/jul2014/boxes_mlp.npz
a,jul2014,mlp,CROWN_hi_eps0.01,402,,0.19603779899965604,results/exp3_ml_real/jul2014/boxes_mlp.npz
a,jul2014,mlp,nominal_f,403,,0.15617121756076813,results/exp3_ml_real/jul2014/nominal_mlp.npz
a,jul2014,mlp,CROWN_lo_eps0.01,403,,0.13774956634069943,results/exp3_ml_real/jul2014/boxes_mlp.npz
a,jul2014,mlp,CROWN_hi_eps0.01,403,,0.17693362810617477,results/exp3_ml_real/jul2014/boxes_mlp.npz
a,jul2014,mlp,nominal_f,404,,0.1422262191772461,results/exp3_ml_real/jul2014/nominal_mlp.npz
a,jul2014,mlp,CROWN_lo_eps0.01,404,,0.12444863057513075,results/exp3_ml_real/jul2014/boxes_mlp.npz
a,jul2014,mlp,CROWN_hi_eps0.01,404,,0.16241003258287115,results/exp3_ml_real/jul2014/boxes_mlp.npz
a,jul2014,mlp,nominal_f,405,,0.16860303282737732,results/exp3_ml_real/jul2014/nominal_mlp.npz
a,jul2014,mlp,CROWN_lo_eps0.01,405,,0.1468761270651535,results/exp3_ml_real/jul2014/boxes_mlp.npz
a,jul2014,mlp,CROWN_hi_eps0.01,405,,0.193317760881997,results/exp3_ml_real/jul2014/boxes_mlp.npz
a,jul2014,mlp,nominal_f,406,,0.23157227039337158,results/exp3_ml_real/jul2014/nominal_mlp.npz
a,jul2014,mlp,CROWN_lo_eps0.01,406,,0.20983172906507205,results/exp3_ml_real/jul2014/boxes_mlp.npz
a,jul2014,mlp,CROWN_hi_eps0.01,406,,0.25347632855704744,results/exp3_ml_real/jul2014/boxes_mlp.npz
a,jul2014,mlp,nominal_f,407,,0.263231486082077,results/exp3_ml_real/jul2014/nominal_mlp.npz
a,jul2014,mlp,CROWN_lo_eps0.01,407,,0.24001912876202677,results/exp3_ml_real/jul2014/boxes_mlp.npz
a,jul2014,mlp,CROWN_hi_eps0.01,407,,0.2857313288951148,results/exp3_ml_real/jul2014/boxes_mlp.npz
a,jul2014,mlp,nominal_f,408,,0.20446458458900452,results/exp3_ml_real/jul2014/nominal_mlp.npz
a,jul2014,mlp,CROWN_lo_eps0.01,408,,0.18331228404796726,results/exp3_ml_real/jul2014/boxes_mlp.npz
a,jul2014,mlp,CROWN_hi_eps0.01,408,,0.2264257823653031,results/exp3_ml_real/jul2014/boxes_mlp.npz
a,jul2014,mlp,nominal_f,409,,0.2458207607269287,results/exp3_ml_real/jul2014/nominal_mlp.npz
a,jul2014,mlp,CROWN_lo_eps0.01,409,,0.22408449290043006,results/exp3_ml_real/jul2014/boxes_mlp.npz
a,jul2014,mlp,CROWN_hi_eps0.01,409,,0.27114711106174566,results/exp3_ml_real/jul2014/boxes_mlp.npz
a,jul2014,mlp,nominal_f,410,,0.2916874885559082,results/exp3_ml_real/jul2014/nominal_mlp.npz
a,jul2014,mlp,CROWN_lo_eps0.01,410,,0.266406453288677,results/exp3_ml_real/jul2014/boxes_mlp.npz
a,jul2014,mlp,CROWN_hi_eps0.01,410,,0.32507884234033296,results/exp3_ml_real/jul2014/boxes_mlp.npz
a,jul2014,mlp,nominal_f,411,,0.38258129358291626,results/exp3_ml_real/jul2014/nominal_mlp.npz
a,jul2014,mlp,CROWN_lo_eps0.01,411,,0.35351208990774413,results/exp3_ml_real/jul2014/boxes_mlp.npz
a,jul2014,mlp,CROWN_hi_eps0.01,411,,0.41203892844283246,results/exp3_ml_real/jul2014/boxes_mlp.npz
a,jul2014,mlp,nominal_f,412,,0.34152117371559143,results/exp3_ml_real/jul2014/nominal_mlp.npz
a,jul2014,mlp,CROWN_lo_eps0.01,412,,0.3099454485003726,results/exp3_ml_real/jul2014/boxes_mlp.npz
a,jul2014,mlp,CROWN_hi_eps0.01,412,,0.3754290945039766,results/exp3_ml_real/jul2014/boxes_mlp.npz
a,jul2014,mlp,nominal_f,413,,0.23823562264442444,results/exp3_ml_real/jul2014/nominal_mlp.npz
a,jul2014,mlp,CROWN_lo_eps0.01,413,,0.21793563078307474,results/exp3_ml_real/jul2014/boxes_mlp.npz
a,jul2014,mlp,CROWN_hi_eps0.01,413,,0.26230026780653765,results/exp3_ml_real/jul2014/boxes_mlp.npz
a,jul2014,mlp,nominal_f,414,,0.27409911155700684,results/exp3_ml_real/jul2014/nominal_mlp.npz
a,jul2014,mlp,CROWN_lo_eps0.01,414,,0.24667247429690717,results/exp3_ml_real/jul2014/boxes_mlp.npz
a,jul2014,mlp,CROWN_hi_eps0.01,414,,0.311004843706358,results/exp3_ml_real/jul2014/boxes_mlp.npz
a,jul2014,mlp,nominal_f,415,,0.29731807112693787,results/exp3_ml_real/jul2014/nominal_mlp.npz
a,jul2014,mlp,CROWN_lo_eps0.01,415,,0.2623482778761685,results/exp3_ml_real/jul2014/boxes_mlp.npz
a,jul2014,mlp,CROWN_hi_eps0.01,415,,0.33636132225584453,results/exp3_ml_real/jul2014/boxes_mlp.npz
a,jul2014,mlp,nominal_f,416,,0.47360995411872864,results/exp3_ml_real/jul2014/nominal_mlp.npz
a,jul2014,mlp,CROWN_lo_eps0.01,416,,0.42497621536047975,results/exp3_ml_real/jul2014/boxes_mlp.npz
a,jul2014,mlp,CROWN_hi_eps0.01,416,,0.522311610605357,results/exp3_ml_real/jul2014/boxes_mlp.npz
a,jul2014,mlp,nominal_f,417,,0.5673978328704834,results/exp3_ml_real/jul2014/nominal_mlp.npz
a,jul2014,mlp,CROWN_lo_eps0.01,417,,0.5204962170440869,results/exp3_ml_real/jul2014/boxes_mlp.npz
a,jul2014,mlp,CROWN_hi_eps0.01,417,,0.6138409562533947,results/exp3_ml_real/jul2014/boxes_mlp.npz
a,jul2014,mlp,nominal_f,418,,0.4611411690711975,results/exp3_ml_real/jul2014/nominal_mlp.npz
a,jul2014,mlp,CROWN_lo_eps0.01,418,,0.4146770502134863,results/exp3_ml_real/jul2014/boxes_mlp.npz
a,jul2014,mlp,CROWN_hi_eps0.01,418,,0.5091970983344584,results/exp3_ml_real/jul2014/boxes_mlp.npz
a,jul2014,mlp,nominal_f,419,,0.28082144260406494,results/exp3_ml_real/jul2014/nominal_mlp.npz
a,jul2014,mlp,CROWN_lo_eps0.01,419,,0.2532159051451179,results/exp3_ml_real/jul2014/boxes_mlp.npz
a,jul2014,mlp,CROWN_hi_eps0.01,419,,0.3144708909938169,results/exp3_ml_real/jul2014/boxes_mlp.npz
a,jul2014,mlp,nominal_f,420,,0.20905177295207977,results/exp3_ml_real/jul2014/nominal_mlp.npz
a,jul2014,mlp,CROWN_lo_eps0.01,420,,0.18410917146816339,results/exp3_ml_real/jul2014/boxes_mlp.npz
a,jul2014,mlp,CROWN_hi_eps0.01,420,,0.2392121319940708,results/exp3_ml_real/jul2014/boxes_mlp.npz
a,jul2014,mlp,nominal_f,421,,0.2265639454126358,results/exp3_ml_real/jul2014/nominal_mlp.npz
a,jul2014,mlp,CROWN_lo_eps0.01,421,,0.20024193211268934,results/exp3_ml_real/jul2014/boxes_mlp.npz
a,jul2014,mlp,CROWN_hi_eps0.01,421,,0.25395987022554906,results/exp3_ml_real/jul2014/boxes_mlp.npz
a,jul2014,mlp,nominal_f,422,,0.12699711322784424,results/exp3_ml_real/jul2014/nominal_mlp.npz
a,jul2014,mlp,CROWN_lo_eps0.01,422,,0.10725598449548598,results/exp3_ml_real/jul2014/boxes_mlp.npz
a,jul2014,mlp,CROWN_hi_eps0.01,422,,0.1480448501001406,results/exp3_ml_real/jul2014/boxes_mlp.npz
a,jul2014,mlp,nominal_f,423,,0.15611906349658966,results/exp3_ml_real/jul2014/nominal_mlp.npz
a,jul2014,mlp,CROWN_lo_eps0.01,423,,0.13298240568205785,results/exp3_ml_real/jul2014/boxes_mlp.npz
a,jul2014,mlp,CROWN_hi_eps0.01,423,,0.1891030289408571,results/exp3_ml_real/jul2014/boxes_mlp.npz
a,jul2014,mlp,nominal_f,424,,0.2167205661535263,results/exp3_ml_real/jul2014/nominal_mlp.npz
a,jul2014,mlp,CROWN_lo_eps0.01,424,,0.18836540987051406,results/exp3_ml_real/jul2014/boxes_mlp.npz
a,jul2014,mlp,CROWN_hi_eps0.01,424,,0.2421189545813948,results/exp3_ml_real/jul2014/boxes_mlp.npz
a,jul2014,mlp,nominal_f,425,,0.14259931445121765,results/exp3_ml_real/jul2014/nominal_mlp.npz
a,jul2014,mlp,CROWN_lo_eps0.01,425,,0.12513619022589742,results/exp3_ml_real/jul2014/boxes_mlp.npz
a,jul2014,mlp,CROWN_hi_eps0.01,425,,0.16053709556600096,results/exp3_ml_real/jul2014/boxes_mlp.npz
a,jul2014,mlp,nominal_f,426,,0.1618085354566574,results/exp3_ml_real/jul2014/nominal_mlp.npz
a,jul2014,mlp,CROWN_lo_eps0.01,426,,0.14246073061764994,results/exp3_ml_real/jul2014/boxes_mlp.npz
a,jul2014,mlp,CROWN_hi_eps0.01,426,,0.18353544990690543,results/exp3_ml_real/jul2014/boxes_mlp.npz
a,jul2014,mlp,nominal_f,427,,0.14793731272220612,results/exp3_ml_real/jul2014/nominal_mlp.npz
a,jul2014,mlp,CROWN_lo_eps0.01,427,,0.13146258402390812,results/exp3_ml_real/jul2014/boxes_mlp.npz
a,jul2014,mlp,CROWN_hi_eps0.01,427,,0.16605785363320516,results/exp3_ml_real/jul2014/boxes_mlp.npz
a,jul2014,mlp,nominal_f,428,,0.16692490875720978,results/exp3_ml_real/jul2014/nominal_mlp.npz
a,jul2014,mlp,CROWN_lo_eps0.01,428,,0.1488011829322102,results/exp3_ml_real/jul2014/boxes_mlp.npz
a,jul2014,mlp,CROWN_hi_eps0.01,428,,0.18702186900759513,results/exp3_ml_real/jul2014/boxes_mlp.npz
a,jul2014,mlp,nominal_f,429,,0.1660599708557129,results/exp3_ml_real/jul2014/nominal_mlp.npz
a,jul2014,mlp,CROWN_lo_eps0.01,429,,0.14810903440601578,results/exp3_ml_real/jul2014/boxes_mlp.npz
a,jul2014,mlp,CROWN_hi_eps0.01,429,,0.18934725137080646,results/exp3_ml_real/jul2014/boxes_mlp.npz
a,jul2014,mlp,nominal_f,430,,0.27674049139022827,results/exp3_ml_real/jul2014/nominal_mlp.npz
a,jul2014,mlp,CROWN_lo_eps0.01,430,,0.24332781350492425,results/exp3_ml_real/jul2014/boxes_mlp.npz
a,jul2014,mlp,CROWN_hi_eps0.01,430,,0.3117110064599577,results/exp3_ml_real/jul2014/boxes_mlp.npz
a,jul2014,mlp,nominal_f,431,,0.3869880437850952,results/exp3_ml_real/jul2014/nominal_mlp.npz
a,jul2014,mlp,CROWN_lo_eps0.01,431,,0.35438424754288095,results/exp3_ml_real/jul2014/boxes_mlp.npz
a,jul2014,mlp,CROWN_hi_eps0.01,431,,0.4194330492493495,results/exp3_ml_real/jul2014/boxes_mlp.npz
a,jul2014,mlp,nominal_f,432,,0.23657211661338806,results/exp3_ml_real/jul2014/nominal_mlp.npz
a,jul2014,mlp,CROWN_lo_eps0.01,432,,0.21385573797524224,results/exp3_ml_real/jul2014/boxes_mlp.npz
a,jul2014,mlp,CROWN_hi_eps0.01,432,,0.2622787117110848,results/exp3_ml_real/jul2014/boxes_mlp.npz
a,jul2014,mlp,nominal_f,433,,0.30639225244522095,results/exp3_ml_real/jul2014/nominal_mlp.npz
a,jul2014,mlp,CROWN_lo_eps0.01,433,,0.27989499802151246,results/exp3_ml_real/jul2014/boxes_mlp.npz
a,jul2014,mlp,CROWN_hi_eps0.01,433,,0.3306858995006691,results/exp3_ml_real/jul2014/boxes_mlp.npz
a,jul2014,mlp,nominal_f,434,,0.3429510295391083,results/exp3_ml_real/jul2014/nominal_mlp.npz
a,jul2014,mlp,CROWN_lo_eps0.01,434,,0.3155697228831427,results/exp3_ml_real/jul2014/boxes_mlp.npz
a,jul2014,mlp,CROWN_hi_eps0.01,434,,0.36848765658841914,results/exp3_ml_real/jul2014/boxes_mlp.npz
a,jul2014,mlp,nominal_f,435,,0.2539690136909485,results/exp3_ml_real/jul2014/nominal_mlp.npz
a,jul2014,mlp,CROWN_lo_eps0.01,435,,0.22998356831121922,results/exp3_ml_real/jul2014/boxes_mlp.npz
a,jul2014,mlp,CROWN_hi_eps0.01,435,,0.27975438676955194,results/exp3_ml_real/jul2014/boxes_mlp.npz
a,jul2014,mlp,nominal_f,436,,0.2853957414627075,results/exp3_ml_real/jul2014/nominal_mlp.npz
a,jul2014,mlp,CROWN_lo_eps0.01,436,,0.26070118576238616,results/exp3_ml_real/jul2014/boxes_mlp.npz
a,jul2014,mlp,CROWN_hi_eps0.01,436,,0.3082462284704352,results/exp3_ml_real/jul2014/boxes_mlp.npz
a,jul2014,mlp,nominal_f,437,,0.23427170515060425,results/exp3_ml_real/jul2014/nominal_mlp.npz
a,jul2014,mlp,CROWN_lo_eps0.01,437,,0.21343327203264326,results/exp3_ml_real/jul2014/boxes_mlp.npz
a,jul2014,mlp,CROWN_hi_eps0.01,437,,0.2607561868976373,results/exp3_ml_real/jul2014/boxes_mlp.npz
a,jul2014,mlp,nominal_f,438,,0.24388499557971954,results/exp3_ml_real/jul2014/nominal_mlp.npz
a,jul2014,mlp,CROWN_lo_eps0.01,438,,0.22214851631395424,results/exp3_ml_real/jul2014/boxes_mlp.npz
a,jul2014,mlp,CROWN_hi_eps0.01,438,,0.2674104747987109,results/exp3_ml_real/jul2014/boxes_mlp.npz
a,jul2014,mlp,nominal_f,439,,0.2178843766450882,results/exp3_ml_real/jul2014/nominal_mlp.npz
a,jul2014,mlp,CROWN_lo_eps0.01,439,,0.19369705108891241,results/exp3_ml_real/jul2014/boxes_mlp.npz
a,jul2014,mlp,CROWN_hi_eps0.01,439,,0.24559215196130094,results/exp3_ml_real/jul2014/boxes_mlp.npz
a,jul2014,mlp,nominal_f,440,,0.29669326543807983,results/exp3_ml_real/jul2014/nominal_mlp.npz
a,jul2014,mlp,CROWN_lo_eps0.01,440,,0.26877646489999046,results/exp3_ml_real/jul2014/boxes_mlp.npz
a,jul2014,mlp,CROWN_hi_eps0.01,440,,0.324335606439839,results/exp3_ml_real/jul2014/boxes_mlp.npz
a,jul2014,mlp,nominal_f,441,,0.3796558976173401,results/exp3_ml_real/jul2014/nominal_mlp.npz
a,jul2014,mlp,CROWN_lo_eps0.01,441,,0.3392230015658469,results/exp3_ml_real/jul2014/boxes_mlp.npz
a,jul2014,mlp,CROWN_hi_eps0.01,441,,0.42281484678010667,results/exp3_ml_real/jul2014/boxes_mlp.npz
a,jul2014,mlp,nominal_f,442,,0.33150041103363037,results/exp3_ml_real/jul2014/nominal_mlp.npz
a,jul2014,mlp,CROWN_lo_eps0.01,442,,0.2934935442701759,results/exp3_ml_real/jul2014/boxes_mlp.npz
a,jul2014,mlp,CROWN_hi_eps0.01,442,,0.3705396239390914,results/exp3_ml_real/jul2014/boxes_mlp.npz
a,jul2014,mlp,nominal_f,443,,0.481271356344223,results/exp3_ml_real/jul2014/nominal_mlp.npz
a,jul2014,mlp,CROWN_lo_eps0.01,443,,0.4378521578317481,results/exp3_ml_real/jul2014/boxes_mlp.npz
a,jul2014,mlp,CROWN_hi_eps0.01,443,,0.5280906230553114,results/exp3_ml_real/jul2014/boxes_mlp.npz
a,jul2014,mlp,nominal_f,444,,0.4196963310241699,results/exp3_ml_real/jul2014/nominal_mlp.npz
a,jul2014,mlp,CROWN_lo_eps0.01,444,,0.37665243430949796,results/exp3_ml_real/jul2014/boxes_mlp.npz
a,jul2014,mlp,CROWN_hi_eps0.01,444,,0.4626332144392881,results/exp3_ml_real/jul2014/boxes_mlp.npz
a,jul2014,mlp,nominal_f,445,,0.18906337022781372,results/exp3_ml_real/jul2014/nominal_mlp.npz
a,jul2014,mlp,CROWN_lo_eps0.01,445,,0.1640232163092241,results/exp3_ml_real/jul2014/boxes_mlp.npz
a,jul2014,mlp,CROWN_hi_eps0.01,445,,0.21305088453056156,results/exp3_ml_real/jul2014/boxes_mlp.npz
a,jul2014,mlp,nominal_f,446,,0.21318066120147705,results/exp3_ml_real/jul2014/nominal_mlp.npz
a,jul2014,mlp,CROWN_lo_eps0.01,446,,0.1809734147188262,results/exp3_ml_real/jul2014/boxes_mlp.npz
a,jul2014,mlp,CROWN_hi_eps0.01,446,,0.2447580201866493,results/exp3_ml_real/jul2014/boxes_mlp.npz
a,jul2014,mlp,nominal_f,447,,0.2321823239326477,results/exp3_ml_real/jul2014/nominal_mlp.npz
a,jul2014,mlp,CROWN_lo_eps0.01,447,,0.19732137601662333,results/exp3_ml_real/jul2014/boxes_mlp.npz
a,jul2014,mlp,CROWN_hi_eps0.01,447,,0.2736902571349004,results/exp3_ml_real/jul2014/boxes_mlp.npz
a,jul2014,mlp,nominal_f,448,,0.32849693298339844,results/exp3_ml_real/jul2014/nominal_mlp.npz
a,jul2014,mlp,CROWN_lo_eps0.01,448,,0.28957804929433456,results/exp3_ml_real/jul2014/boxes_mlp.npz
a,jul2014,mlp,CROWN_hi_eps0.01,448,,0.3712822141817253,results/exp3_ml_real/jul2014/boxes_mlp.npz
a,jul2014,mlp,nominal_f,449,,0.19342449307441711,results/exp3_ml_real/jul2014/nominal_mlp.npz
a,jul2014,mlp,CROWN_lo_eps0.01,449,,0.16277055103452207,results/exp3_ml_real/jul2014/boxes_mlp.npz
a,jul2014,mlp,CROWN_hi_eps0.01,449,,0.22572400800516149,results/exp3_ml_real/jul2014/boxes_mlp.npz
a,jul2014,mlp,nominal_f,450,,0.19506412744522095,results/exp3_ml_real/jul2014/nominal_mlp.npz
a,jul2014,mlp,CROWN_lo_eps0.01,450,,0.16717010434413135,results/exp3_ml_real/jul2014/boxes_mlp.npz
a,jul2014,mlp,CROWN_hi_eps0.01,450,,0.22447240832710783,results/exp3_ml_real/jul2014/boxes_mlp.npz
a,jul2014,mlp,nominal_f,451,,0.16072531044483185,results/exp3_ml_real/jul2014/nominal_mlp.npz
a,jul2014,mlp,CROWN_lo_eps0.01,451,,0.13840495185557597,results/exp3_ml_real/jul2014/boxes_mlp.npz
a,jul2014,mlp,CROWN_hi_eps0.01,451,,0.19181811147380848,results/exp3_ml_real/jul2014/boxes_mlp.npz
a,jul2014,mlp,nominal_f,452,,0.2479601800441742,results/exp3_ml_real/jul2014/nominal_mlp.npz
a,jul2014,mlp,CROWN_lo_eps0.01,452,,0.22235255189228706,results/exp3_ml_real/jul2014/boxes_mlp.npz
a,jul2014,mlp,CROWN_hi_eps0.01,452,,0.27969607076354647,results/exp3_ml_real/jul2014/boxes_mlp.npz
a,jul2014,mlp,nominal_f,453,,0.2809162735939026,results/exp3_ml_real/jul2014/nominal_mlp.npz
a,jul2014,mlp,CROWN_lo_eps0.01,453,,0.2534369067101229,results/exp3_ml_real/jul2014/boxes_mlp.npz
a,jul2014,mlp,CROWN_hi_eps0.01,453,,0.30919480090451285,results/exp3_ml_real/jul2014/boxes_mlp.npz
a,jul2014,mlp,nominal_f,454,,0.4373074471950531,results/exp3_ml_real/jul2014/nominal_mlp.npz
a,jul2014,mlp,CROWN_lo_eps0.01,454,,0.39884299250456695,results/exp3_ml_real/jul2014/boxes_mlp.npz
a,jul2014,mlp,CROWN_hi_eps0.01,454,,0.4784811258565022,results/exp3_ml_real/jul2014/boxes_mlp.npz
a,jul2014,mlp,nominal_f,455,,0.408198744058609,results/exp3_ml_real/jul2014/nominal_mlp.npz
a,jul2014,mlp,CROWN_lo_eps0.01,455,,0.3700271922786364,results/exp3_ml_real/jul2014/boxes_mlp.npz
a,jul2014,mlp,CROWN_hi_eps0.01,455,,0.444730360342458,results/exp3_ml_real/jul2014/boxes_mlp.npz
a,jul2014,mlp,nominal_f,456,,0.39376920461654663,results/exp3_ml_real/jul2014/nominal_mlp.npz
a,jul2014,mlp,CROWN_lo_eps0.01,456,,0.36325288695766017,results/exp3_ml_real/jul2014/boxes_mlp.npz
a,jul2014,mlp,CROWN_hi_eps0.01,456,,0.42170640964074296,results/exp3_ml_real/jul2014/boxes_mlp.npz
a,jul2014,mlp,nominal_f,457,,0.4696529805660248,results/exp3_ml_real/jul2014/nominal_mlp.npz
a,jul2014,mlp,CROWN_lo_eps0.01,457,,0.4381009596648379,results/exp3_ml_real/jul2014/boxes_mlp.npz
a,jul2014,mlp,CROWN_hi_eps0.01,457,,0.4985464345042811,results/exp3_ml_real/jul2014/boxes_mlp.npz
a,jul2014,mlp,nominal_f,458,,0.46377766132354736,results/exp3_ml_real/jul2014/nominal_mlp.npz
a,jul2014,mlp,CROWN_lo_eps0.01,458,,0.4343090957326458,results/exp3_ml_real/jul2014/boxes_mlp.npz
a,jul2014,mlp,CROWN_hi_eps0.01,458,,0.4926482527382991,results/exp3_ml_real/jul2014/boxes_mlp.npz
a,jul2014,mlp,nominal_f,459,,0.3675134778022766,results/exp3_ml_real/jul2014/nominal_mlp.npz
a,jul2014,mlp,CROWN_lo_eps0.01,459,,0.33223153159645685,results/exp3_ml_real/jul2014/boxes_mlp.npz
a,jul2014,mlp,CROWN_hi_eps0.01,459,,0.39488820915016903,results/exp3_ml_real/jul2014/boxes_mlp.npz
a,jul2014,mlp,nominal_f,460,,0.33942797780036926,results/exp3_ml_real/jul2014/nominal_mlp.npz
a,jul2014,mlp,CROWN_lo_eps0.01,460,,0.3104525980051112,results/exp3_ml_real/jul2014/boxes_mlp.npz
a,jul2014,mlp,CROWN_hi_eps0.01,460,,0.36897583576341647,results/exp3_ml_real/jul2014/boxes_mlp.npz
a,jul2014,mlp,nominal_f,461,,0.29126545786857605,results/exp3_ml_real/jul2014/nominal_mlp.npz
a,jul2014,mlp,CROWN_lo_eps0.01,461,,0.2622041440314678,results/exp3_ml_real/jul2014/boxes_mlp.npz
a,jul2014,mlp,CROWN_hi_eps0.01,461,,0.3211555813664047,results/exp3_ml_real/jul2014/boxes_mlp.npz
a,jul2014,mlp,nominal_f,462,,0.2832547724246979,results/exp3_ml_real/jul2014/nominal_mlp.npz
a,jul2014,mlp,CROWN_lo_eps0.01,462,,0.24959159565113595,results/exp3_ml_real/jul2014/boxes_mlp.npz
a,jul2014,mlp,CROWN_hi_eps0.01,462,,0.31738443045097736,results/exp3_ml_real/jul2014/boxes_mlp.npz
a,jul2014,mlp,nominal_f,463,,0.31654298305511475,results/exp3_ml_real/jul2014/nominal_mlp.npz
a,jul2014,mlp,CROWN_lo_eps0.01,463,,0.27973208671314526,results/exp3_ml_real/jul2014/boxes_mlp.npz
a,jul2014,mlp,CROWN_hi_eps0.01,463,,0.351141452856309,results/exp3_ml_real/jul2014/boxes_mlp.npz
a,jul2014,mlp,nominal_f,464,,0.2936648428440094,results/exp3_ml_real/jul2014/nominal_mlp.npz
a,jul2014,mlp,CROWN_lo_eps0.01,464,,0.2623553289136981,results/exp3_ml_real/jul2014/boxes_mlp.npz
a,jul2014,mlp,CROWN_hi_eps0.01,464,,0.3259178267278456,results/exp3_ml_real/jul2014/boxes_mlp.npz
a,jul2014,mlp,nominal_f,465,,0.2898162007331848,results/exp3_ml_real/jul2014/nominal_mlp.npz
a,jul2014,mlp,CROWN_lo_eps0.01,465,,0.25352525628916905,results/exp3_ml_real/jul2014/boxes_mlp.npz
a,jul2014,mlp,CROWN_hi_eps0.01,465,,0.3322177388392535,results/exp3_ml_real/jul2014/boxes_mlp.npz
a,jul2014,mlp,nominal_f,466,,0.2404029816389084,results/exp3_ml_real/jul2014/nominal_mlp.npz
a,jul2014,mlp,CROWN_lo_eps0.01,466,,0.20610488490161258,results/exp3_ml_real/jul2014/boxes_mlp.npz
a,jul2014,mlp,CROWN_hi_eps0.01,466,,0.2788271251091849,results/exp3_ml_real/jul2014/boxes_mlp.npz
a,jul2014,mlp,nominal_f,467,,0.34978237748146057,results/exp3_ml_real/jul2014/nominal_mlp.npz
a,jul2014,mlp,CROWN_lo_eps0.01,467,,0.31313680185692766,results/exp3_ml_real/jul2014/boxes_mlp.npz
a,jul2014,mlp,CROWN_hi_eps0.01,467,,0.39372875925453105,results/exp3_ml_real/jul2014/boxes_mlp.npz
a,jul2014,mlp,nominal_f,468,,0.2904222309589386,results/exp3_ml_real/jul2014/nominal_mlp.npz
a,jul2014,mlp,CROWN_lo_eps0.01,468,,0.25365908737905635,results/exp3_ml_real/jul2014/boxes_mlp.npz
a,jul2014,mlp,CROWN_hi_eps0.01,468,,0.32850812268166213,results/exp3_ml_real/jul2014/boxes_mlp.npz
a,jul2014,mlp,nominal_f,469,,0.1910676509141922,results/exp3_ml_real/jul2014/nominal_mlp.npz
a,jul2014,mlp,CROWN_lo_eps0.01,469,,0.1649309787743329,results/exp3_ml_real/jul2014/boxes_mlp.npz
a,jul2014,mlp,CROWN_hi_eps0.01,469,,0.22614486912923973,results/exp3_ml_real/jul2014/boxes_mlp.npz
a,jul2014,mlp,nominal_f,470,,0.14192023873329163,results/exp3_ml_real/jul2014/nominal_mlp.npz
a,jul2014,mlp,CROWN_lo_eps0.01,470,,0.12072254420140058,results/exp3_ml_real/jul2014/boxes_mlp.npz
a,jul2014,mlp,CROWN_hi_eps0.01,470,,0.1650733126163302,results/exp3_ml_real/jul2014/boxes_mlp.npz
a,jul2014,mlp,nominal_f,471,,0.12650366127490997,results/exp3_ml_real/jul2014/nominal_mlp.npz
a,jul2014,mlp,CROWN_lo_eps0.01,471,,0.10706416241983438,results/exp3_ml_real/jul2014/boxes_mlp.npz
a,jul2014,mlp,CROWN_hi_eps0.01,471,,0.1490313928782178,results/exp3_ml_real/jul2014/boxes_mlp.npz
a,jul2014,mlp,nominal_f,472,,0.12223654240369797,results/exp3_ml_real/jul2014/nominal_mlp.npz
a,jul2014,mlp,CROWN_lo_eps0.01,472,,0.10285022037339939,results/exp3_ml_real/jul2014/boxes_mlp.npz
a,jul2014,mlp,CROWN_hi_eps0.01,472,,0.1466596243895462,results/exp3_ml_real/jul2014/boxes_mlp.npz
a,jul2014,mlp,nominal_f,473,,0.13803444802761078,results/exp3_ml_real/jul2014/nominal_mlp.npz
a,jul2014,mlp,CROWN_lo_eps0.01,473,,0.11787113620598441,results/exp3_ml_real/jul2014/boxes_mlp.npz
a,jul2014,mlp,CROWN_hi_eps0.01,473,,0.15978261131030239,results/exp3_ml_real/jul2014/boxes_mlp.npz
a,jul2014,mlp,nominal_f,474,,0.1616504043340683,results/exp3_ml_real/jul2014/nominal_mlp.npz
a,jul2014,mlp,CROWN_lo_eps0.01,474,,0.13863317783409243,results/exp3_ml_real/jul2014/boxes_mlp.npz
a,jul2014,mlp,CROWN_hi_eps0.01,474,,0.1860083144628545,results/exp3_ml_real/jul2014/boxes_mlp.npz
a,jul2014,mlp,nominal_f,475,,0.14660118520259857,results/exp3_ml_real/jul2014/nominal_mlp.npz
a,jul2014,mlp,CROWN_lo_eps0.01,475,,0.12739687706537747,results/exp3_ml_real/jul2014/boxes_mlp.npz
a,jul2014,mlp,CROWN_hi_eps0.01,475,,0.16893647723732755,results/exp3_ml_real/jul2014/boxes_mlp.npz
a,jul2014,mlp,nominal_f,476,,0.19656339287757874,results/exp3_ml_real/jul2014/nominal_mlp.npz
a,jul2014,mlp,CROWN_lo_eps0.01,476,,0.1740999540308121,results/exp3_ml_real/jul2014/boxes_mlp.npz
a,jul2014,mlp,CROWN_hi_eps0.01,476,,0.21999811646188608,results/exp3_ml_real/jul2014/boxes_mlp.npz
a,jul2014,mlp,nominal_f,477,,0.19999168813228607,results/exp3_ml_real/jul2014/nominal_mlp.npz
a,jul2014,mlp,CROWN_lo_eps0.01,477,,0.17723914989051223,results/exp3_ml_real/jul2014/boxes_mlp.npz
a,jul2014,mlp,CROWN_hi_eps0.01,477,,0.22371550282228161,results/exp3_ml_real/jul2014/boxes_mlp.npz
a,jul2014,mlp,nominal_f,478,,0.17223134636878967,results/exp3_ml_real/jul2014/nominal_mlp.npz
a,jul2014,mlp,CROWN_lo_eps0.01,478,,0.15345667083167766,results/exp3_ml_real/jul2014/boxes_mlp.npz
a,jul2014,mlp,CROWN_hi_eps0.01,478,,0.1918233763771557,results/exp3_ml_real/jul2014/boxes_mlp.npz
a,jul2014,mlp,nominal_f,479,,0.1488412767648697,results/exp3_ml_real/jul2014/nominal_mlp.npz
a,jul2014,mlp,CROWN_lo_eps0.01,479,,0.13204657149244178,results/exp3_ml_real/jul2014/boxes_mlp.npz
a,jul2014,mlp,CROWN_hi_eps0.01,479,,0.16922850317963692,results/exp3_ml_real/jul2014/boxes_mlp.npz
a,jul2014,mlp,nominal_f,480,,0.1805286407470703,results/exp3_ml_real/jul2014/nominal_mlp.npz
a,jul2014,mlp,CROWN_lo_eps0.01,480,,0.1618899675374503,results/exp3_ml_real/jul2014/boxes_mlp.npz
a,jul2014,mlp,CROWN_hi_eps0.01,480,,0.1999582576388125,results/exp3_ml_real/jul2014/boxes_mlp.npz
a,jul2014,mlp,nominal_f,481,,0.22794345021247864,results/exp3_ml_real/jul2014/nominal_mlp.npz
a,jul2014,mlp,CROWN_lo_eps0.01,481,,0.20263940941565659,results/exp3_ml_real/jul2014/boxes_mlp.npz
a,jul2014,mlp,CROWN_hi_eps0.01,481,,0.2519839340631474,results/exp3_ml_real/jul2014/boxes_mlp.npz
a,jul2014,mlp,nominal_f,482,,0.20488007366657257,results/exp3_ml_real/jul2014/nominal_mlp.npz
a,jul2014,mlp,CROWN_lo_eps0.01,482,,0.18118860798520017,results/exp3_ml_real/jul2014/boxes_mlp.npz
a,jul2014,mlp,CROWN_hi_eps0.01,482,,0.22823365455449832,results/exp3_ml_real/jul2014/boxes_mlp.npz
a,jul2014,mlp,nominal_f,483,,0.1479889303445816,results/exp3_ml_real/jul2014/nominal_mlp.npz
a,jul2014,mlp,CROWN_lo_eps0.01,483,,0.13273768041611492,results/exp3_ml_real/jul2014/boxes_mlp.npz
a,jul2014,mlp,CROWN_hi_eps0.01,483,,0.16642015094780285,results/exp3_ml_real/jul2014/boxes_mlp.npz
a,jul2014,mlp,nominal_f,484,,0.12416306883096695,results/exp3_ml_real/jul2014/nominal_mlp.npz
a,jul2014,mlp,CROWN_lo_eps0.01,484,,0.1099435835502516,results/exp3_ml_real/jul2014/boxes_mlp.npz
a,jul2014,mlp,CROWN_hi_eps0.01,484,,0.1398587515843054,results/exp3_ml_real/jul2014/boxes_mlp.npz
a,jul2014,mlp,nominal_f,485,,0.11177908629179001,results/exp3_ml_real/jul2014/nominal_mlp.npz
a,jul2014,mlp,CROWN_lo_eps0.01,485,,0.09795472492711191,results/exp3_ml_real/jul2014/boxes_mlp.npz
a,jul2014,mlp,CROWN_hi_eps0.01,485,,0.1263025392550811,results/exp3_ml_real/jul2014/boxes_mlp.npz
a,jul2014,mlp,nominal_f,486,,0.10225256532430649,results/exp3_ml_real/jul2014/nominal_mlp.npz
a,jul2014,mlp,CROWN_lo_eps0.01,486,,0.09046833865955553,results/exp3_ml_real/jul2014/boxes_mlp.npz
a,jul2014,mlp,CROWN_hi_eps0.01,486,,0.11842215227400979,results/exp3_ml_real/jul2014/boxes_mlp.npz
a,jul2014,mlp,nominal_f,487,,0.1020452007651329,results/exp3_ml_real/jul2014/nominal_mlp.npz
a,jul2014,mlp,CROWN_lo_eps0.01,487,,0.08978680835524452,results/exp3_ml_real/jul2014/boxes_mlp.npz
a,jul2014,mlp,CROWN_hi_eps0.01,487,,0.11637859965533473,results/exp3_ml_real/jul2014/boxes_mlp.npz
a,jul2014,mlp,nominal_f,488,,0.10427387803792953,results/exp3_ml_real/jul2014/nominal_mlp.npz
a,jul2014,mlp,CROWN_lo_eps0.01,488,,0.09222251239928578,results/exp3_ml_real/jul2014/boxes_mlp.npz
a,jul2014,mlp,CROWN_hi_eps0.01,488,,0.11766129885360568,results/exp3_ml_real/jul2014/boxes_mlp.npz
a,jul2014,mlp,nominal_f,489,,0.11610683053731918,results/exp3_ml_real/jul2014/nominal_mlp.npz
a,jul2014,mlp,CROWN_lo_eps0.01,489,,0.0981065388221267,results/exp3_ml_real/jul2014/boxes_mlp.npz
a,jul2014,mlp,CROWN_hi_eps0.01,489,,0.13545250578509418,results/exp3_ml_real/jul2014/boxes_mlp.npz
a,jul2014,mlp,nominal_f,490,,0.10066124051809311,results/exp3_ml_real/jul2014/nominal_mlp.npz
a,jul2014,mlp,CROWN_lo_eps0.01,490,,0.08657406824741973,results/exp3_ml_real/jul2014/boxes_mlp.npz
a,jul2014,mlp,CROWN_hi_eps0.01,490,,0.11636410724247184,results/exp3_ml_real/jul2014/boxes_mlp.npz
a,jul2014,mlp,nominal_f,491,,0.11248712986707687,results/exp3_ml_real/jul2014/nominal_mlp.npz
a,jul2014,mlp,CROWN_lo_eps0.01,491,,0.09822851203916436,results/exp3_ml_real/jul2014/boxes_mlp.npz
a,jul2014,mlp,CROWN_hi_eps0.01,491,,0.12756130414917857,results/exp3_ml_real/jul2014/boxes_mlp.npz
a,jul2014,mlp,nominal_f,492,,0.11094443500041962,results/exp3_ml_real/jul2014/nominal_mlp.npz
a,jul2014,mlp,CROWN_lo_eps0.01,492,,0.09762211967022646,results/exp3_ml_real/jul2014/boxes_mlp.npz
a,jul2014,mlp,CROWN_hi_eps0.01,492,,0.12500190033825517,results/exp3_ml_real/jul2014/boxes_mlp.npz
a,jul2014,mlp,nominal_f,493,,0.12438733130693436,results/exp3_ml_real/jul2014/nominal_mlp.npz
a,jul2014,mlp,CROWN_lo_eps0.01,493,,0.1096935990998196,results/exp3_ml_real/jul2014/boxes_mlp.npz
a,jul2014,mlp,CROWN_hi_eps0.01,493,,0.1398406836364918,results/exp3_ml_real/jul2014/boxes_mlp.npz
a,jul2014,mlp,nominal_f,494,,0.13086019456386566,results/exp3_ml_real/jul2014/nominal_mlp.npz
a,jul2014,mlp,CROWN_lo_eps0.01,494,,0.11475927125591182,results/exp3_ml_real/jul2014/boxes_mlp.npz
a,jul2014,mlp,CROWN_hi_eps0.01,494,,0.14776745243235104,results/exp3_ml_real/jul2014/boxes_mlp.npz
a,jul2014,mlp,nominal_f,495,,0.10241825133562088,results/exp3_ml_real/jul2014/nominal_mlp.npz
a,jul2014,mlp,CROWN_lo_eps0.01,495,,0.08726218057993904,results/exp3_ml_real/jul2014/boxes_mlp.npz
a,jul2014,mlp,CROWN_hi_eps0.01,495,,0.12087068058797049,results/exp3_ml_real/jul2014/boxes_mlp.npz
a,jul2014,mlp,nominal_f,496,,0.17542795836925507,results/exp3_ml_real/jul2014/nominal_mlp.npz
a,jul2014,mlp,CROWN_lo_eps0.01,496,,0.14838861306681425,results/exp3_ml_real/jul2014/boxes_mlp.npz
a,jul2014,mlp,CROWN_hi_eps0.01,496,,0.2045683989337416,results/exp3_ml_real/jul2014/boxes_mlp.npz
a,jul2014,mlp,nominal_f,497,,0.17510508000850677,results/exp3_ml_real/jul2014/nominal_mlp.npz
a,jul2014,mlp,CROWN_lo_eps0.01,497,,0.15297675929984564,results/exp3_ml_real/jul2014/boxes_mlp.npz
a,jul2014,mlp,CROWN_hi_eps0.01,497,,0.19834469632218701,results/exp3_ml_real/jul2014/boxes_mlp.npz
a,jul2014,mlp,nominal_f,498,,0.25299379229545593,results/exp3_ml_real/jul2014/nominal_mlp.npz
a,jul2014,mlp,CROWN_lo_eps0.01,498,,0.22394504273767488,results/exp3_ml_real/jul2014/boxes_mlp.npz
a,jul2014,mlp,CROWN_hi_eps0.01,498,,0.2831273739516111,results/exp3_ml_real/jul2014/boxes_mlp.npz
a,jul2014,mlp,nominal_f,499,,0.23760369420051575,results/exp3_ml_real/jul2014/nominal_mlp.npz
a,jul2014,mlp,CROWN_lo_eps0.01,499,,0.20975390660047985,results/exp3_ml_real/jul2014/boxes_mlp.npz
a,jul2014,mlp,CROWN_hi_eps0.01,499,,0.2665516062763897,results/exp3_ml_real/jul2014/boxes_mlp.npz
a,jul2014,mlp,nominal_f,500,,0.3075786828994751,results/exp3_ml_real/jul2014/nominal_mlp.npz
a,jul2014,mlp,CROWN_lo_eps0.01,500,,0.27726943025425893,results/exp3_ml_real/jul2014/boxes_mlp.npz
a,jul2014,mlp,CROWN_hi_eps0.01,500,,0.33921862631359095,results/exp3_ml_real/jul2014/boxes_mlp.npz
a,jul2014,mlp,nominal_f,501,,0.3230695128440857,results/exp3_ml_real/jul2014/nominal_mlp.npz
a,jul2014,mlp,CROWN_lo_eps0.01,501,,0.2887463102128996,results/exp3_ml_real/jul2014/boxes_mlp.npz
a,jul2014,mlp,CROWN_hi_eps0.01,501,,0.35730590273326895,results/exp3_ml_real/jul2014/boxes_mlp.npz
a,jul2014,mlp,nominal_f,502,,0.3295639157295227,results/exp3_ml_real/jul2014/nominal_mlp.npz
a,jul2014,mlp,CROWN_lo_eps0.01,502,,0.29760687622493615,results/exp3_ml_real/jul2014/boxes_mlp.npz
a,jul2014,mlp,CROWN_hi_eps0.01,502,,0.3568452338713785,results/exp3_ml_real/jul2014/boxes_mlp.npz
a,jul2014,mlp,nominal_f,503,,0.3071547746658325,results/exp3_ml_real/jul2014/nominal_mlp.npz
a,jul2014,mlp,CROWN_lo_eps0.01,503,,0.27394715100512995,results/exp3_ml_real/jul2014/boxes_mlp.npz
a,jul2014,mlp,CROWN_hi_eps0.01,503,,0.3383462982229,results/exp3_ml_real/jul2014/boxes_mlp.npz
a,jul2014,mlp,class_S1a,,,"{""span"": [168, 504], ""L_range"": [24, 168]}",results/exp3_ml_real/jul2014/s3_certify_mlp.json
a,jul2014,mlp,class_S1b,,,"{""e"": 480, ""L"": [24, 147, 168], ""argmax_pair"": [147, 24], ""settled"": true}",results/exp3_ml_real/jul2014/s3_certify_mlp.json
a,jul2014,mlp,class_S2,,,"{""tau0"": 336, ""tau_range"": [312, 360], ""tau"": 342, ""L"": 96, ""blocks"": [[246, 342], [342, 438]]}",results/exp3_ml_real/jul2014/s3_certify_mlp.json
a,jul2014,mlp,class_S3,,,"{""base"": 168, ""s0"": 179, ""K"": 14, ""bin_h"": 48, ""bins"": [[179, 227], [227, 275], [275, 323], [323, 371], [371, 419], [419, 467], [467, 515]]}",results/exp3_ml_real/jul2014/s3_certify_mlp.json
a,jul2014,mlp,class_S4,,,"{""e"": 408, ""L_range"": [24, 168], ""top"": 3, ""n_clients"": 12}",results/exp3_ml_real/jul2014/s3_certify_mlp.json
a,jul2014,mlp,class_S5,,,"{""week"": 1, ""h0"": 20, ""b"": 4, ""pairs"": [[184, 188, 192], [208, 212, 216], [232, 236, 240], [256, 260, 264], [280, 284, 288], [304, 308, 312], [328, 332, 336]]}",results/exp3_ml_real/jul2014/s3_certify_mlp.json
b,synthetic,mlp,value_width_median|IBP,0.01,,0.18931728699631112,results/exp3_ml/summary_mlp.json
b,synthetic,mlp,value_width_q25|IBP,0.01,,0.09526263555460007,results/exp3_ml/boxes_mlp.npz
b,synthetic,mlp,value_width_q75|IBP,0.01,,0.26802647538527513,results/exp3_ml/boxes_mlp.npz
b,synthetic,mlp,value_width_median|IBP,0.02,,0.3824147147930831,results/exp3_ml/summary_mlp.json
b,synthetic,mlp,value_width_q25|IBP,0.02,,0.21249824984722515,results/exp3_ml/boxes_mlp.npz
b,synthetic,mlp,value_width_q75|IBP,0.02,,0.5092560987295949,results/exp3_ml/boxes_mlp.npz
b,synthetic,mlp,value_width_median|IBP,0.05,,0.820251642968583,results/exp3_ml/summary_mlp.json
b,synthetic,mlp,value_width_q25|IBP,0.05,,0.6719885026897503,results/exp3_ml/boxes_mlp.npz
b,synthetic,mlp,value_width_q75|IBP,0.05,,0.8970882589207182,results/exp3_ml/boxes_mlp.npz
b,synthetic,mlp,value_width_median|IBP,0.1,,0.9832846140923763,results/exp3_ml/summary_mlp.json
b,synthetic,mlp,value_width_q25|IBP,0.1,,0.9671562950021434,results/exp3_ml/boxes_mlp.npz
b,synthetic,mlp,value_width_q75|IBP,0.1,,0.9920000139754089,results/exp3_ml/boxes_mlp.npz
b,synthetic,mlp,value_width_median|CROWN,0.01,,0.032521469103487105,results/exp3_ml/summary_mlp.json
b,synthetic,mlp,value_width_q25|CROWN,0.01,,0.01649255578431066,results/exp3_ml/boxes_mlp.npz
b,synthetic,mlp,value_width_q75|CROWN,0.01,,0.04726639410310453,results/exp3_ml/boxes_mlp.npz
b,synthetic,mlp,value_width_median|CROWN,0.02,,0.0692078446242339,results/exp3_ml/summary_mlp.json
b,synthetic,mlp,value_width_q25|CROWN,0.02,,0.03523469804243311,results/exp3_ml/boxes_mlp.npz
b,synthetic,mlp,value_width_q75|CROWN,0.02,,0.10003364148761304,results/exp3_ml/boxes_mlp.npz
b,synthetic,mlp,value_width_median|CROWN,0.05,,0.2081996056936819,results/exp3_ml/summary_mlp.json
b,synthetic,mlp,value_width_q25|CROWN,0.05,,0.10880894418960946,results/exp3_ml/boxes_mlp.npz
b,synthetic,mlp,value_width_q75|CROWN,0.05,,0.29332893340034727,results/exp3_ml/boxes_mlp.npz
b,synthetic,mlp,value_width_median|CROWN,0.1,,0.5464510507044495,results/exp3_ml/summary_mlp.json
b,synthetic,mlp,value_width_q25|CROWN,0.1,,0.3220947315651218,results/exp3_ml/boxes_mlp.npz
b,synthetic,mlp,value_width_q75|CROWN,0.1,,0.7094064492019438,results/exp3_ml/boxes_mlp.npz
b,synthetic,mlp,value_width_median|alpha-CROWN,0.01,,0.03195571333635283,results/exp3_ml/summary_mlp.json
b,synthetic,mlp,value_width_q25|alpha-CROWN,0.01,,0.01612277556276744,results/exp3_ml/boxes_mlp.npz
b,synthetic,mlp,value_width_q75|alpha-CROWN,0.01,,0.046579322242395874,results/exp3_ml/boxes_mlp.npz
b,synthetic,mlp,value_width_median|alpha-CROWN,0.02,,0.06672744186263468,results/exp3_ml/summary_mlp.json
b,synthetic,mlp,value_width_q25|alpha-CROWN,0.02,,0.033783692369799175,results/exp3_ml/boxes_mlp.npz
b,synthetic,mlp,value_width_q75|alpha-CROWN,0.02,,0.09706092958356197,results/exp3_ml/boxes_mlp.npz
b,synthetic,mlp,value_width_median|alpha-CROWN,0.05,,0.1887580629777908,results/exp3_ml/summary_mlp.json
b,synthetic,mlp,value_width_q25|alpha-CROWN,0.05,,0.09738335836350917,results/exp3_ml/boxes_mlp.npz
b,synthetic,mlp,value_width_q75|alpha-CROWN,0.05,,0.26851650591611853,results/exp3_ml/boxes_mlp.npz
b,synthetic,mlp,value_width_median|alpha-CROWN,0.1,,0.46181878339171406,results/exp3_ml/summary_mlp.json
b,synthetic,mlp,value_width_q25|alpha-CROWN,0.1,,0.2638210643422604,results/exp3_ml/boxes_mlp.npz
b,synthetic,mlp,value_width_q75|alpha-CROWN,0.1,,0.6041354135018588,results/exp3_ml/boxes_mlp.npz
b,synthetic,mlp,value_width_median|PGD inner,0.01,,0.030383230363188567,results/exp3_ml/summary_mlp.json
b,synthetic,mlp,value_width_q25|PGD inner,0.01,,0.01543599138379935,results/exp3_ml/boxes_mlp.npz
b,synthetic,mlp,value_width_q75|PGD inner,0.01,,0.04457111427412998,results/exp3_ml/boxes_mlp.npz
b,synthetic,mlp,value_width_median|PGD inner,0.02,,0.060717427838803364,results/exp3_ml/summary_mlp.json
b,synthetic,mlp,value_width_q25|PGD inner,0.02,,0.030954247888978454,results/exp3_ml/boxes_mlp.npz
b,synthetic,mlp,value_width_q75|PGD inner,0.02,,0.08899214480696167,results/exp3_ml/boxes_mlp.npz
b,synthetic,mlp,value_width_median|PGD inner,0.05,,0.15210812390330247,results/exp3_ml/summary_mlp.json
b,synthetic,mlp,value_width_q25|PGD inner,0.05,,0.07887828937490737,results/exp3_ml/boxes_mlp.npz
b,synthetic,mlp,value_width_q75|PGD inner,0.05,,0.21966372774486048,results/exp3_ml/boxes_mlp.npz
b,synthetic,mlp,value_width_median|PGD inner,0.1,,0.30557203107286085,results/exp3_ml/summary_mlp.json
b,synthetic,mlp,value_width_q25|PGD inner,0.1,,0.1661028592764754,results/exp3_ml/boxes_mlp.npz
b,synthetic,mlp,value_width_q75|PGD inner,0.1,,0.42145451368102727,results/exp3_ml/boxes_mlp.npz
b,synthetic,mlp,kappa_median|CROWN|eps0.01,1,,1.0081820542211162,results/exp3_ml/summary_mlp.json
b,synthetic,mlp,kappa_q25|CROWN|eps0.01,1,,0.9090134758288804,results/exp3_ml/boxes_mlp.npz
b,synthetic,mlp,kappa_q75|CROWN|eps0.01,1,,1.1280467466341038,results/exp3_ml/boxes_mlp.npz
b,synthetic,mlp,kappa_median|CROWN|eps0.01,2,,1.071066497640399,results/exp3_ml/summary_mlp.json
b,synthetic,mlp,kappa_q25|CROWN|eps0.01,2,,0.9523728508221171,results/exp3_ml/boxes_mlp.npz
b,synthetic,mlp,kappa_q75|CROWN|eps0.01,2,,1.2326042733232714,results/exp3_ml/boxes_mlp.npz
b,synthetic,mlp,kappa_median|CROWN|eps0.01,4,,1.1538934150364168,results/exp3_ml/summary_mlp.json
b,synthetic,mlp,kappa_q25|CROWN|eps0.01,4,,1.003493879585939,results/exp3_ml/boxes_mlp.npz
b,synthetic,mlp,kappa_q75|CROWN|eps0.01,4,,1.3929875337629387,results/exp3_ml/boxes_mlp.npz
b,synthetic,mlp,kappa_median|CROWN|eps0.01,8,,1.272867775336517,results/exp3_ml/summary_mlp.json
b,synthetic,mlp,kappa_q25|CROWN|eps0.01,8,,1.0702014127216448,results/exp3_ml/boxes_mlp.npz
b,synthetic,mlp,kappa_q75|CROWN|eps0.01,8,,1.6264401639199089,results/exp3_ml/boxes_mlp.npz
b,synthetic,mlp,kappa_median|CROWN|eps0.01,16,,1.4823250037210784,results/exp3_ml/summary_mlp.json
b,synthetic,mlp,kappa_q25|CROWN|eps0.01,16,,1.204415230571726,results/exp3_ml/boxes_mlp.npz
b,synthetic,mlp,kappa_q75|CROWN|eps0.01,16,,2.002897411426928,results/exp3_ml/boxes_mlp.npz
b,synthetic,mlp,kappa_median|CROWN|eps0.01,32,,1.6094155115574376,results/exp3_ml/summary_mlp.json
b,synthetic,mlp,kappa_q25|CROWN|eps0.01,32,,1.2502159791548793,results/exp3_ml/boxes_mlp.npz
b,synthetic,mlp,kappa_q75|CROWN|eps0.01,32,,2.3646103481450673,results/exp3_ml/boxes_mlp.npz
b,synthetic,mlp,kappa_median|CROWN|eps0.01,64,,1.7308373475031487,results/exp3_ml/summary_mlp.json
b,synthetic,mlp,kappa_q25|CROWN|eps0.01,64,,1.305195621807397,results/exp3_ml/boxes_mlp.npz
b,synthetic,mlp,kappa_q75|CROWN|eps0.01,64,,2.6247565920537514,results/exp3_ml/boxes_mlp.npz
b,synthetic,mlp,kappa_median|CROWN|eps0.01,128,,1.783719236857959,results/exp3_ml/summary_mlp.json
b,synthetic,mlp,kappa_q25|CROWN|eps0.01,128,,1.362930915245276,results/exp3_ml/boxes_mlp.npz
b,synthetic,mlp,kappa_q75|CROWN|eps0.01,128,,2.6967593593841848,results/exp3_ml/boxes_mlp.npz
b,synthetic,feat,value_width_median|IBP,0.01,,0.05740671189094233,results/exp3_ml/summary_feat.json
b,synthetic,feat,value_width_q25|IBP,0.01,,0.030660435317714965,results/exp3_ml/boxes_feat.npz
b,synthetic,feat,value_width_q75|IBP,0.01,,0.09127129568407061,results/exp3_ml/boxes_feat.npz
b,synthetic,feat,value_width_median|IBP,0.02,,0.11553820601472671,results/exp3_ml/summary_feat.json
b,synthetic,feat,value_width_q25|IBP,0.02,,0.06185861430600547,results/exp3_ml/boxes_feat.npz
b,synthetic,feat,value_width_q75|IBP,0.02,,0.18099772002663245,results/exp3_ml/boxes_feat.npz
b,synthetic,feat,value_width_median|IBP,0.05,,0.2998002807470725,results/exp3_ml/summary_feat.json
b,synthetic,feat,value_width_q25|IBP,0.05,,0.16273544610373117,results/exp3_ml/boxes_feat.npz
b,synthetic,feat,value_width_q75|IBP,0.05,,0.42936089313518466,results/exp3_ml/boxes_feat.npz
b,synthetic,feat,value_width_median|IBP,0.1,,0.6020380516150106,results/exp3_ml/summary_feat.json
b,synthetic,feat,value_width_q25|IBP,0.1,,0.384555525150068,results/exp3_ml/boxes_feat.npz
b,synthetic,feat,value_width_q75|IBP,0.1,,0.7152439817616506,results/exp3_ml/boxes_feat.npz
b,synthetic,feat,value_width_median|CROWN,0.01,,0.014593236670527018,results/exp3_ml/summary_feat.json
b,synthetic,feat,value_width_q25|CROWN,0.01,,0.008000798863075875,results/exp3_ml/boxes_feat.npz
b,synthetic,feat,value_width_q75|CROWN,0.01,,0.023901626103873516,results/exp3_ml/boxes_feat.npz
b,synthetic,feat,value_width_median|CROWN,0.02,,0.029731325758874494,results/exp3_ml/summary_feat.json
b,synthetic,feat,value_width_q25|CROWN,0.02,,0.016382321742715887,results/exp3_ml/boxes_feat.npz
b,synthetic,feat,value_width_q75|CROWN,0.02,,0.048663663156704805,results/exp3_ml/boxes_feat.npz
b,synthetic,feat,value_width_median|CROWN,0.05,,0.07976732133806846,results/exp3_ml/summary_feat.json
b,synthetic,feat,value_width_q25|CROWN,0.05,,0.04418312871811112,results/exp3_ml/boxes_feat.npz
b,synthetic,feat,value_width_q75|CROWN,0.05,,0.1274266074813985,results/exp3_ml/boxes_feat.npz
b,synthetic,feat,value_width_median|CROWN,0.1,,0.1790966019190727,results/exp3_ml/summary_feat.json
b,synthetic,feat,value_width_q25|CROWN,0.1,,0.09954904801313118,results/exp3_ml/boxes_feat.npz
b,synthetic,feat,value_width_q75|CROWN,0.1,,0.27135334106744774,results/exp3_ml/boxes_feat.npz
b,synthetic,feat,value_width_median|alpha-CROWN,0.01,,0.014409565663651855,results/exp3_ml/summary_feat.json
b,synthetic,feat,value_width_q25|alpha-CROWN,0.01,,0.007925123752599184,results/exp3_ml/boxes_feat.npz
b,synthetic,feat,value_width_q75|alpha-CROWN,0.01,,0.02374105889199768,results/exp3_ml/boxes_feat.npz
b,synthetic,feat,value_width_median|alpha-CROWN,0.02,,0.02904031990384015,results/exp3_ml/summary_feat.json
b,synthetic,feat,value_width_q25|alpha-CROWN,0.02,,0.01600818647434807,results/exp3_ml/boxes_feat.npz
b,synthetic,feat,value_width_q75|alpha-CROWN,0.02,,0.047822880762447575,results/exp3_ml/boxes_feat.npz
b,synthetic,feat,value_width_median|alpha-CROWN,0.05,,0.07516789137565873,results/exp3_ml/summary_feat.json
b,synthetic,feat,value_width_q25|alpha-CROWN,0.05,,0.04174483395875634,results/exp3_ml/boxes_feat.npz
b,synthetic,feat,value_width_q75|alpha-CROWN,0.05,,0.12194317524397803,results/exp3_ml/boxes_feat.npz
b,synthetic,feat,value_width_median|alpha-CROWN,0.1,,0.16013760727528686,results/exp3_ml/summary_feat.json
b,synthetic,feat,value_width_q25|alpha-CROWN,0.1,,0.08872542608201504,results/exp3_ml/boxes_feat.npz
b,synthetic,feat,value_width_q75|alpha-CROWN,0.1,,0.24847508381787858,results/exp3_ml/boxes_feat.npz
b,synthetic,feat,value_width_median|PGD inner,0.01,,0.014279056527298745,results/exp3_ml/summary_feat.json
b,synthetic,feat,value_width_q25|PGD inner,0.01,,0.007809309905759815,results/exp3_ml/boxes_feat.npz
b,synthetic,feat,value_width_q75|PGD inner,0.01,,0.023607101253084017,results/exp3_ml/boxes_feat.npz
b,synthetic,feat,value_width_median|PGD inner,0.02,,0.028565437065155068,results/exp3_ml/summary_feat.json
b,synthetic,feat,value_width_q25|PGD inner,0.02,,0.015627777480409916,results/exp3_ml/boxes_feat.npz
b,synthetic,feat,value_width_q75|PGD inner,0.02,,0.04715136353633438,results/exp3_ml/boxes_feat.npz
b,synthetic,feat,value_width_median|PGD inner,0.05,,0.07187467646338348,results/exp3_ml/summary_feat.json
b,synthetic,feat,value_width_q25|PGD inner,0.05,,0.03908108400188263,results/exp3_ml/boxes_feat.npz
b,synthetic,feat,value_width_q75|PGD inner,0.05,,0.11781651993327455,results/exp3_ml/boxes_feat.npz
b,synthetic,feat,value_width_median|PGD inner,0.1,,0.14696456524569573,results/exp3_ml/summary_feat.json
b,synthetic,feat,value_width_q25|PGD inner,0.1,,0.07904284888717597,results/exp3_ml/boxes_feat.npz
b,synthetic,feat,value_width_q75|PGD inner,0.1,,0.23341214290558335,results/exp3_ml/boxes_feat.npz
b,synthetic,feat,kappa_median|CROWN|eps0.01,1,,0.42455537441032554,results/exp3_ml/summary_feat.json
b,synthetic,feat,kappa_q25|CROWN|eps0.01,1,,0.3002212847744322,results/exp3_ml/boxes_feat.npz
b,synthetic,feat,kappa_q75|CROWN|eps0.01,1,,0.5859516019891648,results/exp3_ml/boxes_feat.npz
b,synthetic,feat,kappa_median|CROWN|eps0.01,2,,0.7271082066804004,results/exp3_ml/summary_feat.json
b,synthetic,feat,kappa_q25|CROWN|eps0.01,2,,0.5236821482981553,results/exp3_ml/boxes_feat.npz
b,synthetic,feat,kappa_q75|CROWN|eps0.01,2,,0.9314361395480539,results/exp3_ml/boxes_feat.npz
b,synthetic,feat,kappa_median|CROWN|eps0.01,4,,0.9914787575106466,results/exp3_ml/summary_feat.json
b,synthetic,feat,kappa_q25|CROWN|eps0.01,4,,0.785335226990224,results/exp3_ml/boxes_feat.npz
b,synthetic,feat,kappa_q75|CROWN|eps0.01,4,,1.287565024642765,results/exp3_ml/boxes_feat.npz
b,synthetic,feat,kappa_median|CROWN|eps0.01,8,,1.1902624839632696,results/exp3_ml/summary_feat.json
b,synthetic,feat,kappa_q25|CROWN|eps0.01,8,,1.0064978486333318,results/exp3_ml/boxes_feat.npz
b,synthetic,feat,kappa_q75|CROWN|eps0.01,8,,1.555669940825551,results/exp3_ml/boxes_feat.npz
b,synthetic,feat,kappa_median|CROWN|eps0.01,16,,1.5670756134779618,results/exp3_ml/summary_feat.json
b,synthetic,feat,kappa_q25|CROWN|eps0.01,16,,1.28748146158753,results/exp3_ml/boxes_feat.npz
b,synthetic,feat,kappa_q75|CROWN|eps0.01,16,,2.0867900246884767,results/exp3_ml/boxes_feat.npz
b,synthetic,feat,kappa_median|CROWN|eps0.01,32,,1.9040401945727523,results/exp3_ml/summary_feat.json
b,synthetic,feat,kappa_q25|CROWN|eps0.01,32,,1.431519958149557,results/exp3_ml/boxes_feat.npz
b,synthetic,feat,kappa_q75|CROWN|eps0.01,32,,2.7902526562777643,results/exp3_ml/boxes_feat.npz
b,synthetic,feat,kappa_median|CROWN|eps0.01,64,,1.8567527178812924,results/exp3_ml/summary_feat.json
b,synthetic,feat,kappa_q25|CROWN|eps0.01,64,,1.3969228950821415,results/exp3_ml/boxes_feat.npz
b,synthetic,feat,kappa_q75|CROWN|eps0.01,64,,2.8580638210275873,results/exp3_ml/boxes_feat.npz
b,synthetic,feat,kappa_median|CROWN|eps0.01,128,,1.823945001590182,results/exp3_ml/summary_feat.json
b,synthetic,feat,kappa_q25|CROWN|eps0.01,128,,1.3786516298658624,results/exp3_ml/boxes_feat.npz
b,synthetic,feat,kappa_q75|CROWN|eps0.01,128,,2.7984868191917034,results/exp3_ml/boxes_feat.npz
b,synthetic,feat24,value_width_median|IBP,0.01,,0.07756299653023893,results/exp3_ml/summary_feat24.json
b,synthetic,feat24,value_width_q25|IBP,0.01,,0.04431771805477215,results/exp3_ml/boxes_feat24.npz
b,synthetic,feat24,value_width_q75|IBP,0.01,,0.10575319267744343,results/exp3_ml/boxes_feat24.npz
b,synthetic,feat24,value_width_median|IBP,0.02,,0.15512031074251204,results/exp3_ml/summary_feat24.json
b,synthetic,feat24,value_width_q25|IBP,0.02,,0.08994525456857203,results/exp3_ml/boxes_feat24.npz
b,synthetic,feat24,value_width_q75|IBP,0.02,,0.20923452765463404,results/exp3_ml/boxes_feat24.npz
b,synthetic,feat24,value_width_median|IBP,0.05,,0.38324337329312785,results/exp3_ml/summary_feat24.json
b,synthetic,feat24,value_width_q25|IBP,0.05,,0.24053013552972707,results/exp3_ml/boxes_feat24.npz
b,synthetic,feat24,value_width_q75|IBP,0.05,,0.49058233933265105,results/exp3_ml/boxes_feat24.npz
b,synthetic,feat24,value_width_median|IBP,0.1,,0.7085900055027053,results/exp3_ml/summary_feat24.json
b,synthetic,feat24,value_width_q25|IBP,0.1,,0.5488257582587712,results/exp3_ml/boxes_feat24.npz
b,synthetic,feat24,value_width_q75|IBP,0.1,,0.7756731030888334,results/exp3_ml/boxes_feat24.npz
b,synthetic,feat24,value_width_median|CROWN,0.01,,0.020455350285886298,results/exp3_ml/summary_feat24.json
b,synthetic,feat24,value_width_q25|CROWN,0.01,,0.009386539171433929,results/exp3_ml/boxes_feat24.npz
b,synthetic,feat24,value_width_q75|CROWN,0.01,,0.028997569554503846,results/exp3_ml/boxes_feat24.npz
b,synthetic,feat24,value_width_median|CROWN,0.02,,0.04191800287385333,results/exp3_ml/summary_feat24.json
b,synthetic,feat24,value_width_q25|CROWN,0.02,,0.019487266436720566,results/exp3_ml/boxes_feat24.npz
b,synthetic,feat24,value_width_q75|CROWN,0.02,,0.059044331650070045,results/exp3_ml/boxes_feat24.npz
b,synthetic,feat24,value_width_median|CROWN,0.05,,0.11215494386298558,results/exp3_ml/summary_feat24.json
b,synthetic,feat24,value_width_q25|CROWN,0.05,,0.054758758812252784,results/exp3_ml/boxes_feat24.npz
b,synthetic,feat24,value_width_q75|CROWN,0.05,,0.15518408000103665,results/exp3_ml/boxes_feat24.npz
b,synthetic,feat24,value_width_median|CROWN,0.1,,0.24978786261611796,results/exp3_ml/summary_feat24.json
b,synthetic,feat24,value_width_q25|CROWN,0.1,,0.13072085409767017,results/exp3_ml/boxes_feat24.npz
b,synthetic,feat24,value_width_q75|CROWN,0.1,,0.33158366297050196,results/exp3_ml/boxes_feat24.npz
b,synthetic,feat24,value_width_median|alpha-CROWN,0.01,,0.020205703943818765,results/exp3_ml/summary_feat24.json
b,synthetic,feat24,value_width_q25|alpha-CROWN,0.01,,0.009217527969530258,results/exp3_ml/boxes_feat24.npz
b,synthetic,feat24,value_width_q75|alpha-CROWN,0.01,,0.02865243697622906,results/exp3_ml/boxes_feat24.npz
b,synthetic,feat24,value_width_median|alpha-CROWN,0.02,,0.04075900430625673,results/exp3_ml/summary_feat24.json
b,synthetic,feat24,value_width_q25|alpha-CROWN,0.02,,0.01884890053093433,results/exp3_ml/boxes_feat24.npz
b,synthetic,feat24,value_width_q75|alpha-CROWN,0.02,,0.05777126073075094,results/exp3_ml/boxes_feat24.npz
b,synthetic,feat24,value_width_median|alpha-CROWN,0.05,,0.104305432718864,results/exp3_ml/summary_feat24.json
b,synthetic,feat24,value_width_q25|alpha-CROWN,0.05,,0.050230442634485624,results/exp3_ml/boxes_feat24.npz
b,synthetic,feat24,value_width_q75|alpha-CROWN,0.05,,0.1468441189212415,results/exp3_ml/boxes_feat24.npz
b,synthetic,feat24,value_width_median|alpha-CROWN,0.1,,0.21789555888295176,results/exp3_ml/summary_feat24.json
b,synthetic,feat24,value_width_q25|alpha-CROWN,0.1,,0.1122342430394888,results/exp3_ml/boxes_feat24.npz
b,synthetic,feat24,value_width_q75|alpha-CROWN,0.1,,0.2976278433780769,results/exp3_ml/boxes_feat24.npz
b,synthetic,feat24,value_width_median|PGD inner,0.01,,0.020047828712444468,results/exp3_ml/summary_feat24.json
b,synthetic,feat24,value_width_q25|PGD inner,0.01,,0.00902742761795984,results/exp3_ml/boxes_feat24.npz
b,synthetic,feat24,value_width_q75|PGD inner,0.01,,0.028379370792849974,results/exp3_ml/boxes_feat24.npz
b,synthetic,feat24,value_width_median|PGD inner,0.02,,0.04015576346072568,results/exp3_ml/summary_feat24.json
b,synthetic,feat24,value_width_q25|PGD inner,0.02,,0.01811481596133301,results/exp3_ml/boxes_feat24.npz
b,synthetic,feat24,value_width_q75|PGD inner,0.02,,0.05667022144833053,results/exp3_ml/boxes_feat24.npz
b,synthetic,feat24,value_width_median|PGD inner,0.05,,0.09979381473477916,results/exp3_ml/summary_feat24.json
b,synthetic,feat24,value_width_q25|PGD inner,0.05,,0.045900477480608576,results/exp3_ml/boxes_feat24.npz
b,synthetic,feat24,value_width_q75|PGD inner,0.05,,0.14002936659097143,results/exp3_ml/boxes_feat24.npz
b,synthetic,feat24,value_width_median|PGD inner,0.1,,0.20033630332392113,results/exp3_ml/summary_feat24.json
b,synthetic,feat24,value_width_q25|PGD inner,0.1,,0.09558381547788661,results/exp3_ml/boxes_feat24.npz
b,synthetic,feat24,value_width_q75|PGD inner,0.1,,0.27295559952300325,results/exp3_ml/boxes_feat24.npz
b,synthetic,feat24,kappa_median|CROWN|eps0.01,1,,0.1604722682800304,results/exp3_ml/summary_feat24.json
b,synthetic,feat24,kappa_q25|CROWN|eps0.01,1,,0.10669081245998077,results/exp3_ml/boxes_feat24.npz
b,synthetic,feat24,kappa_q75|CROWN|eps0.01,1,,0.2663092825965992,results/exp3_ml/boxes_feat24.npz
b,synthetic,feat24,kappa_median|CROWN|eps0.01,2,,0.28414746536432944,results/exp3_ml/summary_feat24.json
b,synthetic,feat24,kappa_q25|CROWN|eps0.01,2,,0.1999119569054041,results/exp3_ml/boxes_feat24.npz
b,synthetic,feat24,kappa_q75|CROWN|eps0.01,2,,0.42539330958397453,results/exp3_ml/boxes_feat24.npz
b,synthetic,feat24,kappa_median|CROWN|eps0.01,4,,0.4968591427767564,results/exp3_ml/summary_feat24.json
b,synthetic,feat24,kappa_q25|CROWN|eps0.01,4,,0.37662949831840764,results/exp3_ml/boxes_feat24.npz
b,synthetic,feat24,kappa_q75|CROWN|eps0.01,4,,0.677381218003148,results/exp3_ml/boxes_feat24.npz
b,synthetic,feat24,kappa_median|CROWN|eps0.01,8,,0.8106915269754005,results/exp3_ml/summary_feat24.json
b,synthetic,feat24,kappa_q25|CROWN|eps0.01,8,,0.6788731438532434,results/exp3_ml/boxes_feat24.npz
b,synthetic,feat24,kappa_q75|CROWN|eps0.01,8,,1.04054318399651,results/exp3_ml/boxes_feat24.npz
b,synthetic,feat24,kappa_median|CROWN|eps0.01,16,,1.2356208694721649,results/exp3_ml/summary_feat24.json
b,synthetic,feat24,kappa_q25|CROWN|eps0.01,16,,1.0633331345595745,results/exp3_ml/boxes_feat24.npz
b,synthetic,feat24,kappa_q75|CROWN|eps0.01,16,,1.7017641494762437,results/exp3_ml/boxes_feat24.npz
b,synthetic,feat24,kappa_median|CROWN|eps0.01,32,,1.6888973127405116,results/exp3_ml/summary_feat24.json
b,synthetic,feat24,kappa_q25|CROWN|eps0.01,32,,1.3362858944277427,results/exp3_ml/boxes_feat24.npz
b,synthetic,feat24,kappa_q75|CROWN|eps0.01,32,,2.463309740076588,results/exp3_ml/boxes_feat24.npz
b,synthetic,feat24,kappa_median|CROWN|eps0.01,64,,1.8102712849453528,results/exp3_ml/summary_feat24.json
b,synthetic,feat24,kappa_q25|CROWN|eps0.01,64,,1.3601802589274268,results/exp3_ml/boxes_feat24.npz
b,synthetic,feat24,kappa_q75|CROWN|eps0.01,64,,2.633514961831499,results/exp3_ml/boxes_feat24.npz
b,synthetic,feat24,kappa_median|CROWN|eps0.01,128,,1.8422051188286064,results/exp3_ml/summary_feat24.json
b,synthetic,feat24,kappa_q25|CROWN|eps0.01,128,,1.4058725751471937,results/exp3_ml/boxes_feat24.npz
b,synthetic,feat24,kappa_q75|CROWN|eps0.01,128,,2.6739530346258396,results/exp3_ml/boxes_feat24.npz
b,jul2014,mlp,value_width_median|IBP,0.01,,0.10871726402591207,results/exp3_ml_real/jul2014/summary_mlp.json
b,jul2014,mlp,value_width_q25|IBP,0.01,,0.03166496843709011,results/exp3_ml_real/jul2014/boxes_mlp.npz
b,jul2014,mlp,value_width_q75|IBP,0.01,,0.19729094600483732,results/exp3_ml_real/jul2014/boxes_mlp.npz
b,jul2014,mlp,value_width_median|IBP,0.02,,0.22775201634032755,results/exp3_ml_real/jul2014/summary_mlp.json
b,jul2014,mlp,value_width_q25|IBP,0.02,,0.07051234639870575,results/exp3_ml_real/jul2014/boxes_mlp.npz
b,jul2014,mlp,value_width_q75|IBP,0.02,,0.38823370996869183,results/exp3_ml_real/jul2014/boxes_mlp.npz
b,jul2014,mlp,value_width_median|IBP,0.05,,0.6278407460143982,results/exp3_ml_real/jul2014/summary_mlp.json
b,jul2014,mlp,value_width_q25|IBP,0.05,,0.2938704950176468,results/exp3_ml_real/jul2014/boxes_mlp.npz
b,jul2014,mlp,value_width_q75|IBP,0.05,,0.8106439725784658,results/exp3_ml_real/jul2014/boxes_mlp.npz
b,jul2014,mlp,value_width_median|IBP,0.1,,0.94651450789046,results/exp3_ml_real/jul2014/summary_mlp.json
b,jul2014,mlp,value_width_q25|IBP,0.1,,0.8258287857220352,results/exp3_ml_real/jul2014/boxes_mlp.npz
b,jul2014,mlp,value_width_q75|IBP,0.1,,0.9786274617186155,results/exp3_ml_real/jul2014/boxes_mlp.npz
b,jul2014,mlp,value_width_median|CROWN,0.01,,0.03552470798958965,results/exp3_ml_real/jul2014/summary_mlp.json
b,jul2014,mlp,value_width_q25|CROWN,0.01,,0.010262041112841833,results/exp3_ml_real/jul2014/boxes_mlp.npz
b,jul2014,mlp,value_width_q75|CROWN,0.01,,0.0633159014535559,results/exp3_ml_real/jul2014/boxes_mlp.npz
b,jul2014,mlp,value_width_median|CROWN,0.02,,0.07609927972492325,results/exp3_ml_real/jul2014/summary_mlp.json
b,jul2014,mlp,value_width_q25|CROWN,0.02,,0.02244044652833166,results/exp3_ml_real/jul2014/boxes_mlp.npz
b,jul2014,mlp,value_width_q75|CROWN,0.02,,0.13248379693205475,results/exp3_ml_real/jul2014/boxes_mlp.npz
b,jul2014,mlp,value_width_median|CROWN,0.05,,0.23382643220707983,results/exp3_ml_real/jul2014/summary_mlp.json
b,jul2014,mlp,value_width_q25|CROWN,0.05,,0.07421160010853267,results/exp3_ml_real/jul2014/boxes_mlp.npz
b,jul2014,mlp,value_width_q75|CROWN,0.05,,0.379063493275537,results/exp3_ml_real/jul2014/boxes_mlp.npz
b,jul2014,mlp,value_width_median|CROWN,0.1,,0.6426303052168166,results/exp3_ml_real/jul2014/summary_mlp.json
b,jul2014,mlp,value_width_q25|CROWN,0.1,,0.2728540974963097,results/exp3_ml_real/jul2014/boxes_mlp.npz
b,jul2014,mlp,value_width_q75|CROWN,0.1,,0.8681525247670432,results/exp3_ml_real/jul2014/boxes_mlp.npz
b,jul2014,mlp,value_width_median|PGD inner,0.01,,0.03318098714062784,results/exp3_ml_real/jul2014/summary_mlp.json
b,jul2014,mlp,value_width_q25|PGD inner,0.01,,0.009418217581803804,results/exp3_ml_real/jul2014/boxes_mlp.npz
b,jul2014,mlp,value_width_q75|PGD inner,0.01,,0.060068340056103155,results/exp3_ml_real/jul2014/boxes_mlp.npz
b,jul2014,mlp,value_width_median|PGD inner,0.02,,0.06633392060430415,results/exp3_ml_real/jul2014/summary_mlp.json
b,jul2014,mlp,value_width_q25|PGD inner,0.02,,0.019042104404592863,results/exp3_ml_real/jul2014/boxes_mlp.npz
b,jul2014,mlp,value_width_q75|PGD inner,0.02,,0.11938787466903585,results/exp3_ml_real/jul2014/boxes_mlp.npz
b,jul2014,mlp,value_width_median|PGD inner,0.05,,0.16883869246817632,results/exp3_ml_real/jul2014/summary_mlp.json
b,jul2014,mlp,value_width_q25|PGD inner,0.05,,0.050539055391058296,results/exp3_ml_real/jul2014/boxes_mlp.npz
b,jul2014,mlp,value_width_q75|PGD inner,0.05,,0.2926126002775341,results/exp3_ml_real/jul2014/boxes_mlp.npz
b,jul2014,mlp,value_width_median|PGD inner,0.1,,0.3547108065789092,results/exp3_ml_real/jul2014/summary_mlp.json
b,jul2014,mlp,value_width_q25|PGD inner,0.1,,0.12139388279244098,results/exp3_ml_real/jul2014/boxes_mlp.npz
b,jul2014,mlp,value_width_q75|PGD inner,0.1,,0.5475783629369482,results/exp3_ml_real/jul2014/boxes_mlp.npz
b,jul2014,mlp,kappa_median|CROWN|eps0.01,1,,0.7551367868421353,results/exp3_ml_real/jul2014/summary_mlp.json
b,jul2014,mlp,kappa_q25|CROWN|eps0.01,1,,0.5983135778919332,results/exp3_ml_real/jul2014/boxes_mlp.npz
b,jul2014,mlp,kappa_q75|CROWN|eps0.01,1,,0.8640910117113544,results/exp3_ml_real/jul2014/boxes_mlp.npz
b,jul2014,mlp,kappa_median|CROWN|eps0.01,2,,0.9231100300947614,results/exp3_ml_real/jul2014/summary_mlp.json
b,jul2014,mlp,kappa_q25|CROWN|eps0.01,2,,0.7244321947520515,results/exp3_ml_real/jul2014/boxes_mlp.npz
b,jul2014,mlp,kappa_q75|CROWN|eps0.01,2,,1.063434814089164,results/exp3_ml_real/jul2014/boxes_mlp.npz
b,jul2014,mlp,kappa_median|CROWN|eps0.01,4,,1.047815207464826,results/exp3_ml_real/jul2014/summary_mlp.json
b,jul2014,mlp,kappa_q25|CROWN|eps0.01,4,,0.8330963311650094,results/exp3_ml_real/jul2014/boxes_mlp.npz
b,jul2014,mlp,kappa_q75|CROWN|eps0.01,4,,1.2856436394535349,results/exp3_ml_real/jul2014/boxes_mlp.npz
b,jul2014,mlp,kappa_median|CROWN|eps0.01,8,,1.2005603013511559,results/exp3_ml_real/jul2014/summary_mlp.json
b,jul2014,mlp,kappa_q25|CROWN|eps0.01,8,,1.0197167377700616,results/exp3_ml_real/jul2014/boxes_mlp.npz
b,jul2014,mlp,kappa_q75|CROWN|eps0.01,8,,1.5371610197584133,results/exp3_ml_real/jul2014/boxes_mlp.npz
b,jul2014,mlp,kappa_median|CROWN|eps0.01,16,,1.5167286247855851,results/exp3_ml_real/jul2014/summary_mlp.json
b,jul2014,mlp,kappa_q25|CROWN|eps0.01,16,,1.266284654920651,results/exp3_ml_real/jul2014/boxes_mlp.npz
b,jul2014,mlp,kappa_q75|CROWN|eps0.01,16,,1.9617806778698188,results/exp3_ml_real/jul2014/boxes_mlp.npz
b,jul2014,mlp,kappa_median|CROWN|eps0.01,32,,1.700516803574616,results/exp3_ml_real/jul2014/summary_mlp.json
b,jul2014,mlp,kappa_q25|CROWN|eps0.01,32,,1.3429442005924623,results/exp3_ml_real/jul2014/boxes_mlp.npz
b,jul2014,mlp,kappa_q75|CROWN|eps0.01,32,,2.3901376954003135,results/exp3_ml_real/jul2014/boxes_mlp.npz
b,jul2014,mlp,kappa_median|CROWN|eps0.01,64,,1.719153654662227,results/exp3_ml_real/jul2014/summary_mlp.json
b,jul2014,mlp,kappa_q25|CROWN|eps0.01,64,,1.3449305768234185,results/exp3_ml_real/jul2014/boxes_mlp.npz
b,jul2014,mlp,kappa_q75|CROWN|eps0.01,64,,2.7345683738639055,results/exp3_ml_real/jul2014/boxes_mlp.npz
b,jul2014,mlp,kappa_median|CROWN|eps0.01,128,,1.9627771118306545,results/exp3_ml_real/jul2014/summary_mlp.json
b,jul2014,mlp,kappa_q25|CROWN|eps0.01,128,,1.4497482440667153,results/exp3_ml_real/jul2014/boxes_mlp.npz
b,jul2014,mlp,kappa_q75|CROWN|eps0.01,128,,3.214041503654798,results/exp3_ml_real/jul2014/boxes_mlp.npz
b,jul2014,feat,value_width_median|IBP,0.01,,0.05240151589928463,results/exp3_ml_real/jul2014/summary_feat.json
b,jul2014,feat,value_width_q25|IBP,0.01,,0.016529396228424136,results/exp3_ml_real/jul2014/boxes_feat.npz
b,jul2014,feat,value_width_q75|IBP,0.01,,0.08717104014392613,results/exp3_ml_real/jul2014/boxes_feat.npz
b,jul2014,feat,value_width_median|IBP,0.02,,0.105537376944175,results/exp3_ml_real/jul2014/summary_feat.json
b,jul2014,feat,value_width_q25|IBP,0.02,,0.033498960566360675,results/exp3_ml_real/jul2014/boxes_feat.npz
b,jul2014,feat,value_width_q75|IBP,0.02,,0.17352369255629313,results/exp3_ml_real/jul2014/boxes_feat.npz
b,jul2014,feat,value_width_median|IBP,0.05,,0.27110677713155684,results/exp3_ml_real/jul2014/summary_feat.json
b,jul2014,feat,value_width_q25|IBP,0.05,,0.09287458021507755,results/exp3_ml_real/jul2014/boxes_feat.npz
b,jul2014,feat,value_width_q75|IBP,0.05,,0.4175753352642507,results/exp3_ml_real/jul2014/boxes_feat.npz
b,jul2014,feat,value_width_median|IBP,0.1,,0.5574063826418548,results/exp3_ml_real/jul2014/summary_feat.json
b,jul2014,feat,value_width_q25|IBP,0.1,,0.24995897371722975,results/exp3_ml_real/jul2014/boxes_feat.npz
b,jul2014,feat,value_width_q75|IBP,0.1,,0.7236042218184282,results/exp3_ml_real/jul2014/boxes_feat.npz
b,jul2014,feat,value_width_median|CROWN,0.01,,0.020147790221192008,results/exp3_ml_real/jul2014/summary_feat.json
b,jul2014,feat,value_width_q25|CROWN,0.01,,0.006835236554981066,results/exp3_ml_real/jul2014/boxes_feat.npz
b,jul2014,feat,value_width_q75|CROWN,0.01,,0.03254799471011613,results/exp3_ml_real/jul2014/boxes_feat.npz
b,jul2014,feat,value_width_median|CROWN,0.02,,0.0411271286548916,results/exp3_ml_real/jul2014/summary_feat.json
b,jul2014,feat,value_width_q25|CROWN,0.02,,0.014092244752011235,results/exp3_ml_real/jul2014/boxes_feat.npz
b,jul2014,feat,value_width_q75|CROWN,0.02,,0.0658418640297126,results/exp3_ml_real/jul2014/boxes_feat.npz
b,jul2014,feat,value_width_median|CROWN,0.05,,0.10921234474253982,results/exp3_ml_real/jul2014/summary_feat.json
b,jul2014,feat,value_width_q25|CROWN,0.05,,0.038581744437855295,results/exp3_ml_real/jul2014/boxes_feat.npz
b,jul2014,feat,value_width_q75|CROWN,0.05,,0.1703786633882194,results/exp3_ml_real/jul2014/boxes_feat.npz
b,jul2014,feat,value_width_median|CROWN,0.1,,0.24287475942162173,results/exp3_ml_real/jul2014/summary_feat.json
b,jul2014,feat,value_width_q25|CROWN,0.1,,0.09101399030380575,results/exp3_ml_real/jul2014/boxes_feat.npz
b,jul2014,feat,value_width_q75|CROWN,0.1,,0.3575407474085555,results/exp3_ml_real/jul2014/boxes_feat.npz
b,jul2014,feat,value_width_median|PGD inner,0.01,,0.01975231538083788,results/exp3_ml_real/jul2014/summary_feat.json
b,jul2014,feat,value_width_q25|PGD inner,0.01,,0.0066542168415817116,results/exp3_ml_real/jul2014/boxes_feat.npz
b,jul2014,feat,value_width_q75|PGD inner,0.01,,0.032087344504210066,results/exp3_ml_real/jul2014/boxes_feat.npz
b,jul2014,feat,value_width_median|PGD inner,0.02,,0.03951176021610393,results/exp3_ml_real/jul2014/summary_feat.json
b,jul2014,feat,value_width_q25|PGD inner,0.02,,0.013273916339849864,results/exp3_ml_real/jul2014/boxes_feat.npz
b,jul2014,feat,value_width_q75|PGD inner,0.02,,0.06412609903679493,results/exp3_ml_real/jul2014/boxes_feat.npz
b,jul2014,feat,value_width_median|PGD inner,0.05,,0.09921347759603105,results/exp3_ml_real/jul2014/summary_feat.json
b,jul2014,feat,value_width_q25|PGD inner,0.05,,0.033808512129783794,results/exp3_ml_real/jul2014/boxes_feat.npz
b,jul2014,feat,value_width_q75|PGD inner,0.05,,0.15962990811803607,results/exp3_ml_real/jul2014/boxes_feat.npz
b,jul2014,feat,value_width_median|PGD inner,0.1,,0.20146475568352007,results/exp3_ml_real/jul2014/summary_feat.json
b,jul2014,feat,value_width_q25|PGD inner,0.1,,0.07058220476117835,results/exp3_ml_real/jul2014/boxes_feat.npz
b,jul2014,feat,value_width_q75|PGD inner,0.1,,0.31356019736975993,results/exp3_ml_real/jul2014/boxes_feat.npz
b,jul2014,feat,kappa_median|CROWN|eps0.01,1,,0.37026833452286534,results/exp3_ml_real/jul2014/summary_feat.json
b,jul2014,feat,kappa_q25|CROWN|eps0.01,1,,0.25912941677726076,results/exp3_ml_real/jul2014/boxes_feat.npz
b,jul2014,feat,kappa_q75|CROWN|eps0.01,1,,0.493666487374105,results/exp3_ml_real/jul2014/boxes_feat.npz
b,jul2014,feat,kappa_median|CROWN|eps0.01,2,,0.5718082429937325,results/exp3_ml_real/jul2014/summary_feat.json
b,jul2014,feat,kappa_q25|CROWN|eps0.01,2,,0.4029428486107808,results/exp3_ml_real/jul2014/boxes_feat.npz
b,jul2014,feat,kappa_q75|CROWN|eps0.01,2,,0.7645873547008295,results/exp3_ml_real/jul2014/boxes_feat.npz
b,jul2014,feat,kappa_median|CROWN|eps0.01,4,,0.7962835421226595,results/exp3_ml_real/jul2014/summary_feat.json
b,jul2014,feat,kappa_q25|CROWN|eps0.01,4,,0.4970162764893323,results/exp3_ml_real/jul2014/boxes_feat.npz
b,jul2014,feat,kappa_q75|CROWN|eps0.01,4,,1.0331693295282272,results/exp3_ml_real/jul2014/boxes_feat.npz
b,jul2014,feat,kappa_median|CROWN|eps0.01,8,,1.0535518332835032,results/exp3_ml_real/jul2014/summary_feat.json
b,jul2014,feat,kappa_q25|CROWN|eps0.01,8,,0.7626686677171388,results/exp3_ml_real/jul2014/boxes_feat.npz
b,jul2014,feat,kappa_q75|CROWN|eps0.01,8,,1.285676694371951,results/exp3_ml_real/jul2014/boxes_feat.npz
b,jul2014,feat,kappa_median|CROWN|eps0.01,16,,1.4614325726628803,results/exp3_ml_real/jul2014/summary_feat.json
b,jul2014,feat,kappa_q25|CROWN|eps0.01,16,,1.2731292975134154,results/exp3_ml_real/jul2014/boxes_feat.npz
b,jul2014,feat,kappa_q75|CROWN|eps0.01,16,,1.7400263878450828,results/exp3_ml_real/jul2014/boxes_feat.npz
b,jul2014,feat,kappa_median|CROWN|eps0.01,32,,1.8841060009102892,results/exp3_ml_real/jul2014/summary_feat.json
b,jul2014,feat,kappa_q25|CROWN|eps0.01,32,,1.5521243454220657,results/exp3_ml_real/jul2014/boxes_feat.npz
b,jul2014,feat,kappa_q75|CROWN|eps0.01,32,,2.3266071728258177,results/exp3_ml_real/jul2014/boxes_feat.npz
b,jul2014,feat,kappa_median|CROWN|eps0.01,64,,1.862272586744547,results/exp3_ml_real/jul2014/summary_feat.json
b,jul2014,feat,kappa_q25|CROWN|eps0.01,64,,1.5010451252802521,results/exp3_ml_real/jul2014/boxes_feat.npz
b,jul2014,feat,kappa_q75|CROWN|eps0.01,64,,2.5099270211231066,results/exp3_ml_real/jul2014/boxes_feat.npz
b,jul2014,feat,kappa_median|CROWN|eps0.01,128,,1.9618548916167855,results/exp3_ml_real/jul2014/summary_feat.json
b,jul2014,feat,kappa_q25|CROWN|eps0.01,128,,1.5622478061791425,results/exp3_ml_real/jul2014/boxes_feat.npz
b,jul2014,feat,kappa_q75|CROWN|eps0.01,128,,2.7257315367416237,results/exp3_ml_real/jul2014/boxes_feat.npz
b,jul2014,feat24,value_width_median|IBP,0.01,,0.044633476232136274,results/exp3_ml_real/jul2014/summary_feat24.json
b,jul2014,feat24,value_width_q25|IBP,0.01,,0.015780484713378933,results/exp3_ml_real/jul2014/boxes_feat24.npz
b,jul2014,feat24,value_width_q75|IBP,0.01,,0.07023408840624666,results/exp3_ml_real/jul2014/boxes_feat24.npz
b,jul2014,feat24,value_width_median|IBP,0.02,,0.08961404773735195,results/exp3_ml_real/jul2014/summary_feat24.json
b,jul2014,feat24,value_width_q25|IBP,0.02,,0.03148199827977277,results/exp3_ml_real/jul2014/boxes_feat24.npz
b,jul2014,feat24,value_width_q75|IBP,0.02,,0.1398148603330415,results/exp3_ml_real/jul2014/boxes_feat24.npz
b,jul2014,feat24,value_width_median|IBP,0.05,,0.227057583001423,results/exp3_ml_real/jul2014/summary_feat24.json
b,jul2014,feat24,value_width_q25|IBP,0.05,,0.08268029192309208,results/exp3_ml_real/jul2014/boxes_feat24.npz
b,jul2014,feat24,value_width_q75|IBP,0.05,,0.33767113394027837,results/exp3_ml_real/jul2014/boxes_feat24.npz
b,jul2014,feat24,value_width_median|IBP,0.1,,0.454663861235036,results/exp3_ml_real/jul2014/summary_feat24.json
b,jul2014,feat24,value_width_q25|IBP,0.1,,0.2007398539907024,results/exp3_ml_real/jul2014/boxes_feat24.npz
b,jul2014,feat24,value_width_q75|IBP,0.1,,0.6027732308317163,results/exp3_ml_real/jul2014/boxes_feat24.npz
b,jul2014,feat24,value_width_median|CROWN,0.01,,0.022736103723211276,results/exp3_ml_real/jul2014/summary_feat24.json
b,jul2014,feat24,value_width_q25|CROWN,0.01,,0.008123564551581032,results/exp3_ml_real/jul2014/boxes_feat24.npz
b,jul2014,feat24,value_width_q75|CROWN,0.01,,0.036814238078861486,results/exp3_ml_real/jul2014/boxes_feat24.npz
b,jul2014,feat24,value_width_median|CROWN,0.02,,0.04636212615025588,results/exp3_ml_real/jul2014/summary_feat24.json
b,jul2014,feat24,value_width_q25|CROWN,0.02,,0.01678384890786222,results/exp3_ml_real/jul2014/boxes_feat24.npz
b,jul2014,feat24,value_width_q75|CROWN,0.02,,0.07433919282277221,results/exp3_ml_real/jul2014/boxes_feat24.npz
b,jul2014,feat24,value_width_median|CROWN,0.05,,0.12262151383346473,results/exp3_ml_real/jul2014/summary_feat24.json
b,jul2014,feat24,value_width_q25|CROWN,0.05,,0.04599487182969139,results/exp3_ml_real/jul2014/boxes_feat24.npz
b,jul2014,feat24,value_width_q75|CROWN,0.05,,0.1899649038725827,results/exp3_ml_real/jul2014/boxes_feat24.npz
b,jul2014,feat24,value_width_median|CROWN,0.1,,0.27176747264413226,results/exp3_ml_real/jul2014/summary_feat24.json
b,jul2014,feat24,value_width_q25|CROWN,0.1,,0.10880810320131465,results/exp3_ml_real/jul2014/boxes_feat24.npz
b,jul2014,feat24,value_width_q75|CROWN,0.1,,0.38893355771671206,results/exp3_ml_real/jul2014/boxes_feat24.npz
b,jul2014,feat24,value_width_median|PGD inner,0.01,,0.02238782634479665,results/exp3_ml_real/jul2014/summary_feat24.json
b,jul2014,feat24,value_width_q25|PGD inner,0.01,,0.00791788638568075,results/exp3_ml_real/jul2014/boxes_feat24.npz
b,jul2014,feat24,value_width_q75|PGD inner,0.01,,0.03642892664903433,results/exp3_ml_real/jul2014/boxes_feat24.npz
b,jul2014,feat24,value_width_median|PGD inner,0.02,,0.044886159382605234,results/exp3_ml_real/jul2014/summary_feat24.json
b,jul2014,feat24,value_width_q25|PGD inner,0.02,,0.015880186323000582,results/exp3_ml_real/jul2014/boxes_feat24.npz
b,jul2014,feat24,value_width_q75|PGD inner,0.02,,0.07261354776915063,results/exp3_ml_real/jul2014/boxes_feat24.npz
b,jul2014,feat24,value_width_median|PGD inner,0.05,,0.11266519004276282,results/exp3_ml_real/jul2014/summary_feat24.json
b,jul2014,feat24,value_width_q25|PGD inner,0.05,,0.040247397674233854,results/exp3_ml_real/jul2014/boxes_feat24.npz
b,jul2014,feat24,value_width_q75|PGD inner,0.05,,0.17936949574039224,results/exp3_ml_real/jul2014/boxes_feat24.npz
b,jul2014,feat24,value_width_median|PGD inner,0.1,,0.2295066286422035,results/exp3_ml_real/jul2014/summary_feat24.json
b,jul2014,feat24,value_width_q25|PGD inner,0.1,,0.0851450457795582,results/exp3_ml_real/jul2014/boxes_feat24.npz
b,jul2014,feat24,value_width_q75|PGD inner,0.1,,0.34549431932122604,results/exp3_ml_real/jul2014/boxes_feat24.npz
b,jul2014,feat24,kappa_median|CROWN|eps0.01,1,,0.12162280238723802,results/exp3_ml_real/jul2014/summary_feat24.json
b,jul2014,feat24,kappa_q25|CROWN|eps0.01,1,,0.09772608657543728,results/exp3_ml_real/jul2014/boxes_feat24.npz
b,jul2014,feat24,kappa_q75|CROWN|eps0.01,1,,0.16111584851151967,results/exp3_ml_real/jul2014/boxes_feat24.npz
b,jul2014,feat24,kappa_median|CROWN|eps0.01,2,,0.20736697176218266,results/exp3_ml_real/jul2014/summary_feat24.json
b,jul2014,feat24,kappa_q25|CROWN|eps0.01,2,,0.17447118282361648,results/exp3_ml_real/jul2014/boxes_feat24.npz
b,jul2014,feat24,kappa_q75|CROWN|eps0.01,2,,0.25685119395839306,results/exp3_ml_real/jul2014/boxes_feat24.npz
b,jul2014,feat24,kappa_median|CROWN|eps0.01,4,,0.36805999078619,results/exp3_ml_real/jul2014/summary_feat24.json
b,jul2014,feat24,kappa_q25|CROWN|eps0.01,4,,0.32574679831207765,results/exp3_ml_real/jul2014/boxes_feat24.npz
b,jul2014,feat24,kappa_q75|CROWN|eps0.01,4,,0.4398914258058646,results/exp3_ml_real/jul2014/boxes_feat24.npz
b,jul2014,feat24,kappa_median|CROWN|eps0.01,8,,0.6649464097625442,results/exp3_ml_real/jul2014/summary_feat24.json
b,jul2014,feat24,kappa_q25|CROWN|eps0.01,8,,0.6194791065597984,results/exp3_ml_real/jul2014/boxes_feat24.npz
b,jul2014,feat24,kappa_q75|CROWN|eps0.01,8,,0.7582563611761655,results/exp3_ml_real/jul2014/boxes_feat24.npz
b,jul2014,feat24,kappa_median|CROWN|eps0.01,16,,1.203786004687213,results/exp3_ml_real/jul2014/summary_feat24.json
b,jul2014,feat24,kappa_q25|CROWN|eps0.01,16,,1.118841620226654,results/exp3_ml_real/jul2014/boxes_feat24.npz
b,jul2014,feat24,kappa_q75|CROWN|eps0.01,16,,1.3677486725226795,results/exp3_ml_real/jul2014/boxes_feat24.npz
b,jul2014,feat24,kappa_median|CROWN|eps0.01,32,,1.7877537113282747,results/exp3_ml_real/jul2014/summary_feat24.json
b,jul2014,feat24,kappa_q25|CROWN|eps0.01,32,,1.5240013498289302,results/exp3_ml_real/jul2014/boxes_feat24.npz
b,jul2014,feat24,kappa_q75|CROWN|eps0.01,32,,2.113117738638629,results/exp3_ml_real/jul2014/boxes_feat24.npz
b,jul2014,feat24,kappa_median|CROWN|eps0.01,64,,1.793835159632887,results/exp3_ml_real/jul2014/summary_feat24.json
b,jul2014,feat24,kappa_q25|CROWN|eps0.01,64,,1.4976998745081374,results/exp3_ml_real/jul2014/boxes_feat24.npz
b,jul2014,feat24,kappa_q75|CROWN|eps0.01,64,,2.272201320961006,results/exp3_ml_real/jul2014/boxes_feat24.npz
b,jul2014,feat24,kappa_median|CROWN|eps0.01,128,,1.897467996796491,results/exp3_ml_real/jul2014/summary_feat24.json
b,jul2014,feat24,kappa_q25|CROWN|eps0.01,128,,1.6063085437560116,results/exp3_ml_real/jul2014/boxes_feat24.npz
b,jul2014,feat24,kappa_q75|CROWN|eps0.01,128,,2.4623299578302893,results/exp3_ml_real/jul2014/boxes_feat24.npz
b,jan2014,mlp,value_width_median|IBP,0.01,,0.0001548979422692748,results/exp3_ml_real/jan2014/summary_mlp.json
b,jan2014,mlp,value_width_q25|IBP,0.01,,5.0257100787334374e-05,results/exp3_ml_real/jan2014/boxes_mlp.npz
b,jan2014,mlp,value_width_q75|IBP,0.01,,0.0007012336570275889,results/exp3_ml_real/jan2014/boxes_mlp.npz
b,jan2014,mlp,value_width_median|IBP,0.02,,0.00036313000773291644,results/exp3_ml_real/jan2014/summary_mlp.json
b,jan2014,mlp,value_width_q25|IBP,0.02,,0.0001089793377394506,results/exp3_ml_real/jan2014/boxes_mlp.npz
b,jan2014,mlp,value_width_q75|IBP,0.02,,0.0017405410859033833,results/exp3_ml_real/jan2014/boxes_mlp.npz
b,jan2014,mlp,value_width_median|IBP,0.05,,0.002624140469989723,results/exp3_ml_real/jan2014/summary_mlp.json
b,jan2014,mlp,value_width_q25|IBP,0.05,,0.0005236589668546521,results/exp3_ml_real/jan2014/boxes_mlp.npz
b,jan2014,mlp,value_width_q75|IBP,0.05,,0.014242716979455224,results/exp3_ml_real/jan2014/boxes_mlp.npz
b,jan2014,mlp,value_width_median|IBP,0.1,,0.07304529075973128,results/exp3_ml_real/jan2014/summary_mlp.json
b,jan2014,mlp,value_width_q25|IBP,0.1,,0.011897021522091213,results/exp3_ml_real/jan2014/boxes_mlp.npz
b,jan2014,mlp,value_width_q75|IBP,0.1,,0.3671221031565084,results/exp3_ml_real/jan2014/boxes_mlp.npz
b,jan2014,mlp,value_width_median|CROWN,0.01,,6.449685764473563e-05,results/exp3_ml_real/jan2014/summary_mlp.json
b,jan2014,mlp,value_width_q25|CROWN,0.01,,2.215574736905409e-05,results/exp3_ml_real/jan2014/boxes_mlp.npz
b,jan2014,mlp,value_width_q75|CROWN,0.01,,0.000253623422738889,results/exp3_ml_real/jan2014/boxes_mlp.npz
b,jan2014,mlp,value_width_median|CROWN,0.02,,0.0001403088599568123,results/exp3_ml_real/jan2014/summary_mlp.json
b,jan2014,mlp,value_width_q25|CROWN,0.02,,4.733408920094275e-05,results/exp3_ml_real/jan2014/boxes_mlp.npz
b,jan2014,mlp,value_width_q75|CROWN,0.02,,0.0005635722785743757,results/exp3_ml_real/jan2014/boxes_mlp.npz
b,jan2014,mlp,value_width_median|CROWN,0.05,,0.0004970623353895556,results/exp3_ml_real/jan2014/summary_mlp.json
b,jan2014,mlp,value_width_q25|CROWN,0.05,,0.00015491771804662844,results/exp3_ml_real/jan2014/boxes_mlp.npz
b,jan2014,mlp,value_width_q75|CROWN,0.05,,0.0021475352407179086,results/exp3_ml_real/jan2014/boxes_mlp.npz
b,jan2014,mlp,value_width_median|CROWN,0.1,,0.002912060322099443,results/exp3_ml_real/jan2014/summary_mlp.json
b,jan2014,mlp,value_width_q25|CROWN,0.1,,0.0006865097119043785,results/exp3_ml_real/jan2014/boxes_mlp.npz
b,jan2014,mlp,value_width_q75|CROWN,0.1,,0.012566987390607158,results/exp3_ml_real/jan2014/boxes_mlp.npz
b,jan2014,mlp,value_width_median|PGD inner,0.01,,6.085036710767487e-05,results/exp3_ml_real/jan2014/summary_mlp.json
b,jan2014,mlp,value_width_q25|PGD inner,0.01,,2.1051904444299198e-05,results/exp3_ml_real/jan2014/boxes_mlp.npz
b,jan2014,mlp,value_width_q75|PGD inner,0.01,,0.00023627041823252791,results/exp3_ml_real/jan2014/boxes_mlp.npz
b,jan2014,mlp,value_width_median|PGD inner,0.02,,0.0001237438916831017,results/exp3_ml_real/jan2014/summary_mlp.json
b,jan2014,mlp,value_width_q25|PGD inner,0.02,,4.252405800333753e-05,results/exp3_ml_real/jan2014/boxes_mlp.npz
b,jan2014,mlp,value_width_q75|PGD inner,0.02,,0.0004848554849148265,results/exp3_ml_real/jan2014/boxes_mlp.npz
b,jan2014,mlp,value_width_median|PGD inner,0.05,,0.00034280349135719135,results/exp3_ml_real/jan2014/summary_mlp.json
b,jan2014,mlp,value_width_q25|PGD inner,0.05,,0.000114417233465468,results/exp3_ml_real/jan2014/boxes_mlp.npz
b,jan2014,mlp,value_width_q75|PGD inner,0.05,,0.001403805985969149,results/exp3_ml_real/jan2014/boxes_mlp.npz
b,jan2014,mlp,value_width_median|PGD inner,0.1,,0.0009856236025965605,results/exp3_ml_real/jan2014/summary_mlp.json
b,jan2014,mlp,value_width_q25|PGD inner,0.1,,0.0002952728838938212,results/exp3_ml_real/jan2014/boxes_mlp.npz
b,jan2014,mlp,value_width_q75|PGD inner,0.1,,0.004403824714592356,results/exp3_ml_real/jan2014/boxes_mlp.npz
b,jan2014,mlp,kappa_median|CROWN|eps0.01,1,,0.5827948478556042,results/exp3_ml_real/jan2014/summary_mlp.json
b,jan2014,mlp,kappa_q25|CROWN|eps0.01,1,,0.4652408872112602,results/exp3_ml_real/jan2014/boxes_mlp.npz
b,jan2014,mlp,kappa_q75|CROWN|eps0.01,1,,0.7389631168090185,results/exp3_ml_real/jan2014/boxes_mlp.npz
b,jan2014,mlp,kappa_median|CROWN|eps0.01,2,,0.7399933547166782,results/exp3_ml_real/jan2014/summary_mlp.json
b,jan2014,mlp,kappa_q25|CROWN|eps0.01,2,,0.5946732941746181,results/exp3_ml_real/jan2014/boxes_mlp.npz
b,jan2014,mlp,kappa_q75|CROWN|eps0.01,2,,0.9345008083191831,results/exp3_ml_real/jan2014/boxes_mlp.npz
b,jan2014,mlp,kappa_median|CROWN|eps0.01,4,,0.8939543441019117,results/exp3_ml_real/jan2014/summary_mlp.json
b,jan2014,mlp,kappa_q25|CROWN|eps0.01,4,,0.7355580788385241,results/exp3_ml_real/jan2014/boxes_mlp.npz
b,jan2014,mlp,kappa_q75|CROWN|eps0.01,4,,1.1697812841078874,results/exp3_ml_real/jan2014/boxes_mlp.npz
b,jan2014,mlp,kappa_median|CROWN|eps0.01,8,,1.0226626626067254,results/exp3_ml_real/jan2014/summary_mlp.json
b,jan2014,mlp,kappa_q25|CROWN|eps0.01,8,,0.8962274296826247,results/exp3_ml_real/jan2014/boxes_mlp.npz
b,jan2014,mlp,kappa_q75|CROWN|eps0.01,8,,1.4028556548966042,results/exp3_ml_real/jan2014/boxes_mlp.npz
b,jan2014,mlp,kappa_median|CROWN|eps0.01,16,,1.3006391040660295,results/exp3_ml_real/jan2014/summary_mlp.json
b,jan2014,mlp,kappa_q25|CROWN|eps0.01,16,,1.0606744056912607,results/exp3_ml_real/jan2014/boxes_mlp.npz
b,jan2014,mlp,kappa_q75|CROWN|eps0.01,16,,1.9427707689898042,results/exp3_ml_real/jan2014/boxes_mlp.npz
b,jan2014,mlp,kappa_median|CROWN|eps0.01,32,,1.5073204434047902,results/exp3_ml_real/jan2014/summary_mlp.json
b,jan2014,mlp,kappa_q25|CROWN|eps0.01,32,,1.1563472018636545,results/exp3_ml_real/jan2014/boxes_mlp.npz
b,jan2014,mlp,kappa_q75|CROWN|eps0.01,32,,2.547192764139467,results/exp3_ml_real/jan2014/boxes_mlp.npz
b,jan2014,mlp,kappa_median|CROWN|eps0.01,64,,1.6039827500868438,results/exp3_ml_real/jan2014/summary_mlp.json
b,jan2014,mlp,kappa_q25|CROWN|eps0.01,64,,1.2409961969055925,results/exp3_ml_real/jan2014/boxes_mlp.npz
b,jan2014,mlp,kappa_q75|CROWN|eps0.01,64,,3.003819797402479,results/exp3_ml_real/jan2014/boxes_mlp.npz
b,jan2014,mlp,kappa_median|CROWN|eps0.01,128,,1.8032814115880633,results/exp3_ml_real/jan2014/summary_mlp.json
b,jan2014,mlp,kappa_q25|CROWN|eps0.01,128,,1.3063878892152283,results/exp3_ml_real/jan2014/boxes_mlp.npz
b,jan2014,mlp,kappa_q75|CROWN|eps0.01,128,,3.3976356233986955,results/exp3_ml_real/jan2014/boxes_mlp.npz
b,jan2014,feat,value_width_median|IBP,0.01,,0.00033083810086326974,results/exp3_ml_real/jan2014/summary_feat.json
b,jan2014,feat,value_width_q25|IBP,0.01,,0.00016570143916382613,results/exp3_ml_real/jan2014/boxes_feat.npz
b,jan2014,feat,value_width_q75|IBP,0.01,,0.0008362410239973233,results/exp3_ml_real/jan2014/boxes_feat.npz
b,jan2014,feat,value_width_median|IBP,0.02,,0.0006697299406314078,results/exp3_ml_real/jan2014/summary_feat.json
b,jan2014,feat,value_width_q25|IBP,0.02,,0.0003362038295843729,results/exp3_ml_real/jan2014/boxes_feat.npz
b,jan2014,feat,value_width_q75|IBP,0.02,,0.001739740147418266,results/exp3_ml_real/jan2014/boxes_feat.npz
b,jan2014,feat,value_width_median|IBP,0.05,,0.0018982608197181386,results/exp3_ml_real/jan2014/summary_feat.json
b,jan2014,feat,value_width_q25|IBP,0.05,,0.0009131921852381737,results/exp3_ml_real/jan2014/boxes_feat.npz
b,jan2014,feat,value_width_q75|IBP,0.05,,0.005707009528636316,results/exp3_ml_real/jan2014/boxes_feat.npz
b,jan2014,feat,value_width_median|IBP,0.1,,0.006828583082121092,results/exp3_ml_real/jan2014/summary_feat.json
b,jan2014,feat,value_width_q25|IBP,0.1,,0.002525959691770938,results/exp3_ml_real/jan2014/boxes_feat.npz
b,jan2014,feat,value_width_q75|IBP,0.1,,0.022114860581543196,results/exp3_ml_real/jan2014/boxes_feat.npz
b,jan2014,feat,value_width_median|CROWN,0.01,,0.000189647778840336,results/exp3_ml_real/jan2014/summary_feat.json
b,jan2014,feat,value_width_q25|CROWN,0.01,,9.727466807406851e-05,results/exp3_ml_real/jan2014/boxes_feat.npz
b,jan2014,feat,value_width_q75|CROWN,0.01,,0.00045050873676405836,results/exp3_ml_real/jan2014/boxes_feat.npz
b,jan2014,feat,value_width_median|CROWN,0.02,,0.0003884001240619452,results/exp3_ml_real/jan2014/summary_feat.json
b,jan2014,feat,value_width_q25|CROWN,0.02,,0.00019876643026464386,results/exp3_ml_real/jan2014/boxes_feat.npz
b,jan2014,feat,value_width_q75|CROWN,0.02,,0.0009317361681668626,results/exp3_ml_real/jan2014/boxes_feat.npz
b,jan2014,feat,value_width_median|CROWN,0.05,,0.0010554056799842381,results/exp3_ml_real/jan2014/summary_feat.json
b,jan2014,feat,value_width_q25|CROWN,0.05,,0.000538338268648013,results/exp3_ml_real/jan2014/boxes_feat.npz
b,jan2014,feat,value_width_q75|CROWN,0.05,,0.002645297757592553,results/exp3_ml_real/jan2014/boxes_feat.npz
b,jan2014,feat,value_width_median|CROWN,0.1,,0.0025113388630813877,results/exp3_ml_real/jan2014/summary_feat.json
b,jan2014,feat,value_width_q25|CROWN,0.1,,0.001260684863832354,results/exp3_ml_real/jan2014/boxes_feat.npz
b,jan2014,feat,value_width_q75|CROWN,0.1,,0.006955733642511489,results/exp3_ml_real/jan2014/boxes_feat.npz
b,jan2014,feat,value_width_median|PGD inner,0.01,,0.00018600054846791526,results/exp3_ml_real/jan2014/summary_feat.json
b,jan2014,feat,value_width_q25|PGD inner,0.01,,9.52624329055061e-05,results/exp3_ml_real/jan2014/boxes_feat.npz
b,jan2014,feat,value_width_q75|PGD inner,0.01,,0.0004390518827430143,results/exp3_ml_real/jan2014/boxes_feat.npz
b,jan2014,feat,value_width_median|PGD inner,0.02,,0.0003730271909039779,results/exp3_ml_real/jan2014/summary_feat.json
b,jan2014,feat,value_width_q25|PGD inner,0.02,,0.00019109087985003342,results/exp3_ml_real/jan2014/boxes_feat.npz
b,jan2014,feat,value_width_q75|PGD inner,0.02,,0.0008843579877291496,results/exp3_ml_real/jan2014/boxes_feat.npz
b,jan2014,feat,value_width_median|PGD inner,0.05,,0.0009532885586329836,results/exp3_ml_real/jan2014/summary_feat.json
b,jan2014,feat,value_width_q25|PGD inner,0.05,,0.00048664761599034314,results/exp3_ml_real/jan2014/boxes_feat.npz
b,jan2014,feat,value_width_q75|PGD inner,0.05,,0.0023052122282868313,results/exp3_ml_real/jan2014/boxes_feat.npz
b,jan2014,feat,value_width_median|PGD inner,0.1,,0.0020632352041684027,results/exp3_ml_real/jan2014/summary_feat.json
b,jan2014,feat,value_width_q25|PGD inner,0.1,,0.0010451946975652067,results/exp3_ml_real/jan2014/boxes_feat.npz
b,jan2014,feat,value_width_q75|PGD inner,0.1,,0.005281095392758388,results/exp3_ml_real/jan2014/boxes_feat.npz
b,jan2014,feat,kappa_median|CROWN|eps0.01,1,,0.2642815364932054,results/exp3_ml_real/jan2014/summary_feat.json
b,jan2014,feat,kappa_q25|CROWN|eps0.01,1,,0.20809443277082257,results/exp3_ml_real/jan2014/boxes_feat.npz
b,jan2014,feat,kappa_q75|CROWN|eps0.01,1,,0.34803255844887854,results/exp3_ml_real/jan2014/boxes_feat.npz
b,jan2014,feat,kappa_median|CROWN|eps0.01,2,,0.4190822997611321,results/exp3_ml_real/jan2014/summary_feat.json
b,jan2014,feat,kappa_q25|CROWN|eps0.01,2,,0.3271089364435246,results/exp3_ml_real/jan2014/boxes_feat.npz
b,jan2014,feat,kappa_q75|CROWN|eps0.01,2,,0.5529419027188897,results/exp3_ml_real/jan2014/boxes_feat.npz
b,jan2014,feat,kappa_median|CROWN|eps0.01,4,,0.5937599185763152,results/exp3_ml_real/jan2014/summary_feat.json
b,jan2014,feat,kappa_q25|CROWN|eps0.01,4,,0.45509884267863127,results/exp3_ml_real/jan2014/boxes_feat.npz
b,jan2014,feat,kappa_q75|CROWN|eps0.01,4,,0.7864784297443175,results/exp3_ml_real/jan2014/boxes_feat.npz
b,jan2014,feat,kappa_median|CROWN|eps0.01,8,,0.7966853558442365,results/exp3_ml_real/jan2014/summary_feat.json
b,jan2014,feat,kappa_q25|CROWN|eps0.01,8,,0.641906891805331,results/exp3_ml_real/jan2014/boxes_feat.npz
b,jan2014,feat,kappa_q75|CROWN|eps0.01,8,,1.0520727942435368,results/exp3_ml_real/jan2014/boxes_feat.npz
b,jan2014,feat,kappa_median|CROWN|eps0.01,16,,1.1349950228309118,results/exp3_ml_real/jan2014/summary_feat.json
b,jan2014,feat,kappa_q25|CROWN|eps0.01,16,,0.9998099071095123,results/exp3_ml_real/jan2014/boxes_feat.npz
b,jan2014,feat,kappa_q75|CROWN|eps0.01,16,,1.4847344122967625,results/exp3_ml_real/jan2014/boxes_feat.npz
b,jan2014,feat,kappa_median|CROWN|eps0.01,32,,1.4996286926067492,results/exp3_ml_real/jan2014/summary_feat.json
b,jan2014,feat,kappa_q25|CROWN|eps0.01,32,,1.2583867025007178,results/exp3_ml_real/jan2014/boxes_feat.npz
b,jan2014,feat,kappa_q75|CROWN|eps0.01,32,,2.039291072120279,results/exp3_ml_real/jan2014/boxes_feat.npz
b,jan2014,feat,kappa_median|CROWN|eps0.01,64,,1.5767908249825315,results/exp3_ml_real/jan2014/summary_feat.json
b,jan2014,feat,kappa_q25|CROWN|eps0.01,64,,1.2831691048207272,results/exp3_ml_real/jan2014/boxes_feat.npz
b,jan2014,feat,kappa_q75|CROWN|eps0.01,64,,2.183609248324878,results/exp3_ml_real/jan2014/boxes_feat.npz
b,jan2014,feat,kappa_median|CROWN|eps0.01,128,,1.811259384149127,results/exp3_ml_real/jan2014/summary_feat.json
b,jan2014,feat,kappa_q25|CROWN|eps0.01,128,,1.4501398791272466,results/exp3_ml_real/jan2014/boxes_feat.npz
b,jan2014,feat,kappa_q75|CROWN|eps0.01,128,,2.6683105323588934,results/exp3_ml_real/jan2014/boxes_feat.npz
b,jan2014,feat24,value_width_median|IBP,0.01,,0.00045976178498227866,results/exp3_ml_real/jan2014/summary_feat24.json
b,jan2014,feat24,value_width_q25|IBP,0.01,,0.00025182045650277366,results/exp3_ml_real/jan2014/boxes_feat24.npz
b,jan2014,feat24,value_width_q75|IBP,0.01,,0.0010378299129878894,results/exp3_ml_real/jan2014/boxes_feat24.npz
b,jan2014,feat24,value_width_median|IBP,0.02,,0.0009453013415527311,results/exp3_ml_real/jan2014/summary_feat24.json
b,jan2014,feat24,value_width_q25|IBP,0.02,,0.0005152226772417716,results/exp3_ml_real/jan2014/boxes_feat24.npz
b,jan2014,feat24,value_width_q75|IBP,0.02,,0.0021374507167187104,results/exp3_ml_real/jan2014/boxes_feat24.npz
b,jan2014,feat24,value_width_median|IBP,0.05,,0.002675897606725975,results/exp3_ml_real/jan2014/summary_feat24.json
b,jan2014,feat24,value_width_q25|IBP,0.05,,0.0014396375917547506,results/exp3_ml_real/jan2014/boxes_feat24.npz
b,jan2014,feat24,value_width_q75|IBP,0.05,,0.0059130280139064895,results/exp3_ml_real/jan2014/boxes_feat24.npz
b,jan2014,feat24,value_width_median|IBP,0.1,,0.007005026569496611,results/exp3_ml_real/jan2014/summary_feat24.json
b,jan2014,feat24,value_width_q25|IBP,0.1,,0.003777926056391126,results/exp3_ml_real/jan2014/boxes_feat24.npz
b,jan2014,feat24,value_width_q75|IBP,0.1,,0.015315106416088199,results/exp3_ml_real/jan2014/boxes_feat24.npz
b,jan2014,feat24,value_width_median|CROWN,0.01,,0.0003028395791067435,results/exp3_ml_real/jan2014/summary_feat24.json
b,jan2014,feat24,value_width_q25|CROWN,0.01,,0.00016944855854740345,results/exp3_ml_real/jan2014/boxes_feat24.npz
b,jan2014,feat24,value_width_q75|CROWN,0.01,,0.0006424286595449842,results/exp3_ml_real/jan2014/boxes_feat24.npz
b,jan2014,feat24,value_width_median|CROWN,0.02,,0.0006208346269476845,results/exp3_ml_real/jan2014/summary_feat24.json
b,jan2014,feat24,value_width_q25|CROWN,0.02,,0.0003467620444517535,results/exp3_ml_real/jan2014/boxes_feat24.npz
b,jan2014,feat24,value_width_q75|CROWN,0.02,,0.0013192584204766654,results/exp3_ml_real/jan2014/boxes_feat24.npz
b,jan2014,feat24,value_width_median|CROWN,0.05,,0.0016788508440990814,results/exp3_ml_real/jan2014/summary_feat24.json
b,jan2014,feat24,value_width_q25|CROWN,0.05,,0.0009334605530324309,results/exp3_ml_real/jan2014/boxes_feat24.npz
b,jan2014,feat24,value_width_q75|CROWN,0.05,,0.003586204963208026,results/exp3_ml_real/jan2014/boxes_feat24.npz
b,jan2014,feat24,value_width_median|CROWN,0.1,,0.003920870916741811,results/exp3_ml_real/jan2014/summary_feat24.json
b,jan2014,feat24,value_width_q25|CROWN,0.1,,0.002156417819008901,results/exp3_ml_real/jan2014/boxes_feat24.npz
b,jan2014,feat24,value_width_q75|CROWN,0.1,,0.008403094345520168,results/exp3_ml_real/jan2014/boxes_feat24.npz
b,jan2014,feat24,value_width_median|PGD inner,0.01,,0.00029643109662226053,results/exp3_ml_real/jan2014/summary_feat24.json
b,jan2014,feat24,value_width_q25|PGD inner,0.01,,0.00016605391188456118,results/exp3_ml_real/jan2014/boxes_feat24.npz
b,jan2014,feat24,value_width_q75|PGD inner,0.01,,0.0006272442666019689,results/exp3_ml_real/jan2014/boxes_feat24.npz
b,jan2014,feat24,value_width_median|PGD inner,0.02,,0.0005951165223731959,results/exp3_ml_real/jan2014/summary_feat24.json
b,jan2014,feat24,value_width_q25|PGD inner,0.02,,0.0003330768039905512,results/exp3_ml_real/jan2014/boxes_feat24.npz
b,jan2014,feat24,value_width_q75|PGD inner,0.02,,0.001258131393580272,results/exp3_ml_real/jan2014/boxes_feat24.npz
b,jan2014,feat24,value_width_median|PGD inner,0.05,,0.0015195190850997786,results/exp3_ml_real/jan2014/summary_feat24.json
b,jan2014,feat24,value_width_q25|PGD inner,0.05,,0.0008502807378858425,results/exp3_ml_real/jan2014/boxes_feat24.npz
b,jan2014,feat24,value_width_q75|PGD inner,0.05,,0.003221551482186402,results/exp3_ml_real/jan2014/boxes_feat24.npz
b,jan2014,feat24,value_width_median|PGD inner,0.1,,0.0032674915134714346,results/exp3_ml_real/jan2014/summary_feat24.json
b,jan2014,feat24,value_width_q25|PGD inner,0.1,,0.0018270158923820088,results/exp3_ml_real/jan2014/boxes_feat24.npz
b,jan2014,feat24,value_width_q75|PGD inner,0.1,,0.006982478473806593,results/exp3_ml_real/jan2014/boxes_feat24.npz
b,jan2014,feat24,kappa_median|CROWN|eps0.01,1,,0.12552511377078712,results/exp3_ml_real/jan2014/summary_feat24.json
b,jan2014,feat24,kappa_q25|CROWN|eps0.01,1,,0.10828572738926545,results/exp3_ml_real/jan2014/boxes_feat24.npz
b,jan2014,feat24,kappa_q75|CROWN|eps0.01,1,,0.1595171719170585,results/exp3_ml_real/jan2014/boxes_feat24.npz
b,jan2014,feat24,kappa_median|CROWN|eps0.01,2,,0.20280345649014447,results/exp3_ml_real/jan2014/summary_feat24.json
b,jan2014,feat24,kappa_q25|CROWN|eps0.01,2,,0.17500367078814472,results/exp3_ml_real/jan2014/boxes_feat24.npz
b,jan2014,feat24,kappa_q75|CROWN|eps0.01,2,,0.25073767143195747,results/exp3_ml_real/jan2014/boxes_feat24.npz
b,jan2014,feat24,kappa_median|CROWN|eps0.01,4,,0.3469125808278526,results/exp3_ml_real/jan2014/summary_feat24.json
b,jan2014,feat24,kappa_q25|CROWN|eps0.01,4,,0.3045326236509464,results/exp3_ml_real/jan2014/boxes_feat24.npz
b,jan2014,feat24,kappa_q75|CROWN|eps0.01,4,,0.42125667109802767,results/exp3_ml_real/jan2014/boxes_feat24.npz
b,jan2014,feat24,kappa_median|CROWN|eps0.01,8,,0.6060021429537443,results/exp3_ml_real/jan2014/summary_feat24.json
b,jan2014,feat24,kappa_q25|CROWN|eps0.01,8,,0.5480861109838814,results/exp3_ml_real/jan2014/boxes_feat24.npz
b,jan2014,feat24,kappa_q75|CROWN|eps0.01,8,,0.7194153185275816,results/exp3_ml_real/jan2014/boxes_feat24.npz
b,jan2014,feat24,kappa_median|CROWN|eps0.01,16,,1.0079109281924377,results/exp3_ml_real/jan2014/summary_feat24.json
b,jan2014,feat24,kappa_q25|CROWN|eps0.01,16,,0.9566519228201427,results/exp3_ml_real/jan2014/boxes_feat24.npz
b,jan2014,feat24,kappa_q75|CROWN|eps0.01,16,,1.2303588673720849,results/exp3_ml_real/jan2014/boxes_feat24.npz
b,jan2014,feat24,kappa_median|CROWN|eps0.01,32,,1.5268892341423594,results/exp3_ml_real/jan2014/summary_feat24.json
b,jan2014,feat24,kappa_q25|CROWN|eps0.01,32,,1.3471469962498468,results/exp3_ml_real/jan2014/boxes_feat24.npz
b,jan2014,feat24,kappa_q75|CROWN|eps0.01,32,,1.8880786149317266,results/exp3_ml_real/jan2014/boxes_feat24.npz
b,jan2014,feat24,kappa_median|CROWN|eps0.01,64,,1.7555524927090511,results/exp3_ml_real/jan2014/summary_feat24.json
b,jan2014,feat24,kappa_q25|CROWN|eps0.01,64,,1.4444252470960464,results/exp3_ml_real/jan2014/boxes_feat24.npz
b,jan2014,feat24,kappa_q75|CROWN|eps0.01,64,,2.2955180124093224,results/exp3_ml_real/jan2014/boxes_feat24.npz
b,jan2014,feat24,kappa_median|CROWN|eps0.01,128,,1.7588923746580316,results/exp3_ml_real/jan2014/summary_feat24.json
b,jan2014,feat24,kappa_q25|CROWN|eps0.01,128,,1.443437818437523,results/exp3_ml_real/jan2014/boxes_feat24.npz
b,jan2014,feat24,kappa_q75|CROWN|eps0.01,128,,2.344137799699636,results/exp3_ml_real/jan2014/boxes_feat24.npz
c,synthetic,mlp,G_median,S1b,CROWN|0.01|ZD,0.11374059586273534,results/exp3_ml/summary_mlp.json
c,synthetic,mlp,G_q90,S1b,CROWN|0.01|ZD,0.16100607692021235,results/exp3_ml/summary_mlp.json
c,synthetic,mlp,G_n,S1b,CROWN|0.01|ZD,336,results/exp3_ml/summary_mlp.json
c,synthetic,mlp,G_median,S2,CROWN|0.01|ZD,0.08256976211843814,results/exp3_ml/summary_mlp.json
c,synthetic,mlp,G_q90,S2,CROWN|0.01|ZD,0.17369273761292553,results/exp3_ml/summary_mlp.json
c,synthetic,mlp,G_n,S2,CROWN|0.01|ZD,288,results/exp3_ml/summary_mlp.json
c,synthetic,mlp,G_median,S3,CROWN|0.01|ZD,0.005384542995956591,results/exp3_ml/summary_mlp.json
c,synthetic,mlp,G_q90,S3,CROWN|0.01|ZD,0.01701386336739033,results/exp3_ml/summary_mlp.json
c,synthetic,mlp,G_n,S3,CROWN|0.01|ZD,288,results/exp3_ml/summary_mlp.json
c,synthetic,mlp,G_median,S5,CROWN|0.01|ZD,0.4077451123526089,results/exp3_ml/summary_mlp.json
c,synthetic,mlp,G_q90,S5,CROWN|0.01|ZD,0.4882237575844172,results/exp3_ml/summary_mlp.json
c,synthetic,mlp,G_n,S5,CROWN|0.01|ZD,576,results/exp3_ml/summary_mlp.json
c,synthetic,feat,G_median,S1b,CROWN|0.01|ZD,0.07995131577150276,results/exp3_ml/summary_feat.json
c,synthetic,feat,G_q90,S1b,CROWN|0.01|ZD,0.13665424018129768,results/exp3_ml/summary_feat.json
c,synthetic,feat,G_n,S1b,CROWN|0.01|ZD,336,results/exp3_ml/summary_feat.json
c,synthetic,feat,G_median,S2,CROWN|0.01|ZD,0.06784101297994857,results/exp3_ml/summary_feat.json
c,synthetic,feat,G_q90,S2,CROWN|0.01|ZD,0.1528091005270265,results/exp3_ml/summary_feat.json
c,synthetic,feat,G_n,S2,CROWN|0.01|ZD,288,results/exp3_ml/summary_feat.json
c,synthetic,feat,G_median,S3,CROWN|0.01|ZD,0.004267938959956622,results/exp3_ml/summary_feat.json
c,synthetic,feat,G_q90,S3,CROWN|0.01|ZD,0.012203204138462653,results/exp3_ml/summary_feat.json
c,synthetic,feat,G_n,S3,CROWN|0.01|ZD,288,results/exp3_ml/summary_feat.json
c,synthetic,feat,G_median,S5,CROWN|0.01|ZD,0.5336559867683861,results/exp3_ml/summary_feat.json
c,synthetic,feat,G_q90,S5,CROWN|0.01|ZD,0.7660435561608716,results/exp3_ml/summary_feat.json
c,synthetic,feat,G_n,S5,CROWN|0.01|ZD,576,results/exp3_ml/summary_feat.json
c,synthetic,feat24,G_median,S1b,CROWN|0.01|ZD,0.12087294399434773,results/exp3_ml/summary_feat24.json
c,synthetic,feat24,G_q90,S1b,CROWN|0.01|ZD,0.20098583320301308,results/exp3_ml/summary_feat24.json
c,synthetic,feat24,G_n,S1b,CROWN|0.01|ZD,336,results/exp3_ml/summary_feat24.json
c,synthetic,feat24,G_median,S2,CROWN|0.01|ZD,0.09885223796419836,results/exp3_ml/summary_feat24.json
c,synthetic,feat24,G_q90,S2,CROWN|0.01|ZD,0.18835664404828065,results/exp3_ml/summary_feat24.json
c,synthetic,feat24,G_n,S2,CROWN|0.01|ZD,288,results/exp3_ml/summary_feat24.json
c,synthetic,feat24,G_median,S3,CROWN|0.01|ZD,0.006787934159585902,results/exp3_ml/summary_feat24.json
c,synthetic,feat24,G_q90,S3,CROWN|0.01|ZD,0.018905004042485896,results/exp3_ml/summary_feat24.json
c,synthetic,feat24,G_n,S3,CROWN|0.01|ZD,288,results/exp3_ml/summary_feat24.json
c,synthetic,feat24,G_median,S5,CROWN|0.01|ZD,0.8074587115316199,results/exp3_ml/summary_feat24.json
c,synthetic,feat24,G_q90,S5,CROWN|0.01|ZD,0.9141268915559853,results/exp3_ml/summary_feat24.json
c,synthetic,feat24,G_n,S5,CROWN|0.01|ZD,576,results/exp3_ml/summary_feat24.json
c,jul2014,mlp,G_median,S1b,CROWN|0.01|ZD,0.10453464734758508,results/exp3_ml_real/jul2014/summary_mlp.json
c,jul2014,mlp,G_q90,S1b,CROWN|0.01|ZD,0.16221582152295588,results/exp3_ml_real/jul2014/summary_mlp.json
c,jul2014,mlp,G_n,S1b,CROWN|0.01|ZD,336,results/exp3_ml_real/jul2014/summary_mlp.json
c,jul2014,mlp,G_median,S2,CROWN|0.01|ZD,0.10099951157588055,results/exp3_ml_real/jul2014/summary_mlp.json
c,jul2014,mlp,G_q90,S2,CROWN|0.01|ZD,0.2095572621470588,results/exp3_ml_real/jul2014/summary_mlp.json
c,jul2014,mlp,G_n,S2,CROWN|0.01|ZD,288,results/exp3_ml_real/jul2014/summary_mlp.json
c,jul2014,mlp,G_median,S3,CROWN|0.01|ZD,0.005971207365716342,results/exp3_ml_real/jul2014/summary_mlp.json
c,jul2014,mlp,G_q90,S3,CROWN|0.01|ZD,0.01978704670128294,results/exp3_ml_real/jul2014/summary_mlp.json
c,jul2014,mlp,G_n,S3,CROWN|0.01|ZD,288,results/exp3_ml_real/jul2014/summary_mlp.json
c,jul2014,mlp,G_median,S5,CROWN|0.01|ZD,0.45787504960284336,results/exp3_ml_real/jul2014/summary_mlp.json
c,jul2014,mlp,G_q90,S5,CROWN|0.01|ZD,0.6019703166423542,results/exp3_ml_real/jul2014/summary_mlp.json
c,jul2014,mlp,G_n,S5,CROWN|0.01|ZD,576,results/exp3_ml_real/jul2014/summary_mlp.json
c,jul2014,feat,G_median,S1b,CROWN|0.01|ZD,0.0892321156810341,results/exp3_ml_real/jul2014/summary_feat.json
c,jul2014,feat,G_q90,S1b,CROWN|0.01|ZD,0.16084689055578888,results/exp3_ml_real/jul2014/summary_feat.json
c,jul2014,feat,G_n,S1b,CROWN|0.01|ZD,336,results/exp3_ml_real/jul2014/summary_feat.json
c,jul2014,feat,G_median,S2,CROWN|0.01|ZD,0.08393148646859415,results/exp3_ml_real/jul2014/summary_feat.json
c,jul2014,feat,G_q90,S2,CROWN|0.01|ZD,0.1924377458667287,results/exp3_ml_real/jul2014/summary_feat.json
c,jul2014,feat,G_n,S2,CROWN|0.01|ZD,288,results/exp3_ml_real/jul2014/summary_feat.json
c,jul2014,feat,G_median,S3,CROWN|0.01|ZD,0.004390701878687267,results/exp3_ml_real/jul2014/summary_feat.json
c,jul2014,feat,G_q90,S3,CROWN|0.01|ZD,0.016345080573060004,results/exp3_ml_real/jul2014/summary_feat.json
c,jul2014,feat,G_n,S3,CROWN|0.01|ZD,288,results/exp3_ml_real/jul2014/summary_feat.json
c,jul2014,feat,G_median,S5,CROWN|0.01|ZD,0.592771947618175,results/exp3_ml_real/jul2014/summary_feat.json
c,jul2014,feat,G_q90,S5,CROWN|0.01|ZD,0.7744431143358423,results/exp3_ml_real/jul2014/summary_feat.json
c,jul2014,feat,G_n,S5,CROWN|0.01|ZD,576,results/exp3_ml_real/jul2014/summary_feat.json
c,jul2014,feat24,G_median,S1b,CROWN|0.01|ZD,0.128983860878071,results/exp3_ml_real/jul2014/summary_feat24.json
c,jul2014,feat24,G_q90,S1b,CROWN|0.01|ZD,0.2010822684007752,results/exp3_ml_real/jul2014/summary_feat24.json
c,jul2014,feat24,G_n,S1b,CROWN|0.01|ZD,336,results/exp3_ml_real/jul2014/summary_feat24.json
c,jul2014,feat24,G_median,S2,CROWN|0.01|ZD,0.12379410564533244,results/exp3_ml_real/jul2014/summary_feat24.json
c,jul2014,feat24,G_q90,S2,CROWN|0.01|ZD,0.2957099761974596,results/exp3_ml_real/jul2014/summary_feat24.json
c,jul2014,feat24,G_n,S2,CROWN|0.01|ZD,288,results/exp3_ml_real/jul2014/summary_feat24.json
c,jul2014,feat24,G_median,S3,CROWN|0.01|ZD,0.006892785827877671,results/exp3_ml_real/jul2014/summary_feat24.json
c,jul2014,feat24,G_q90,S3,CROWN|0.01|ZD,0.022560987349029046,results/exp3_ml_real/jul2014/summary_feat24.json
c,jul2014,feat24,G_n,S3,CROWN|0.01|ZD,288,results/exp3_ml_real/jul2014/summary_feat24.json
c,jul2014,feat24,G_median,S5,CROWN|0.01|ZD,0.8665346294095311,results/exp3_ml_real/jul2014/summary_feat24.json
c,jul2014,feat24,G_q90,S5,CROWN|0.01|ZD,0.9372769445578006,results/exp3_ml_real/jul2014/summary_feat24.json
c,jul2014,feat24,G_n,S5,CROWN|0.01|ZD,576,results/exp3_ml_real/jul2014/summary_feat24.json
c,jan2014,mlp,G_median,S1b,CROWN|0.01|ZD,0.125816471685962,results/exp3_ml_real/jan2014/summary_mlp.json
c,jan2014,mlp,G_q90,S1b,CROWN|0.01|ZD,0.18696882798026154,results/exp3_ml_real/jan2014/summary_mlp.json
c,jan2014,mlp,G_n,S1b,CROWN|0.01|ZD,336,results/exp3_ml_real/jan2014/summary_mlp.json
c,jan2014,mlp,G_median,S2,CROWN|0.01|ZD,0.13850304026647137,results/exp3_ml_real/jan2014/summary_mlp.json
c,jan2014,mlp,G_q90,S2,CROWN|0.01|ZD,0.293581646550695,results/exp3_ml_real/jan2014/summary_mlp.json
c,jan2014,mlp,G_n,S2,CROWN|0.01|ZD,288,results/exp3_ml_real/jan2014/summary_mlp.json
c,jan2014,mlp,G_median,S3,CROWN|0.01|ZD,0.007222089261024629,results/exp3_ml_real/jan2014/summary_mlp.json
c,jan2014,mlp,G_q90,S3,CROWN|0.01|ZD,0.02330676867340362,results/exp3_ml_real/jan2014/summary_mlp.json
c,jan2014,mlp,G_n,S3,CROWN|0.01|ZD,288,results/exp3_ml_real/jan2014/summary_mlp.json
c,jan2014,mlp,G_median,S5,CROWN|0.01|ZD,0.5601250274293159,results/exp3_ml_real/jan2014/summary_mlp.json
c,jan2014,mlp,G_q90,S5,CROWN|0.01|ZD,0.6749479513726495,results/exp3_ml_real/jan2014/summary_mlp.json
c,jan2014,mlp,G_n,S5,CROWN|0.01|ZD,576,results/exp3_ml_real/jan2014/summary_mlp.json
c,jan2014,feat,G_median,S1b,CROWN|0.01|ZD,0.16914707909375862,results/exp3_ml_real/jan2014/summary_feat.json
c,jan2014,feat,G_q90,S1b,CROWN|0.01|ZD,0.24940432321022307,results/exp3_ml_real/jan2014/summary_feat.json
c,jan2014,feat,G_n,S1b,CROWN|0.01|ZD,336,results/exp3_ml_real/jan2014/summary_feat.json
c,jan2014,feat,G_median,S2,CROWN|0.01|ZD,0.1673934031760772,results/exp3_ml_real/jan2014/summary_feat.json
c,jan2014,feat,G_q90,S2,CROWN|0.01|ZD,0.36049185500894426,results/exp3_ml_real/jan2014/summary_feat.json
c,jan2014,feat,G_n,S2,CROWN|0.01|ZD,288,results/exp3_ml_real/jan2014/summary_feat.json
c,jan2014,feat,G_median,S3,CROWN|0.01|ZD,0.00952192984291399,results/exp3_ml_real/jan2014/summary_feat.json
c,jan2014,feat,G_q90,S3,CROWN|0.01|ZD,0.03159069778247263,results/exp3_ml_real/jan2014/summary_feat.json
c,jan2014,feat,G_n,S3,CROWN|0.01|ZD,288,results/exp3_ml_real/jan2014/summary_feat.json
c,jan2014,feat,G_median,S5,CROWN|0.01|ZD,0.7290417642767975,results/exp3_ml_real/jan2014/summary_feat.json
c,jan2014,feat,G_q90,S5,CROWN|0.01|ZD,0.8565042643401701,results/exp3_ml_real/jan2014/summary_feat.json
c,jan2014,feat,G_n,S5,CROWN|0.01|ZD,576,results/exp3_ml_real/jan2014/summary_feat.json
c,jan2014,feat24,G_median,S1b,CROWN|0.01|ZD,0.17107172267591295,results/exp3_ml_real/jan2014/summary_feat24.json
c,jan2014,feat24,G_q90,S1b,CROWN|0.01|ZD,0.2337745566303518,results/exp3_ml_real/jan2014/summary_feat24.json
c,jan2014,feat24,G_n,S1b,CROWN|0.01|ZD,336,results/exp3_ml_real/jan2014/summary_feat24.json
c,jan2014,feat24,G_median,S2,CROWN|0.01|ZD,0.1999055902610307,results/exp3_ml_real/jan2014/summary_feat24.json
c,jan2014,feat24,G_q90,S2,CROWN|0.01|ZD,0.3798130876604837,results/exp3_ml_real/jan2014/summary_feat24.json
c,jan2014,feat24,G_n,S2,CROWN|0.01|ZD,288,results/exp3_ml_real/jan2014/summary_feat24.json
c,jan2014,feat24,G_median,S3,CROWN|0.01|ZD,0.012919526773864036,results/exp3_ml_real/jan2014/summary_feat24.json
c,jan2014,feat24,G_q90,S3,CROWN|0.01|ZD,0.03788156745703928,results/exp3_ml_real/jan2014/summary_feat24.json
c,jan2014,feat24,G_n,S3,CROWN|0.01|ZD,288,results/exp3_ml_real/jan2014/summary_feat24.json
c,jan2014,feat24,G_median,S5,CROWN|0.01|ZD,0.8690005114486501,results/exp3_ml_real/jan2014/summary_feat24.json
c,jan2014,feat24,G_q90,S5,CROWN|0.01|ZD,0.9361554685976912,results/exp3_ml_real/jan2014/summary_feat24.json
c,jan2014,feat24,G_n,S5,CROWN|0.01|ZD,576,results/exp3_ml_real/jan2014/summary_feat24.json
d,synthetic,mlp,excess_V_median,S5,CROWN|0.01|ZD,4.170128926484068,results/exp3_ml/summary_mlp.json
d,synthetic,mlp,excess_V_q10,S5,CROWN|0.01|ZD,3.239951966982883,results/exp3_ml/summary_mlp.json
d,synthetic,mlp,excess_V_q90,S5,CROWN|0.01|ZD,5.321415147978003,results/exp3_ml/summary_mlp.json
d,synthetic,mlp,excess_Z_median,S5,CROWN|0.01|ZD,2.589394221075316,results/exp3_ml/summary_mlp.json
d,synthetic,mlp,excess_Z_q10,S5,CROWN|0.01|ZD,1.8205838406787618,results/exp3_ml/summary_mlp.json
d,synthetic,mlp,excess_Z_q90,S5,CROWN|0.01|ZD,3.0578234980424694,results/exp3_ml/summary_mlp.json
d,synthetic,mlp,excess_n,S5,CROWN|0.01|ZD,576,results/exp3_ml/summary_mlp.json
d,synthetic,mlp,excess_V_median,S2,CROWN|0.01|ZD,2.289954762458819,results/exp3_ml/summary_mlp.json
d,synthetic,mlp,excess_V_q10,S2,CROWN|0.01|ZD,1.8228230900389129,results/exp3_ml/summary_mlp.json
d,synthetic,mlp,excess_V_q90,S2,CROWN|0.01|ZD,2.829385583841288,results/exp3_ml/summary_mlp.json
d,synthetic,mlp,excess_Z_median,S2,CROWN|0.01|ZD,2.0741627525002637,results/exp3_ml/summary_mlp.json
d,synthetic,mlp,excess_Z_q10,S2,CROWN|0.01|ZD,1.6140830102433763,results/exp3_ml/summary_mlp.json
d,synthetic,mlp,excess_Z_q90,S2,CROWN|0.01|ZD,2.554484664481387,results/exp3_ml/summary_mlp.json
d,synthetic,mlp,excess_n,S2,CROWN|0.01|ZD,288,results/exp3_ml/summary_mlp.json
d,synthetic,feat,excess_V_median,S5,CROWN|0.01|ZD,3.2223447064956483,results/exp3_ml/summary_feat.json
d,synthetic,feat,excess_V_q10,S5,CROWN|0.01|ZD,2.4987837808659314,results/exp3_ml/summary_feat.json
d,synthetic,feat,excess_V_q90,S5,CROWN|0.01|ZD,5.616719745281525,results/exp3_ml/summary_feat.json
d,synthetic,feat,excess_Z_median,S5,CROWN|0.01|ZD,1.4557526946426058,results/exp3_ml/summary_feat.json
d,synthetic,feat,excess_Z_q10,S5,CROWN|0.01|ZD,1.2378134309767324,results/exp3_ml/summary_feat.json
d,synthetic,feat,excess_Z_q90,S5,CROWN|0.01|ZD,1.7725872171528418,results/exp3_ml/summary_feat.json
d,synthetic,feat,excess_n,S5,CROWN|0.01|ZD,576,results/exp3_ml/summary_feat.json
d,synthetic,feat,excess_V_median,S2,CROWN|0.01|ZD,1.6641220478159244,results/exp3_ml/summary_feat.json
d,synthetic,feat,excess_V_q10,S2,CROWN|0.01|ZD,1.3631221839079173,results/exp3_ml/summary_feat.json
d,synthetic,feat,excess_V_q90,S2,CROWN|0.01|ZD,1.8476126309391907,results/exp3_ml/summary_feat.json
d,synthetic,feat,excess_Z_median,S2,CROWN|0.01|ZD,1.5170172789633645,results/exp3_ml/summary_feat.json
d,synthetic,feat,excess_Z_q10,S2,CROWN|0.01|ZD,1.2398742864277497,results/exp3_ml/summary_feat.json
d,synthetic,feat,excess_Z_q90,S2,CROWN|0.01|ZD,1.745060675782819,results/exp3_ml/summary_feat.json
d,synthetic,feat,excess_n,S2,CROWN|0.01|ZD,288,results/exp3_ml/summary_feat.json
d,synthetic,feat24,excess_V_median,S5,CROWN|0.01|ZD,12.571464019102475,results/exp3_ml/summary_feat24.json
d,synthetic,feat24,excess_V_q10,S5,CROWN|0.01|ZD,7.553888533445849,results/exp3_ml/summary_feat24.json
d,synthetic,feat24,excess_V_q90,S5,CROWN|0.01|ZD,28.38058803680869,results/exp3_ml/summary_feat24.json
d,synthetic,feat24,excess_Z_median,S5,CROWN|0.01|ZD,2.359073017254425,results/exp3_ml/summary_feat24.json
d,synthetic,feat24,excess_Z_q10,S5,CROWN|0.01|ZD,1.9139343319890885,results/exp3_ml/summary_feat24.json
d,synthetic,feat24,excess_Z_q90,S5,CROWN|0.01|ZD,3.035754338360946,results/exp3_ml/summary_feat24.json
d,synthetic,feat24,excess_n,S5,CROWN|0.01|ZD,576,results/exp3_ml/summary_feat24.json
d,synthetic,feat24,excess_V_median,S2,CROWN|0.01|ZD,1.6877230491947905,results/exp3_ml/summary_feat24.json
d,synthetic,feat24,excess_V_q10,S2,CROWN|0.01|ZD,1.3612471949389087,results/exp3_ml/summary_feat24.json
d,synthetic,feat24,excess_V_q90,S2,CROWN|0.01|ZD,2.537492710429979,results/exp3_ml/summary_feat24.json
d,synthetic,feat24,excess_Z_median,S2,CROWN|0.01|ZD,1.4374825834922795,results/exp3_ml/summary_feat24.json
d,synthetic,feat24,excess_Z_q10,S2,CROWN|0.01|ZD,1.1702323006193363,results/exp3_ml/summary_feat24.json
d,synthetic,feat24,excess_Z_q90,S2,CROWN|0.01|ZD,2.3516534010312182,results/exp3_ml/summary_feat24.json
d,synthetic,feat24,excess_n,S2,CROWN|0.01|ZD,288,results/exp3_ml/summary_feat24.json
d,jul2014,mlp,excess_V_median,S5,CROWN|0.01|ZD,4.421721241308438,results/exp3_ml_real/jul2014/summary_mlp.json
d,jul2014,mlp,excess_V_q10,S5,CROWN|0.01|ZD,3.6354798113196996,results/exp3_ml_real/jul2014/summary_mlp.json
d,jul2014,mlp,excess_V_q90,S5,CROWN|0.01|ZD,5.462724619846302,results/exp3_ml_real/jul2014/summary_mlp.json
d,jul2014,mlp,excess_Z_median,S5,CROWN|0.01|ZD,2.3331337785781354,results/exp3_ml_real/jul2014/summary_mlp.json
d,jul2014,mlp,excess_Z_q10,S5,CROWN|0.01|ZD,1.7488728409555967,results/exp3_ml_real/jul2014/summary_mlp.json
d,jul2014,mlp,excess_Z_q90,S5,CROWN|0.01|ZD,2.962575291298209,results/exp3_ml_real/jul2014/summary_mlp.json
d,jul2014,mlp,excess_n,S5,CROWN|0.01|ZD,576,results/exp3_ml_real/jul2014/summary_mlp.json
d,jul2014,mlp,excess_V_median,S2,CROWN|0.01|ZD,2.1076020580047508,results/exp3_ml_real/jul2014/summary_mlp.json
d,jul2014,mlp,excess_V_q10,S2,CROWN|0.01|ZD,1.7218454272507842,results/exp3_ml_real/jul2014/summary_mlp.json
d,jul2014,mlp,excess_V_q90,S2,CROWN|0.01|ZD,2.3403752622430227,results/exp3_ml_real/jul2014/summary_mlp.json
d,jul2014,mlp,excess_Z_median,S2,CROWN|0.01|ZD,1.8712639310461352,results/exp3_ml_real/jul2014/summary_mlp.json
d,jul2014,mlp,excess_Z_q10,S2,CROWN|0.01|ZD,1.4550711108310646,results/exp3_ml_real/jul2014/summary_mlp.json
d,jul2014,mlp,excess_Z_q90,S2,CROWN|0.01|ZD,2.0644417158433224,results/exp3_ml_real/jul2014/summary_mlp.json
d,jul2014,mlp,excess_n,S2,CROWN|0.01|ZD,288,results/exp3_ml_real/jul2014/summary_mlp.json
d,jul2014,feat,excess_V_median,S5,CROWN|0.01|ZD,3.666121523175854,results/exp3_ml_real/jul2014/summary_feat.json
d,jul2014,feat,excess_V_q10,S5,CROWN|0.01|ZD,2.9141184049501803,results/exp3_ml_real/jul2014/summary_feat.json
d,jul2014,feat,excess_V_q90,S5,CROWN|0.01|ZD,5.984272671635017,results/exp3_ml_real/jul2014/summary_feat.json
d,jul2014,feat,excess_Z_median,S5,CROWN|0.01|ZD,1.489659746109525,results/exp3_ml_real/jul2014/summary_feat.json
d,jul2014,feat,excess_Z_q10,S5,CROWN|0.01|ZD,1.2400426669874547,results/exp3_ml_real/jul2014/summary_feat.json
d,jul2014,feat,excess_Z_q90,S5,CROWN|0.01|ZD,1.8125531304309188,results/exp3_ml_real/jul2014/summary_feat.json
d,jul2014,feat,excess_n,S5,CROWN|0.01|ZD,576,results/exp3_ml_real/jul2014/summary_feat.json
d,jul2014,feat,excess_V_median,S2,CROWN|0.01|ZD,1.3991639040332207,results/exp3_ml_real/jul2014/summary_feat.json
d,jul2014,feat,excess_V_q10,S2,CROWN|0.01|ZD,1.3195338741332983,results/exp3_ml_real/jul2014/summary_feat.json
d,jul2014,feat,excess_V_q90,S2,CROWN|0.01|ZD,1.5698438594255302,results/exp3_ml_real/jul2014/summary_feat.json
d,jul2014,feat,excess_Z_median,S2,CROWN|0.01|ZD,1.2808369718429287,results/exp3_ml_real/jul2014/summary_feat.json
d,jul2014,feat,excess_Z_q10,S2,CROWN|0.01|ZD,1.17738304641799,results/exp3_ml_real/jul2014/summary_feat.json
d,jul2014,feat,excess_Z_q90,S2,CROWN|0.01|ZD,1.3835883660338504,results/exp3_ml_real/jul2014/summary_feat.json
d,jul2014,feat,excess_n,S2,CROWN|0.01|ZD,288,results/exp3_ml_real/jul2014/summary_feat.json
d,jul2014,feat24,excess_V_median,S5,CROWN|0.01|ZD,24.85224370698738,results/exp3_ml_real/jul2014/summary_feat24.json
d,jul2014,feat24,excess_V_q10,S5,CROWN|0.01|ZD,12.28784812159626,results/exp3_ml_real/jul2014/summary_feat24.json
d,jul2014,feat24,excess_V_q90,S5,CROWN|0.01|ZD,59.81186579563913,results/exp3_ml_real/jul2014/summary_feat24.json
d,jul2014,feat24,excess_Z_median,S5,CROWN|0.01|ZD,3.085281001683933,results/exp3_ml_real/jul2014/summary_feat24.json
d,jul2014,feat24,excess_Z_q10,S5,CROWN|0.01|ZD,2.1739885591735635,results/exp3_ml_real/jul2014/summary_feat24.json
d,jul2014,feat24,excess_Z_q90,S5,CROWN|0.01|ZD,5.101387690295958,results/exp3_ml_real/jul2014/summary_feat24.json
d,jul2014,feat24,excess_n,S5,CROWN|0.01|ZD,576,results/exp3_ml_real/jul2014/summary_feat24.json
d,jul2014,feat24,excess_V_median,S2,CROWN|0.01|ZD,1.3684692104687204,results/exp3_ml_real/jul2014/summary_feat24.json
d,jul2014,feat24,excess_V_q10,S2,CROWN|0.01|ZD,1.2492947203131308,results/exp3_ml_real/jul2014/summary_feat24.json
d,jul2014,feat24,excess_V_q90,S2,CROWN|0.01|ZD,1.541373257419206,results/exp3_ml_real/jul2014/summary_feat24.json
d,jul2014,feat24,excess_Z_median,S2,CROWN|0.01|ZD,1.1655000492566443,results/exp3_ml_real/jul2014/summary_feat24.json
d,jul2014,feat24,excess_Z_q10,S2,CROWN|0.01|ZD,1.084825744486891,results/exp3_ml_real/jul2014/summary_feat24.json
d,jul2014,feat24,excess_Z_q90,S2,CROWN|0.01|ZD,1.2307161722663646,results/exp3_ml_real/jul2014/summary_feat24.json
d,jul2014,feat24,excess_n,S2,CROWN|0.01|ZD,288,results/exp3_ml_real/jul2014/summary_feat24.json
d,jan2014,mlp,excess_V_median,S5,CROWN|0.01|ZD,4.772909660890031,results/exp3_ml_real/jan2014/summary_mlp.json
d,jan2014,mlp,excess_V_q10,S5,CROWN|0.01|ZD,3.4051958025841085,results/exp3_ml_real/jan2014/summary_mlp.json
d,jan2014,mlp,excess_V_q90,S5,CROWN|0.01|ZD,6.746796436798639,results/exp3_ml_real/jan2014/summary_mlp.json
d,jan2014,mlp,excess_Z_median,S5,CROWN|0.01|ZD,2.1695768119621928,results/exp3_ml_real/jan2014/summary_mlp.json
d,jan2014,mlp,excess_Z_q10,S5,CROWN|0.01|ZD,1.6046546673287962,results/exp3_ml_real/jan2014/summary_mlp.json
d,jan2014,mlp,excess_Z_q90,S5,CROWN|0.01|ZD,2.6524020603617777,results/exp3_ml_real/jan2014/summary_mlp.json
d,jan2014,mlp,excess_n,S5,CROWN|0.01|ZD,545,results/exp3_ml_real/jan2014/summary_mlp.json
d,jan2014,mlp,excess_V_median,S2,CROWN|0.01|ZD,2.034313480944639,results/exp3_ml_real/jan2014/summary_mlp.json
d,jan2014,mlp,excess_V_q10,S2,CROWN|0.01|ZD,1.5892914798255382,results/exp3_ml_real/jan2014/summary_mlp.json
d,jan2014,mlp,excess_V_q90,S2,CROWN|0.01|ZD,2.2587597326133015,results/exp3_ml_real/jan2014/summary_mlp.json
d,jan2014,mlp,excess_Z_median,S2,CROWN|0.01|ZD,1.650104061651994,results/exp3_ml_real/jan2014/summary_mlp.json
d,jan2014,mlp,excess_Z_q10,S2,CROWN|0.01|ZD,1.3779085852003157,results/exp3_ml_real/jan2014/summary_mlp.json
d,jan2014,mlp,excess_Z_q90,S2,CROWN|0.01|ZD,1.914406988224957,results/exp3_ml_real/jan2014/summary_mlp.json
d,jan2014,mlp,excess_n,S2,CROWN|0.01|ZD,282,results/exp3_ml_real/jan2014/summary_mlp.json
d,jan2014,feat,excess_V_median,S5,CROWN|0.01|ZD,5.73569033428807,results/exp3_ml_real/jan2014/summary_feat.json
d,jan2014,feat,excess_V_q10,S5,CROWN|0.01|ZD,3.4902548080598423,results/exp3_ml_real/jan2014/summary_feat.json
d,jan2014,feat,excess_V_q90,S5,CROWN|0.01|ZD,10.034885505299446,results/exp3_ml_real/jan2014/summary_feat.json
d,jan2014,feat,excess_Z_median,S5,CROWN|0.01|ZD,1.554291687232519,results/exp3_ml_real/jan2014/summary_feat.json
d,jan2014,feat,excess_Z_q10,S5,CROWN|0.01|ZD,1.3405953818901684,results/exp3_ml_real/jan2014/summary_feat.json
d,jan2014,feat,excess_Z_q90,S5,CROWN|0.01|ZD,1.8864983617009168,results/exp3_ml_real/jan2014/summary_feat.json
d,jan2014,feat,excess_n,S5,CROWN|0.01|ZD,576,results/exp3_ml_real/jan2014/summary_feat.json
d,jan2014,feat,excess_V_median,S2,CROWN|0.01|ZD,1.6702409658074298,results/exp3_ml_real/jan2014/summary_feat.json
d,jan2014,feat,excess_V_q10,S2,CROWN|0.01|ZD,1.3622595427543596,results/exp3_ml_real/jan2014/summary_feat.json
d,jan2014,feat,excess_V_q90,S2,CROWN|0.01|ZD,1.9841683087427044,results/exp3_ml_real/jan2014/summary_feat.json
d,jan2014,feat,excess_Z_median,S2,CROWN|0.01|ZD,1.3103016048911984,results/exp3_ml_real/jan2014/summary_feat.json
d,jan2014,feat,excess_Z_q10,S2,CROWN|0.01|ZD,1.1792257649977111,results/exp3_ml_real/jan2014/summary_feat.json
d,jan2014,feat,excess_Z_q90,S2,CROWN|0.01|ZD,1.4815414171952999,results/exp3_ml_real/jan2014/summary_feat.json
d,jan2014,feat,excess_n,S2,CROWN|0.01|ZD,288,results/exp3_ml_real/jan2014/summary_feat.json
d,jan2014,feat24,excess_V_median,S5,CROWN|0.01|ZD,23.83714099887849,results/exp3_ml_real/jan2014/summary_feat24.json
d,jan2014,feat24,excess_V_q10,S5,CROWN|0.01|ZD,12.127808714422816,results/exp3_ml_real/jan2014/summary_feat24.json
d,jan2014,feat24,excess_V_q90,S5,CROWN|0.01|ZD,54.88456250733539,results/exp3_ml_real/jan2014/summary_feat24.json
d,jan2014,feat24,excess_Z_median,S5,CROWN|0.01|ZD,3.035556070550633,results/exp3_ml_real/jan2014/summary_feat24.json
d,jan2014,feat24,excess_Z_q10,S5,CROWN|0.01|ZD,2.186254635326315,results/exp3_ml_real/jan2014/summary_feat24.json
d,jan2014,feat24,excess_Z_q90,S5,CROWN|0.01|ZD,4.090022779422155,results/exp3_ml_real/jan2014/summary_feat24.json
d,jan2014,feat24,excess_n,S5,CROWN|0.01|ZD,576,results/exp3_ml_real/jan2014/summary_feat24.json
d,jan2014,feat24,excess_V_median,S2,CROWN|0.01|ZD,1.520308595923427,results/exp3_ml_real/jan2014/summary_feat24.json
d,jan2014,feat24,excess_V_q10,S2,CROWN|0.01|ZD,1.3022794680178233,results/exp3_ml_real/jan2014/summary_feat24.json
d,jan2014,feat24,excess_V_q90,S2,CROWN|0.01|ZD,1.853213161512479,results/exp3_ml_real/jan2014/summary_feat24.json
d,jan2014,feat24,excess_Z_median,S2,CROWN|0.01|ZD,1.1822323422776408,results/exp3_ml_real/jan2014/summary_feat24.json
d,jan2014,feat24,excess_Z_q10,S2,CROWN|0.01|ZD,1.120178214829119,results/exp3_ml_real/jan2014/summary_feat24.json
d,jan2014,feat24,excess_Z_q90,S2,CROWN|0.01|ZD,1.2662928678254453,results/exp3_ml_real/jan2014/summary_feat24.json
d,jan2014,feat24,excess_n,S2,CROWN|0.01|ZD,288,results/exp3_ml_real/jan2014/summary_feat24.json
e,synthetic,mlp,decision_V_certified_invariant,S2,CROWN|0.01|ZD,2,results/exp3_ml/summary_mlp.json
e,synthetic,mlp,decision_V_certified_sensitive,S2,CROWN|0.01|ZD,26,results/exp3_ml/summary_mlp.json
e,synthetic,mlp,decision_V_witnessed_sensitive_nominal,S2,CROWN|0.01|ZD,4,results/exp3_ml/summary_mlp.json
e,synthetic,mlp,decision_V_witnessed_flip_perturbation,S2,CROWN|0.01|ZD,3,results/exp3_ml/summary_mlp.json
e,synthetic,mlp,decision_V_open,S2,CROWN|0.01|ZD,1,results/exp3_ml/summary_mlp.json
e,synthetic,mlp,decision_V_n,S2,CROWN|0.01|ZD,36,results/exp3_ml/summary_mlp.json
e,synthetic,mlp,decision_Z_certified_invariant,S2,CROWN|0.01|ZD,2,results/exp3_ml/summary_mlp.json
e,synthetic,mlp,decision_Z_certified_sensitive,S2,CROWN|0.01|ZD,26,results/exp3_ml/summary_mlp.json
e,synthetic,mlp,decision_Z_witnessed_sensitive_nominal,S2,CROWN|0.01|ZD,4,results/exp3_ml/summary_mlp.json
e,synthetic,mlp,decision_Z_witnessed_flip_perturbation,S2,CROWN|0.01|ZD,3,results/exp3_ml/summary_mlp.json
e,synthetic,mlp,decision_Z_open,S2,CROWN|0.01|ZD,1,results/exp3_ml/summary_mlp.json
e,synthetic,mlp,decision_Z_n,S2,CROWN|0.01|ZD,36,results/exp3_ml/summary_mlp.json
e,synthetic,mlp,decision_V_certified_invariant,S3,CROWN|0.01|ZD,18,results/exp3_ml/summary_mlp.json
e,synthetic,mlp,decision_V_certified_sensitive,S3,CROWN|0.01|ZD,2,results/exp3_ml/summary_mlp.json
e,synthetic,mlp,decision_V_witnessed_sensitive_nominal,S3,CROWN|0.01|ZD,9,results/exp3_ml/summary_mlp.json
e,synthetic,mlp,decision_V_witnessed_flip_perturbation,S3,CROWN|0.01|ZD,3,results/exp3_ml/summary_mlp.json
e,synthetic,mlp,decision_V_open,S3,CROWN|0.01|ZD,4,results/exp3_ml/summary_mlp.json
e,synthetic,mlp,decision_V_n,S3,CROWN|0.01|ZD,36,results/exp3_ml/summary_mlp.json
e,synthetic,mlp,decision_Z_certified_invariant,S3,CROWN|0.01|ZD,18,results/exp3_ml/summary_mlp.json
e,synthetic,mlp,decision_Z_certified_sensitive,S3,CROWN|0.01|ZD,2,results/exp3_ml/summary_mlp.json
e,synthetic,mlp,decision_Z_witnessed_sensitive_nominal,S3,CROWN|0.01|ZD,9,results/exp3_ml/summary_mlp.json
e,synthetic,mlp,decision_Z_witnessed_flip_perturbation,S3,CROWN|0.01|ZD,3,results/exp3_ml/summary_mlp.json
e,synthetic,mlp,decision_Z_open,S3,CROWN|0.01|ZD,4,results/exp3_ml/summary_mlp.json
e,synthetic,mlp,decision_Z_n,S3,CROWN|0.01|ZD,36,results/exp3_ml/summary_mlp.json
e,synthetic,mlp,decision_V_certified_invariant,S5,CROWN|0.01|ZD,0,results/exp3_ml/summary_mlp.json
e,synthetic,mlp,decision_V_certified_sensitive,S5,CROWN|0.01|ZD,37,results/exp3_ml/summary_mlp.json
e,synthetic,mlp,decision_V_witnessed_sensitive_nominal,S5,CROWN|0.01|ZD,30,results/exp3_ml/summary_mlp.json
e,synthetic,mlp,decision_V_witnessed_flip_perturbation,S5,CROWN|0.01|ZD,3,results/exp3_ml/summary_mlp.json
e,synthetic,mlp,decision_V_open,S5,CROWN|0.01|ZD,2,results/exp3_ml/summary_mlp.json
e,synthetic,mlp,decision_V_n,S5,CROWN|0.01|ZD,72,results/exp3_ml/summary_mlp.json
e,synthetic,mlp,decision_Z_certified_invariant,S5,CROWN|0.01|ZD,0,results/exp3_ml/summary_mlp.json
e,synthetic,mlp,decision_Z_certified_sensitive,S5,CROWN|0.01|ZD,50,results/exp3_ml/summary_mlp.json
e,synthetic,mlp,decision_Z_witnessed_sensitive_nominal,S5,CROWN|0.01|ZD,17,results/exp3_ml/summary_mlp.json
e,synthetic,mlp,decision_Z_witnessed_flip_perturbation,S5,CROWN|0.01|ZD,3,results/exp3_ml/summary_mlp.json
e,synthetic,mlp,decision_Z_open,S5,CROWN|0.01|ZD,2,results/exp3_ml/summary_mlp.json
e,synthetic,mlp,decision_Z_n,S5,CROWN|0.01|ZD,72,results/exp3_ml/summary_mlp.json
e,synthetic,mlp,decision_V_certified_invariant,S2,CROWN|0.02|ZD,1,results/exp3_ml/summary_mlp.json
e,synthetic,mlp,decision_V_certified_sensitive,S2,CROWN|0.02|ZD,22,results/exp3_ml/summary_mlp.json
e,synthetic,mlp,decision_V_witnessed_sensitive_nominal,S2,CROWN|0.02|ZD,8,results/exp3_ml/summary_mlp.json
e,synthetic,mlp,decision_V_witnessed_flip_perturbation,S2,CROWN|0.02|ZD,4,results/exp3_ml/summary_mlp.json
e,synthetic,mlp,decision_V_open,S2,CROWN|0.02|ZD,1,results/exp3_ml/summary_mlp.json
e,synthetic,mlp,decision_V_n,S2,CROWN|0.02|ZD,36,results/exp3_ml/summary_mlp.json
e,synthetic,mlp,decision_Z_certified_invariant,S2,CROWN|0.02|ZD,1,results/exp3_ml/summary_mlp.json
e,synthetic,mlp,decision_Z_certified_sensitive,S2,CROWN|0.02|ZD,23,results/exp3_ml/summary_mlp.json
e,synthetic,mlp,decision_Z_witnessed_sensitive_nominal,S2,CROWN|0.02|ZD,7,results/exp3_ml/summary_mlp.json
e,synthetic,mlp,decision_Z_witnessed_flip_perturbation,S2,CROWN|0.02|ZD,4,results/exp3_ml/summary_mlp.json
e,synthetic,mlp,decision_Z_open,S2,CROWN|0.02|ZD,1,results/exp3_ml/summary_mlp.json
e,synthetic,mlp,decision_Z_n,S2,CROWN|0.02|ZD,36,results/exp3_ml/summary_mlp.json
e,synthetic,mlp,decision_V_certified_invariant,S3,CROWN|0.02|ZD,9,results/exp3_ml/summary_mlp.json
e,synthetic,mlp,decision_V_certified_sensitive,S3,CROWN|0.02|ZD,1,results/exp3_ml/summary_mlp.json
e,synthetic,mlp,decision_V_witnessed_sensitive_nominal,S3,CROWN|0.02|ZD,10,results/exp3_ml/summary_mlp.json
e,synthetic,mlp,decision_V_witnessed_flip_perturbation,S3,CROWN|0.02|ZD,6,results/exp3_ml/summary_mlp.json
e,synthetic,mlp,decision_V_open,S3,CROWN|0.02|ZD,10,results/exp3_ml/summary_mlp.json
e,synthetic,mlp,decision_V_n,S3,CROWN|0.02|ZD,36,results/exp3_ml/summary_mlp.json
e,synthetic,mlp,decision_Z_certified_invariant,S3,CROWN|0.02|ZD,9,results/exp3_ml/summary_mlp.json
e,synthetic,mlp,decision_Z_certified_sensitive,S3,CROWN|0.02|ZD,1,results/exp3_ml/summary_mlp.json
e,synthetic,mlp,decision_Z_witnessed_sensitive_nominal,S3,CROWN|0.02|ZD,10,results/exp3_ml/summary_mlp.json
e,synthetic,mlp,decision_Z_witnessed_flip_perturbation,S3,CROWN|0.02|ZD,6,results/exp3_ml/summary_mlp.json
e,synthetic,mlp,decision_Z_open,S3,CROWN|0.02|ZD,10,results/exp3_ml/summary_mlp.json
e,synthetic,mlp,decision_Z_n,S3,CROWN|0.02|ZD,36,results/exp3_ml/summary_mlp.json
e,synthetic,mlp,decision_V_certified_invariant,S5,CROWN|0.02|ZD,0,results/exp3_ml/summary_mlp.json
e,synthetic,mlp,decision_V_certified_sensitive,S5,CROWN|0.02|ZD,13,results/exp3_ml/summary_mlp.json
e,synthetic,mlp,decision_V_witnessed_sensitive_nominal,S5,CROWN|0.02|ZD,54,results/exp3_ml/summary_mlp.json
e,synthetic,mlp,decision_V_witnessed_flip_perturbation,S5,CROWN|0.02|ZD,5,results/exp3_ml/summary_mlp.json
e,synthetic,mlp,decision_V_open,S5,CROWN|0.02|ZD,0,results/exp3_ml/summary_mlp.json
e,synthetic,mlp,decision_V_n,S5,CROWN|0.02|ZD,72,results/exp3_ml/summary_mlp.json
e,synthetic,mlp,decision_Z_certified_invariant,S5,CROWN|0.02|ZD,0,results/exp3_ml/summary_mlp.json
e,synthetic,mlp,decision_Z_certified_sensitive,S5,CROWN|0.02|ZD,32,results/exp3_ml/summary_mlp.json
e,synthetic,mlp,decision_Z_witnessed_sensitive_nominal,S5,CROWN|0.02|ZD,35,results/exp3_ml/summary_mlp.json
e,synthetic,mlp,decision_Z_witnessed_flip_perturbation,S5,CROWN|0.02|ZD,5,results/exp3_ml/summary_mlp.json
e,synthetic,mlp,decision_Z_open,S5,CROWN|0.02|ZD,0,results/exp3_ml/summary_mlp.json
e,synthetic,mlp,decision_Z_n,S5,CROWN|0.02|ZD,72,results/exp3_ml/summary_mlp.json
e,synthetic,feat,decision_V_certified_invariant,S2,CROWN|0.01|ZD,1,results/exp3_ml/summary_feat.json
e,synthetic,feat,decision_V_certified_sensitive,S2,CROWN|0.01|ZD,33,results/exp3_ml/summary_feat.json
e,synthetic,feat,decision_V_witnessed_sensitive_nominal,S2,CROWN|0.01|ZD,1,results/exp3_ml/summary_feat.json
e,synthetic,feat,decision_V_witnessed_flip_perturbation,S2,CROWN|0.01|ZD,0,results/exp3_ml/summary_feat.json
e,synthetic,feat,decision_V_open,S2,CROWN|0.01|ZD,1,results/exp3_ml/summary_feat.json
e,synthetic,feat,decision_V_n,S2,CROWN|0.01|ZD,36,results/exp3_ml/summary_feat.json
e,synthetic,feat,decision_Z_certified_invariant,S2,CROWN|0.01|ZD,1,results/exp3_ml/summary_feat.json
e,synthetic,feat,decision_Z_certified_sensitive,S2,CROWN|0.01|ZD,33,results/exp3_ml/summary_feat.json
e,synthetic,feat,decision_Z_witnessed_sensitive_nominal,S2,CROWN|0.01|ZD,1,results/exp3_ml/summary_feat.json
e,synthetic,feat,decision_Z_witnessed_flip_perturbation,S2,CROWN|0.01|ZD,0,results/exp3_ml/summary_feat.json
e,synthetic,feat,decision_Z_open,S2,CROWN|0.01|ZD,1,results/exp3_ml/summary_feat.json
e,synthetic,feat,decision_Z_n,S2,CROWN|0.01|ZD,36,results/exp3_ml/summary_feat.json
e,synthetic,feat,decision_V_certified_invariant,S3,CROWN|0.01|ZD,15,results/exp3_ml/summary_feat.json
e,synthetic,feat,decision_V_certified_sensitive,S3,CROWN|0.01|ZD,11,results/exp3_ml/summary_feat.json
e,synthetic,feat,decision_V_witnessed_sensitive_nominal,S3,CROWN|0.01|ZD,4,results/exp3_ml/summary_feat.json
e,synthetic,feat,decision_V_witnessed_flip_perturbation,S3,CROWN|0.01|ZD,4,results/exp3_ml/summary_feat.json
e,synthetic,feat,decision_V_open,S3,CROWN|0.01|ZD,2,results/exp3_ml/summary_feat.json
e,synthetic,feat,decision_V_n,S3,CROWN|0.01|ZD,36,results/exp3_ml/summary_feat.json
e,synthetic,feat,decision_Z_certified_invariant,S3,CROWN|0.01|ZD,15,results/exp3_ml/summary_feat.json
e,synthetic,feat,decision_Z_certified_sensitive,S3,CROWN|0.01|ZD,12,results/exp3_ml/summary_feat.json
e,synthetic,feat,decision_Z_witnessed_sensitive_nominal,S3,CROWN|0.01|ZD,3,results/exp3_ml/summary_feat.json
e,synthetic,feat,decision_Z_witnessed_flip_perturbation,S3,CROWN|0.01|ZD,4,results/exp3_ml/summary_feat.json
e,synthetic,feat,decision_Z_open,S3,CROWN|0.01|ZD,2,results/exp3_ml/summary_feat.json
e,synthetic,feat,decision_Z_n,S3,CROWN|0.01|ZD,36,results/exp3_ml/summary_feat.json
e,synthetic,feat,decision_V_certified_invariant,S5,CROWN|0.01|ZD,0,results/exp3_ml/summary_feat.json
e,synthetic,feat,decision_V_certified_sensitive,S5,CROWN|0.01|ZD,43,results/exp3_ml/summary_feat.json
e,synthetic,feat,decision_V_witnessed_sensitive_nominal,S5,CROWN|0.01|ZD,27,results/exp3_ml/summary_feat.json
e,synthetic,feat,decision_V_witnessed_flip_perturbation,S5,CROWN|0.01|ZD,0,results/exp3_ml/summary_feat.json
e,synthetic,feat,decision_V_open,S5,CROWN|0.01|ZD,2,results/exp3_ml/summary_feat.json
e,synthetic,feat,decision_V_n,S5,CROWN|0.01|ZD,72,results/exp3_ml/summary_feat.json
e,synthetic,feat,decision_Z_certified_invariant,S5,CROWN|0.01|ZD,1,results/exp3_ml/summary_feat.json
e,synthetic,feat,decision_Z_certified_sensitive,S5,CROWN|0.01|ZD,66,results/exp3_ml/summary_feat.json
e,synthetic,feat,decision_Z_witnessed_sensitive_nominal,S5,CROWN|0.01|ZD,4,results/exp3_ml/summary_feat.json
e,synthetic,feat,decision_Z_witnessed_flip_perturbation,S5,CROWN|0.01|ZD,0,results/exp3_ml/summary_feat.json
e,synthetic,feat,decision_Z_open,S5,CROWN|0.01|ZD,1,results/exp3_ml/summary_feat.json
e,synthetic,feat,decision_Z_n,S5,CROWN|0.01|ZD,72,results/exp3_ml/summary_feat.json
e,synthetic,feat,decision_V_certified_invariant,S2,CROWN|0.02|ZD,1,results/exp3_ml/summary_feat.json
e,synthetic,feat,decision_V_certified_sensitive,S2,CROWN|0.02|ZD,31,results/exp3_ml/summary_feat.json
e,synthetic,feat,decision_V_witnessed_sensitive_nominal,S2,CROWN|0.02|ZD,3,results/exp3_ml/summary_feat.json
e,synthetic,feat,decision_V_witnessed_flip_perturbation,S2,CROWN|0.02|ZD,1,results/exp3_ml/summary_feat.json
e,synthetic,feat,decision_V_open,S2,CROWN|0.02|ZD,0,results/exp3_ml/summary_feat.json
e,synthetic,feat,decision_V_n,S2,CROWN|0.02|ZD,36,results/exp3_ml/summary_feat.json
e,synthetic,feat,decision_Z_certified_invariant,S2,CROWN|0.02|ZD,1,results/exp3_ml/summary_feat.json
e,synthetic,feat,decision_Z_certified_sensitive,S2,CROWN|0.02|ZD,32,results/exp3_ml/summary_feat.json
e,synthetic,feat,decision_Z_witnessed_sensitive_nominal,S2,CROWN|0.02|ZD,2,results/exp3_ml/summary_feat.json
e,synthetic,feat,decision_Z_witnessed_flip_perturbation,S2,CROWN|0.02|ZD,1,results/exp3_ml/summary_feat.json
e,synthetic,feat,decision_Z_open,S2,CROWN|0.02|ZD,0,results/exp3_ml/summary_feat.json
e,synthetic,feat,decision_Z_n,S2,CROWN|0.02|ZD,36,results/exp3_ml/summary_feat.json
e,synthetic,feat,decision_V_certified_invariant,S3,CROWN|0.02|ZD,11,results/exp3_ml/summary_feat.json
e,synthetic,feat,decision_V_certified_sensitive,S3,CROWN|0.02|ZD,6,results/exp3_ml/summary_feat.json
e,synthetic,feat,decision_V_witnessed_sensitive_nominal,S3,CROWN|0.02|ZD,9,results/exp3_ml/summary_feat.json
e,synthetic,feat,decision_V_witnessed_flip_perturbation,S3,CROWN|0.02|ZD,8,results/exp3_ml/summary_feat.json
e,synthetic,feat,decision_V_open,S3,CROWN|0.02|ZD,2,results/exp3_ml/summary_feat.json
e,synthetic,feat,decision_V_n,S3,CROWN|0.02|ZD,36,results/exp3_ml/summary_feat.json
e,synthetic,feat,decision_Z_certified_invariant,S3,CROWN|0.02|ZD,11,results/exp3_ml/summary_feat.json
e,synthetic,feat,decision_Z_certified_sensitive,S3,CROWN|0.02|ZD,6,results/exp3_ml/summary_feat.json
e,synthetic,feat,decision_Z_witnessed_sensitive_nominal,S3,CROWN|0.02|ZD,9,results/exp3_ml/summary_feat.json
e,synthetic,feat,decision_Z_witnessed_flip_perturbation,S3,CROWN|0.02|ZD,8,results/exp3_ml/summary_feat.json
e,synthetic,feat,decision_Z_open,S3,CROWN|0.02|ZD,2,results/exp3_ml/summary_feat.json
e,synthetic,feat,decision_Z_n,S3,CROWN|0.02|ZD,36,results/exp3_ml/summary_feat.json
e,synthetic,feat,decision_V_certified_invariant,S5,CROWN|0.02|ZD,0,results/exp3_ml/summary_feat.json
e,synthetic,feat,decision_V_certified_sensitive,S5,CROWN|0.02|ZD,25,results/exp3_ml/summary_feat.json
e,synthetic,feat,decision_V_witnessed_sensitive_nominal,S5,CROWN|0.02|ZD,45,results/exp3_ml/summary_feat.json
e,synthetic,feat,decision_V_witnessed_flip_perturbation,S5,CROWN|0.02|ZD,1,results/exp3_ml/summary_feat.json
e,synthetic,feat,decision_V_open,S5,CROWN|0.02|ZD,1,results/exp3_ml/summary_feat.json
e,synthetic,feat,decision_V_n,S5,CROWN|0.02|ZD,72,results/exp3_ml/summary_feat.json
e,synthetic,feat,decision_Z_certified_invariant,S5,CROWN|0.02|ZD,0,results/exp3_ml/summary_feat.json
e,synthetic,feat,decision_Z_certified_sensitive,S5,CROWN|0.02|ZD,55,results/exp3_ml/summary_feat.json
e,synthetic,feat,decision_Z_witnessed_sensitive_nominal,S5,CROWN|0.02|ZD,15,results/exp3_ml/summary_feat.json
e,synthetic,feat,decision_Z_witnessed_flip_perturbation,S5,CROWN|0.02|ZD,1,results/exp3_ml/summary_feat.json
e,synthetic,feat,decision_Z_open,S5,CROWN|0.02|ZD,1,results/exp3_ml/summary_feat.json
e,synthetic,feat,decision_Z_n,S5,CROWN|0.02|ZD,72,results/exp3_ml/summary_feat.json
e,synthetic,feat24,decision_V_certified_invariant,S2,CROWN|0.01|ZD,3,results/exp3_ml/summary_feat24.json
e,synthetic,feat24,decision_V_certified_sensitive,S2,CROWN|0.01|ZD,30,results/exp3_ml/summary_feat24.json
e,synthetic,feat24,decision_V_witnessed_sensitive_nominal,S2,CROWN|0.01|ZD,2,results/exp3_ml/summary_feat24.json
e,synthetic,feat24,decision_V_witnessed_flip_perturbation,S2,CROWN|0.01|ZD,1,results/exp3_ml/summary_feat24.json
e,synthetic,feat24,decision_V_open,S2,CROWN|0.01|ZD,0,results/exp3_ml/summary_feat24.json
e,synthetic,feat24,decision_V_n,S2,CROWN|0.01|ZD,36,results/exp3_ml/summary_feat24.json
e,synthetic,feat24,decision_Z_certified_invariant,S2,CROWN|0.01|ZD,3,results/exp3_ml/summary_feat24.json
e,synthetic,feat24,decision_Z_certified_sensitive,S2,CROWN|0.01|ZD,30,results/exp3_ml/summary_feat24.json
e,synthetic,feat24,decision_Z_witnessed_sensitive_nominal,S2,CROWN|0.01|ZD,2,results/exp3_ml/summary_feat24.json
e,synthetic,feat24,decision_Z_witnessed_flip_perturbation,S2,CROWN|0.01|ZD,1,results/exp3_ml/summary_feat24.json
e,synthetic,feat24,decision_Z_open,S2,CROWN|0.01|ZD,0,results/exp3_ml/summary_feat24.json
e,synthetic,feat24,decision_Z_n,S2,CROWN|0.01|ZD,36,results/exp3_ml/summary_feat24.json
e,synthetic,feat24,decision_V_certified_invariant,S3,CROWN|0.01|ZD,18,results/exp3_ml/summary_feat24.json
e,synthetic,feat24,decision_V_certified_sensitive,S3,CROWN|0.01|ZD,4,results/exp3_ml/summary_feat24.json
e,synthetic,feat24,decision_V_witnessed_sensitive_nominal,S3,CROWN|0.01|ZD,9,results/exp3_ml/summary_feat24.json
e,synthetic,feat24,decision_V_witnessed_flip_perturbation,S3,CROWN|0.01|ZD,3,results/exp3_ml/summary_feat24.json
e,synthetic,feat24,decision_V_open,S3,CROWN|0.01|ZD,2,results/exp3_ml/summary_feat24.json
e,synthetic,feat24,decision_V_n,S3,CROWN|0.01|ZD,36,results/exp3_ml/summary_feat24.json
e,synthetic,feat24,decision_Z_certified_invariant,S3,CROWN|0.01|ZD,18,results/exp3_ml/summary_feat24.json
e,synthetic,feat24,decision_Z_certified_sensitive,S3,CROWN|0.01|ZD,4,results/exp3_ml/summary_feat24.json
e,synthetic,feat24,decision_Z_witnessed_sensitive_nominal,S3,CROWN|0.01|ZD,9,results/exp3_ml/summary_feat24.json
e,synthetic,feat24,decision_Z_witnessed_flip_perturbation,S3,CROWN|0.01|ZD,3,results/exp3_ml/summary_feat24.json
e,synthetic,feat24,decision_Z_open,S3,CROWN|0.01|ZD,2,results/exp3_ml/summary_feat24.json
e,synthetic,feat24,decision_Z_n,S3,CROWN|0.01|ZD,36,results/exp3_ml/summary_feat24.json
e,synthetic,feat24,decision_V_certified_invariant,S5,CROWN|0.01|ZD,0,results/exp3_ml/summary_feat24.json
e,synthetic,feat24,decision_V_certified_sensitive,S5,CROWN|0.01|ZD,4,results/exp3_ml/summary_feat24.json
e,synthetic,feat24,decision_V_witnessed_sensitive_nominal,S5,CROWN|0.01|ZD,56,results/exp3_ml/summary_feat24.json
e,synthetic,feat24,decision_V_witnessed_flip_perturbation,S5,CROWN|0.01|ZD,2,results/exp3_ml/summary_feat24.json
e,synthetic,feat24,decision_V_open,S5,CROWN|0.01|ZD,10,results/exp3_ml/summary_feat24.json
e,synthetic,feat24,decision_V_n,S5,CROWN|0.01|ZD,72,results/exp3_ml/summary_feat24.json
e,synthetic,feat24,decision_Z_certified_invariant,S5,CROWN|0.01|ZD,6,results/exp3_ml/summary_feat24.json
e,synthetic,feat24,decision_Z_certified_sensitive,S5,CROWN|0.01|ZD,39,results/exp3_ml/summary_feat24.json
e,synthetic,feat24,decision_Z_witnessed_sensitive_nominal,S5,CROWN|0.01|ZD,21,results/exp3_ml/summary_feat24.json
e,synthetic,feat24,decision_Z_witnessed_flip_perturbation,S5,CROWN|0.01|ZD,2,results/exp3_ml/summary_feat24.json
e,synthetic,feat24,decision_Z_open,S5,CROWN|0.01|ZD,4,results/exp3_ml/summary_feat24.json
e,synthetic,feat24,decision_Z_n,S5,CROWN|0.01|ZD,72,results/exp3_ml/summary_feat24.json
e,synthetic,feat24,decision_V_certified_invariant,S2,CROWN|0.02|ZD,1,results/exp3_ml/summary_feat24.json
e,synthetic,feat24,decision_V_certified_sensitive,S2,CROWN|0.02|ZD,29,results/exp3_ml/summary_feat24.json
e,synthetic,feat24,decision_V_witnessed_sensitive_nominal,S2,CROWN|0.02|ZD,3,results/exp3_ml/summary_feat24.json
e,synthetic,feat24,decision_V_witnessed_flip_perturbation,S2,CROWN|0.02|ZD,2,results/exp3_ml/summary_feat24.json
e,synthetic,feat24,decision_V_open,S2,CROWN|0.02|ZD,1,results/exp3_ml/summary_feat24.json
e,synthetic,feat24,decision_V_n,S2,CROWN|0.02|ZD,36,results/exp3_ml/summary_feat24.json
e,synthetic,feat24,decision_Z_certified_invariant,S2,CROWN|0.02|ZD,1,results/exp3_ml/summary_feat24.json
e,synthetic,feat24,decision_Z_certified_sensitive,S2,CROWN|0.02|ZD,29,results/exp3_ml/summary_feat24.json
e,synthetic,feat24,decision_Z_witnessed_sensitive_nominal,S2,CROWN|0.02|ZD,3,results/exp3_ml/summary_feat24.json
e,synthetic,feat24,decision_Z_witnessed_flip_perturbation,S2,CROWN|0.02|ZD,2,results/exp3_ml/summary_feat24.json
e,synthetic,feat24,decision_Z_open,S2,CROWN|0.02|ZD,1,results/exp3_ml/summary_feat24.json
e,synthetic,feat24,decision_Z_n,S2,CROWN|0.02|ZD,36,results/exp3_ml/summary_feat24.json
e,synthetic,feat24,decision_V_certified_invariant,S3,CROWN|0.02|ZD,12,results/exp3_ml/summary_feat24.json
e,synthetic,feat24,decision_V_certified_sensitive,S3,CROWN|0.02|ZD,0,results/exp3_ml/summary_feat24.json
e,synthetic,feat24,decision_V_witnessed_sensitive_nominal,S3,CROWN|0.02|ZD,13,results/exp3_ml/summary_feat24.json
e,synthetic,feat24,decision_V_witnessed_flip_perturbation,S3,CROWN|0.02|ZD,7,results/exp3_ml/summary_feat24.json
e,synthetic,feat24,decision_V_open,S3,CROWN|0.02|ZD,4,results/exp3_ml/summary_feat24.json
e,synthetic,feat24,decision_V_n,S3,CROWN|0.02|ZD,36,results/exp3_ml/summary_feat24.json
e,synthetic,feat24,decision_Z_certified_invariant,S3,CROWN|0.02|ZD,12,results/exp3_ml/summary_feat24.json
e,synthetic,feat24,decision_Z_certified_sensitive,S3,CROWN|0.02|ZD,0,results/exp3_ml/summary_feat24.json
e,synthetic,feat24,decision_Z_witnessed_sensitive_nominal,S3,CROWN|0.02|ZD,13,results/exp3_ml/summary_feat24.json
e,synthetic,feat24,decision_Z_witnessed_flip_perturbation,S3,CROWN|0.02|ZD,7,results/exp3_ml/summary_feat24.json
e,synthetic,feat24,decision_Z_open,S3,CROWN|0.02|ZD,4,results/exp3_ml/summary_feat24.json
e,synthetic,feat24,decision_Z_n,S3,CROWN|0.02|ZD,36,results/exp3_ml/summary_feat24.json
e,synthetic,feat24,decision_V_certified_invariant,S5,CROWN|0.02|ZD,0,results/exp3_ml/summary_feat24.json
e,synthetic,feat24,decision_V_certified_sensitive,S5,CROWN|0.02|ZD,0,results/exp3_ml/summary_feat24.json
e,synthetic,feat24,decision_V_witnessed_sensitive_nominal,S5,CROWN|0.02|ZD,60,results/exp3_ml/summary_feat24.json
e,synthetic,feat24,decision_V_witnessed_flip_perturbation,S5,CROWN|0.02|ZD,4,results/exp3_ml/summary_feat24.json
e,synthetic,feat24,decision_V_open,S5,CROWN|0.02|ZD,8,results/exp3_ml/summary_feat24.json
e,synthetic,feat24,decision_V_n,S5,CROWN|0.02|ZD,72,results/exp3_ml/summary_feat24.json
e,synthetic,feat24,decision_Z_certified_invariant,S5,CROWN|0.02|ZD,0,results/exp3_ml/summary_feat24.json
e,synthetic,feat24,decision_Z_certified_sensitive,S5,CROWN|0.02|ZD,14,results/exp3_ml/summary_feat24.json
e,synthetic,feat24,decision_Z_witnessed_sensitive_nominal,S5,CROWN|0.02|ZD,46,results/exp3_ml/summary_feat24.json
e,synthetic,feat24,decision_Z_witnessed_flip_perturbation,S5,CROWN|0.02|ZD,4,results/exp3_ml/summary_feat24.json
e,synthetic,feat24,decision_Z_open,S5,CROWN|0.02|ZD,8,results/exp3_ml/summary_feat24.json
e,synthetic,feat24,decision_Z_n,S5,CROWN|0.02|ZD,72,results/exp3_ml/summary_feat24.json
e,jul2014,mlp,decision_V_certified_invariant,S2,CROWN|0.01|ZD,2,results/exp3_ml_real/jul2014/summary_mlp.json
e,jul2014,mlp,decision_V_certified_sensitive,S2,CROWN|0.01|ZD,27,results/exp3_ml_real/jul2014/summary_mlp.json
e,jul2014,mlp,decision_V_witnessed_sensitive_nominal,S2,CROWN|0.01|ZD,6,results/exp3_ml_real/jul2014/summary_mlp.json
e,jul2014,mlp,decision_V_witnessed_flip_perturbation,S2,CROWN|0.01|ZD,0,results/exp3_ml_real/jul2014/summary_mlp.json
e,jul2014,mlp,decision_V_open,S2,CROWN|0.01|ZD,1,results/exp3_ml_real/jul2014/summary_mlp.json
e,jul2014,mlp,decision_V_n,S2,CROWN|0.01|ZD,36,results/exp3_ml_real/jul2014/summary_mlp.json
e,jul2014,mlp,decision_Z_certified_invariant,S2,CROWN|0.01|ZD,2,results/exp3_ml_real/jul2014/summary_mlp.json
e,jul2014,mlp,decision_Z_certified_sensitive,S2,CROWN|0.01|ZD,27,results/exp3_ml_real/jul2014/summary_mlp.json
e,jul2014,mlp,decision_Z_witnessed_sensitive_nominal,S2,CROWN|0.01|ZD,6,results/exp3_ml_real/jul2014/summary_mlp.json
e,jul2014,mlp,decision_Z_witnessed_flip_perturbation,S2,CROWN|0.01|ZD,0,results/exp3_ml_real/jul2014/summary_mlp.json
e,jul2014,mlp,decision_Z_open,S2,CROWN|0.01|ZD,1,results/exp3_ml_real/jul2014/summary_mlp.json
e,jul2014,mlp,decision_Z_n,S2,CROWN|0.01|ZD,36,results/exp3_ml_real/jul2014/summary_mlp.json
e,jul2014,mlp,decision_V_certified_invariant,S3,CROWN|0.01|ZD,20,results/exp3_ml_real/jul2014/summary_mlp.json
e,jul2014,mlp,decision_V_certified_sensitive,S3,CROWN|0.01|ZD,1,results/exp3_ml_real/jul2014/summary_mlp.json
e,jul2014,mlp,decision_V_witnessed_sensitive_nominal,S3,CROWN|0.01|ZD,7,results/exp3_ml_real/jul2014/summary_mlp.json
e,jul2014,mlp,decision_V_witnessed_flip_perturbation,S3,CROWN|0.01|ZD,4,results/exp3_ml_real/jul2014/summary_mlp.json
e,jul2014,mlp,decision_V_open,S3,CROWN|0.01|ZD,4,results/exp3_ml_real/jul2014/summary_mlp.json
e,jul2014,mlp,decision_V_n,S3,CROWN|0.01|ZD,36,results/exp3_ml_real/jul2014/summary_mlp.json
e,jul2014,mlp,decision_Z_certified_invariant,S3,CROWN|0.01|ZD,21,results/exp3_ml_real/jul2014/summary_mlp.json
e,jul2014,mlp,decision_Z_certified_sensitive,S3,CROWN|0.01|ZD,1,results/exp3_ml_real/jul2014/summary_mlp.json
e,jul2014,mlp,decision_Z_witnessed_sensitive_nominal,S3,CROWN|0.01|ZD,7,results/exp3_ml_real/jul2014/summary_mlp.json
e,jul2014,mlp,decision_Z_witnessed_flip_perturbation,S3,CROWN|0.01|ZD,4,results/exp3_ml_real/jul2014/summary_mlp.json
e,jul2014,mlp,decision_Z_open,S3,CROWN|0.01|ZD,3,results/exp3_ml_real/jul2014/summary_mlp.json
e,jul2014,mlp,decision_Z_n,S3,CROWN|0.01|ZD,36,results/exp3_ml_real/jul2014/summary_mlp.json
e,jul2014,mlp,decision_V_certified_invariant,S5,CROWN|0.01|ZD,0,results/exp3_ml_real/jul2014/summary_mlp.json
e,jul2014,mlp,decision_V_certified_sensitive,S5,CROWN|0.01|ZD,24,results/exp3_ml_real/jul2014/summary_mlp.json
e,jul2014,mlp,decision_V_witnessed_sensitive_nominal,S5,CROWN|0.01|ZD,48,results/exp3_ml_real/jul2014/summary_mlp.json
e,jul2014,mlp,decision_V_witnessed_flip_perturbation,S5,CROWN|0.01|ZD,0,results/exp3_ml_real/jul2014/summary_mlp.json
e,jul2014,mlp,decision_V_open,S5,CROWN|0.01|ZD,0,results/exp3_ml_real/jul2014/summary_mlp.json
e,jul2014,mlp,decision_V_n,S5,CROWN|0.01|ZD,72,results/exp3_ml_real/jul2014/summary_mlp.json
e,jul2014,mlp,decision_Z_certified_invariant,S5,CROWN|0.01|ZD,0,results/exp3_ml_real/jul2014/summary_mlp.json
e,jul2014,mlp,decision_Z_certified_sensitive,S5,CROWN|0.01|ZD,59,results/exp3_ml_real/jul2014/summary_mlp.json
e,jul2014,mlp,decision_Z_witnessed_sensitive_nominal,S5,CROWN|0.01|ZD,13,results/exp3_ml_real/jul2014/summary_mlp.json
e,jul2014,mlp,decision_Z_witnessed_flip_perturbation,S5,CROWN|0.01|ZD,0,results/exp3_ml_real/jul2014/summary_mlp.json
e,jul2014,mlp,decision_Z_open,S5,CROWN|0.01|ZD,0,results/exp3_ml_real/jul2014/summary_mlp.json
e,jul2014,mlp,decision_Z_n,S5,CROWN|0.01|ZD,72,results/exp3_ml_real/jul2014/summary_mlp.json
e,jul2014,mlp,decision_V_certified_invariant,S2,CROWN|0.02|ZD,0,results/exp3_ml_real/jul2014/summary_mlp.json
e,jul2014,mlp,decision_V_certified_sensitive,S2,CROWN|0.02|ZD,17,results/exp3_ml_real/jul2014/summary_mlp.json
e,jul2014,mlp,decision_V_witnessed_sensitive_nominal,S2,CROWN|0.02|ZD,16,results/exp3_ml_real/jul2014/summary_mlp.json
e,jul2014,mlp,decision_V_witnessed_flip_perturbation,S2,CROWN|0.02|ZD,1,results/exp3_ml_real/jul2014/summary_mlp.json
e,jul2014,mlp,decision_V_open,S2,CROWN|0.02|ZD,2,results/exp3_ml_real/jul2014/summary_mlp.json
e,jul2014,mlp,decision_V_n,S2,CROWN|0.02|ZD,36,results/exp3_ml_real/jul2014/summary_mlp.json
e,jul2014,mlp,decision_Z_certified_invariant,S2,CROWN|0.02|ZD,1,results/exp3_ml_real/jul2014/summary_mlp.json
e,jul2014,mlp,decision_Z_certified_sensitive,S2,CROWN|0.02|ZD,23,results/exp3_ml_real/jul2014/summary_mlp.json
e,jul2014,mlp,decision_Z_witnessed_sensitive_nominal,S2,CROWN|0.02|ZD,10,results/exp3_ml_real/jul2014/summary_mlp.json
e,jul2014,mlp,decision_Z_witnessed_flip_perturbation,S2,CROWN|0.02|ZD,1,results/exp3_ml_real/jul2014/summary_mlp.json
e,jul2014,mlp,decision_Z_open,S2,CROWN|0.02|ZD,1,results/exp3_ml_real/jul2014/summary_mlp.json
e,jul2014,mlp,decision_Z_n,S2,CROWN|0.02|ZD,36,results/exp3_ml_real/jul2014/summary_mlp.json
e,jul2014,mlp,decision_V_certified_invariant,S3,CROWN|0.02|ZD,16,results/exp3_ml_real/jul2014/summary_mlp.json
e,jul2014,mlp,decision_V_certified_sensitive,S3,CROWN|0.02|ZD,0,results/exp3_ml_real/jul2014/summary_mlp.json
e,jul2014,mlp,decision_V_witnessed_sensitive_nominal,S3,CROWN|0.02|ZD,8,results/exp3_ml_real/jul2014/summary_mlp.json
e,jul2014,mlp,decision_V_witnessed_flip_perturbation,S3,CROWN|0.02|ZD,7,results/exp3_ml_real/jul2014/summary_mlp.json
e,jul2014,mlp,decision_V_open,S3,CROWN|0.02|ZD,5,results/exp3_ml_real/jul2014/summary_mlp.json
e,jul2014,mlp,decision_V_n,S3,CROWN|0.02|ZD,36,results/exp3_ml_real/jul2014/summary_mlp.json
e,jul2014,mlp,decision_Z_certified_invariant,S3,CROWN|0.02|ZD,16,results/exp3_ml_real/jul2014/summary_mlp.json
e,jul2014,mlp,decision_Z_certified_sensitive,S3,CROWN|0.02|ZD,0,results/exp3_ml_real/jul2014/summary_mlp.json
e,jul2014,mlp,decision_Z_witnessed_sensitive_nominal,S3,CROWN|0.02|ZD,8,results/exp3_ml_real/jul2014/summary_mlp.json
e,jul2014,mlp,decision_Z_witnessed_flip_perturbation,S3,CROWN|0.02|ZD,7,results/exp3_ml_real/jul2014/summary_mlp.json
e,jul2014,mlp,decision_Z_open,S3,CROWN|0.02|ZD,5,results/exp3_ml_real/jul2014/summary_mlp.json
e,jul2014,mlp,decision_Z_n,S3,CROWN|0.02|ZD,36,results/exp3_ml_real/jul2014/summary_mlp.json
e,jul2014,mlp,decision_V_certified_invariant,S5,CROWN|0.02|ZD,0,results/exp3_ml_real/jul2014/summary_mlp.json
e,jul2014,mlp,decision_V_certified_sensitive,S5,CROWN|0.02|ZD,1,results/exp3_ml_real/jul2014/summary_mlp.json
e,jul2014,mlp,decision_V_witnessed_sensitive_nominal,S5,CROWN|0.02|ZD,71,results/exp3_ml_real/jul2014/summary_mlp.json
e,jul2014,mlp,decision_V_witnessed_flip_perturbation,S5,CROWN|0.02|ZD,0,results/exp3_ml_real/jul2014/summary_mlp.json
e,jul2014,mlp,decision_V_open,S5,CROWN|0.02|ZD,0,results/exp3_ml_real/jul2014/summary_mlp.json
e,jul2014,mlp,decision_V_n,S5,CROWN|0.02|ZD,72,results/exp3_ml_real/jul2014/summary_mlp.json
e,jul2014,mlp,decision_Z_certified_invariant,S5,CROWN|0.02|ZD,0,results/exp3_ml_real/jul2014/summary_mlp.json
e,jul2014,mlp,decision_Z_certified_sensitive,S5,CROWN|0.02|ZD,19,results/exp3_ml_real/jul2014/summary_mlp.json
e,jul2014,mlp,decision_Z_witnessed_sensitive_nominal,S5,CROWN|0.02|ZD,53,results/exp3_ml_real/jul2014/summary_mlp.json
e,jul2014,mlp,decision_Z_witnessed_flip_perturbation,S5,CROWN|0.02|ZD,0,results/exp3_ml_real/jul2014/summary_mlp.json
e,jul2014,mlp,decision_Z_open,S5,CROWN|0.02|ZD,0,results/exp3_ml_real/jul2014/summary_mlp.json
e,jul2014,mlp,decision_Z_n,S5,CROWN|0.02|ZD,72,results/exp3_ml_real/jul2014/summary_mlp.json
e,jul2014,feat,decision_V_certified_invariant,S2,CROWN|0.01|ZD,4,results/exp3_ml_real/jul2014/summary_feat.json
e,jul2014,feat,decision_V_certified_sensitive,S2,CROWN|0.01|ZD,27,results/exp3_ml_real/jul2014/summary_feat.json
e,jul2014,feat,decision_V_witnessed_sensitive_nominal,S2,CROWN|0.01|ZD,2,results/exp3_ml_real/jul2014/summary_feat.json
e,jul2014,feat,decision_V_witnessed_flip_perturbation,S2,CROWN|0.01|ZD,1,results/exp3_ml_real/jul2014/summary_feat.json
e,jul2014,feat,decision_V_open,S2,CROWN|0.01|ZD,2,results/exp3_ml_real/jul2014/summary_feat.json
e,jul2014,feat,decision_V_n,S2,CROWN|0.01|ZD,36,results/exp3_ml_real/jul2014/summary_feat.json
e,jul2014,feat,decision_Z_certified_invariant,S2,CROWN|0.01|ZD,5,results/exp3_ml_real/jul2014/summary_feat.json
e,jul2014,feat,decision_Z_certified_sensitive,S2,CROWN|0.01|ZD,28,results/exp3_ml_real/jul2014/summary_feat.json
e,jul2014,feat,decision_Z_witnessed_sensitive_nominal,S2,CROWN|0.01|ZD,1,results/exp3_ml_real/jul2014/summary_feat.json
e,jul2014,feat,decision_Z_witnessed_flip_perturbation,S2,CROWN|0.01|ZD,1,results/exp3_ml_real/jul2014/summary_feat.json
e,jul2014,feat,decision_Z_open,S2,CROWN|0.01|ZD,1,results/exp3_ml_real/jul2014/summary_feat.json
e,jul2014,feat,decision_Z_n,S2,CROWN|0.01|ZD,36,results/exp3_ml_real/jul2014/summary_feat.json
e,jul2014,feat,decision_V_certified_invariant,S3,CROWN|0.01|ZD,27,results/exp3_ml_real/jul2014/summary_feat.json
e,jul2014,feat,decision_V_certified_sensitive,S3,CROWN|0.01|ZD,1,results/exp3_ml_real/jul2014/summary_feat.json
e,jul2014,feat,decision_V_witnessed_sensitive_nominal,S3,CROWN|0.01|ZD,6,results/exp3_ml_real/jul2014/summary_feat.json
e,jul2014,feat,decision_V_witnessed_flip_perturbation,S3,CROWN|0.01|ZD,1,results/exp3_ml_real/jul2014/summary_feat.json
e,jul2014,feat,decision_V_open,S3,CROWN|0.01|ZD,1,results/exp3_ml_real/jul2014/summary_feat.json
e,jul2014,feat,decision_V_n,S3,CROWN|0.01|ZD,36,results/exp3_ml_real/jul2014/summary_feat.json
e,jul2014,feat,decision_Z_certified_invariant,S3,CROWN|0.01|ZD,27,results/exp3_ml_real/jul2014/summary_feat.json
e,jul2014,feat,decision_Z_certified_sensitive,S3,CROWN|0.01|ZD,1,results/exp3_ml_real/jul2014/summary_feat.json
e,jul2014,feat,decision_Z_witnessed_sensitive_nominal,S3,CROWN|0.01|ZD,6,results/exp3_ml_real/jul2014/summary_feat.json
e,jul2014,feat,decision_Z_witnessed_flip_perturbation,S3,CROWN|0.01|ZD,1,results/exp3_ml_real/jul2014/summary_feat.json
e,jul2014,feat,decision_Z_open,S3,CROWN|0.01|ZD,1,results/exp3_ml_real/jul2014/summary_feat.json
e,jul2014,feat,decision_Z_n,S3,CROWN|0.01|ZD,36,results/exp3_ml_real/jul2014/summary_feat.json
e,jul2014,feat,decision_V_certified_invariant,S5,CROWN|0.01|ZD,0,results/exp3_ml_real/jul2014/summary_feat.json
e,jul2014,feat,decision_V_certified_sensitive,S5,CROWN|0.01|ZD,53,results/exp3_ml_real/jul2014/summary_feat.json
e,jul2014,feat,decision_V_witnessed_sensitive_nominal,S5,CROWN|0.01|ZD,18,results/exp3_ml_real/jul2014/summary_feat.json
e,jul2014,feat,decision_V_witnessed_flip_perturbation,S5,CROWN|0.01|ZD,1,results/exp3_ml_real/jul2014/summary_feat.json
e,jul2014,feat,decision_V_open,S5,CROWN|0.01|ZD,0,results/exp3_ml_real/jul2014/summary_feat.json
e,jul2014,feat,decision_V_n,S5,CROWN|0.01|ZD,72,results/exp3_ml_real/jul2014/summary_feat.json
e,jul2014,feat,decision_Z_certified_invariant,S5,CROWN|0.01|ZD,0,results/exp3_ml_real/jul2014/summary_feat.json
e,jul2014,feat,decision_Z_certified_sensitive,S5,CROWN|0.01|ZD,68,results/exp3_ml_real/jul2014/summary_feat.json
e,jul2014,feat,decision_Z_witnessed_sensitive_nominal,S5,CROWN|0.01|ZD,3,results/exp3_ml_real/jul2014/summary_feat.json
e,jul2014,feat,decision_Z_witnessed_flip_perturbation,S5,CROWN|0.01|ZD,1,results/exp3_ml_real/jul2014/summary_feat.json
e,jul2014,feat,decision_Z_open,S5,CROWN|0.01|ZD,0,results/exp3_ml_real/jul2014/summary_feat.json
e,jul2014,feat,decision_Z_n,S5,CROWN|0.01|ZD,72,results/exp3_ml_real/jul2014/summary_feat.json
e,jul2014,feat,decision_V_certified_invariant,S2,CROWN|0.02|ZD,1,results/exp3_ml_real/jul2014/summary_feat.json
e,jul2014,feat,decision_V_certified_sensitive,S2,CROWN|0.02|ZD,21,results/exp3_ml_real/jul2014/summary_feat.json
e,jul2014,feat,decision_V_witnessed_sensitive_nominal,S2,CROWN|0.02|ZD,8,results/exp3_ml_real/jul2014/summary_feat.json
e,jul2014,feat,decision_V_witnessed_flip_perturbation,S2,CROWN|0.02|ZD,3,results/exp3_ml_real/jul2014/summary_feat.json
e,jul2014,feat,decision_V_open,S2,CROWN|0.02|ZD,3,results/exp3_ml_real/jul2014/summary_feat.json
e,jul2014,feat,decision_V_n,S2,CROWN|0.02|ZD,36,results/exp3_ml_real/jul2014/summary_feat.json
e,jul2014,feat,decision_Z_certified_invariant,S2,CROWN|0.02|ZD,3,results/exp3_ml_real/jul2014/summary_feat.json
e,jul2014,feat,decision_Z_certified_sensitive,S2,CROWN|0.02|ZD,24,results/exp3_ml_real/jul2014/summary_feat.json
e,jul2014,feat,decision_Z_witnessed_sensitive_nominal,S2,CROWN|0.02|ZD,5,results/exp3_ml_real/jul2014/summary_feat.json
e,jul2014,feat,decision_Z_witnessed_flip_perturbation,S2,CROWN|0.02|ZD,3,results/exp3_ml_real/jul2014/summary_feat.json
e,jul2014,feat,decision_Z_open,S2,CROWN|0.02|ZD,1,results/exp3_ml_real/jul2014/summary_feat.json
e,jul2014,feat,decision_Z_n,S2,CROWN|0.02|ZD,36,results/exp3_ml_real/jul2014/summary_feat.json
e,jul2014,feat,decision_V_certified_invariant,S3,CROWN|0.02|ZD,21,results/exp3_ml_real/jul2014/summary_feat.json
e,jul2014,feat,decision_V_certified_sensitive,S3,CROWN|0.02|ZD,1,results/exp3_ml_real/jul2014/summary_feat.json
e,jul2014,feat,decision_V_witnessed_sensitive_nominal,S3,CROWN|0.02|ZD,6,results/exp3_ml_real/jul2014/summary_feat.json
e,jul2014,feat,decision_V_witnessed_flip_perturbation,S3,CROWN|0.02|ZD,8,results/exp3_ml_real/jul2014/summary_feat.json
e,jul2014,feat,decision_V_open,S3,CROWN|0.02|ZD,0,results/exp3_ml_real/jul2014/summary_feat.json
e,jul2014,feat,decision_V_n,S3,CROWN|0.02|ZD,36,results/exp3_ml_real/jul2014/summary_feat.json
e,jul2014,feat,decision_Z_certified_invariant,S3,CROWN|0.02|ZD,21,results/exp3_ml_real/jul2014/summary_feat.json
e,jul2014,feat,decision_Z_certified_sensitive,S3,CROWN|0.02|ZD,1,results/exp3_ml_real/jul2014/summary_feat.json
e,jul2014,feat,decision_Z_witnessed_sensitive_nominal,S3,CROWN|0.02|ZD,6,results/exp3_ml_real/jul2014/summary_feat.json
e,jul2014,feat,decision_Z_witnessed_flip_perturbation,S3,CROWN|0.02|ZD,8,results/exp3_ml_real/jul2014/summary_feat.json
e,jul2014,feat,decision_Z_open,S3,CROWN|0.02|ZD,0,results/exp3_ml_real/jul2014/summary_feat.json
e,jul2014,feat,decision_Z_n,S3,CROWN|0.02|ZD,36,results/exp3_ml_real/jul2014/summary_feat.json
e,jul2014,feat,decision_V_certified_invariant,S5,CROWN|0.02|ZD,0,results/exp3_ml_real/jul2014/summary_feat.json
e,jul2014,feat,decision_V_certified_sensitive,S5,CROWN|0.02|ZD,21,results/exp3_ml_real/jul2014/summary_feat.json
e,jul2014,feat,decision_V_witnessed_sensitive_nominal,S5,CROWN|0.02|ZD,50,results/exp3_ml_real/jul2014/summary_feat.json
e,jul2014,feat,decision_V_witnessed_flip_perturbation,S5,CROWN|0.02|ZD,1,results/exp3_ml_real/jul2014/summary_feat.json
e,jul2014,feat,decision_V_open,S5,CROWN|0.02|ZD,0,results/exp3_ml_real/jul2014/summary_feat.json
e,jul2014,feat,decision_V_n,S5,CROWN|0.02|ZD,72,results/exp3_ml_real/jul2014/summary_feat.json
e,jul2014,feat,decision_Z_certified_invariant,S5,CROWN|0.02|ZD,0,results/exp3_ml_real/jul2014/summary_feat.json
e,jul2014,feat,decision_Z_certified_sensitive,S5,CROWN|0.02|ZD,66,results/exp3_ml_real/jul2014/summary_feat.json
e,jul2014,feat,decision_Z_witnessed_sensitive_nominal,S5,CROWN|0.02|ZD,5,results/exp3_ml_real/jul2014/summary_feat.json
e,jul2014,feat,decision_Z_witnessed_flip_perturbation,S5,CROWN|0.02|ZD,1,results/exp3_ml_real/jul2014/summary_feat.json
e,jul2014,feat,decision_Z_open,S5,CROWN|0.02|ZD,0,results/exp3_ml_real/jul2014/summary_feat.json
e,jul2014,feat,decision_Z_n,S5,CROWN|0.02|ZD,72,results/exp3_ml_real/jul2014/summary_feat.json
e,jul2014,feat24,decision_V_certified_invariant,S2,CROWN|0.01|ZD,3,results/exp3_ml_real/jul2014/summary_feat24.json
e,jul2014,feat24,decision_V_certified_sensitive,S2,CROWN|0.01|ZD,28,results/exp3_ml_real/jul2014/summary_feat24.json
e,jul2014,feat24,decision_V_witnessed_sensitive_nominal,S2,CROWN|0.01|ZD,4,results/exp3_ml_real/jul2014/summary_feat24.json
e,jul2014,feat24,decision_V_witnessed_flip_perturbation,S2,CROWN|0.01|ZD,1,results/exp3_ml_real/jul2014/summary_feat24.json
e,jul2014,feat24,decision_V_open,S2,CROWN|0.01|ZD,0,results/exp3_ml_real/jul2014/summary_feat24.json
e,jul2014,feat24,decision_V_n,S2,CROWN|0.01|ZD,36,results/exp3_ml_real/jul2014/summary_feat24.json
e,jul2014,feat24,decision_Z_certified_invariant,S2,CROWN|0.01|ZD,3,results/exp3_ml_real/jul2014/summary_feat24.json
e,jul2014,feat24,decision_Z_certified_sensitive,S2,CROWN|0.01|ZD,31,results/exp3_ml_real/jul2014/summary_feat24.json
e,jul2014,feat24,decision_Z_witnessed_sensitive_nominal,S2,CROWN|0.01|ZD,1,results/exp3_ml_real/jul2014/summary_feat24.json
e,jul2014,feat24,decision_Z_witnessed_flip_perturbation,S2,CROWN|0.01|ZD,1,results/exp3_ml_real/jul2014/summary_feat24.json
e,jul2014,feat24,decision_Z_open,S2,CROWN|0.01|ZD,0,results/exp3_ml_real/jul2014/summary_feat24.json
e,jul2014,feat24,decision_Z_n,S2,CROWN|0.01|ZD,36,results/exp3_ml_real/jul2014/summary_feat24.json
e,jul2014,feat24,decision_V_certified_invariant,S3,CROWN|0.01|ZD,28,results/exp3_ml_real/jul2014/summary_feat24.json
e,jul2014,feat24,decision_V_certified_sensitive,S3,CROWN|0.01|ZD,3,results/exp3_ml_real/jul2014/summary_feat24.json
e,jul2014,feat24,decision_V_witnessed_sensitive_nominal,S3,CROWN|0.01|ZD,0,results/exp3_ml_real/jul2014/summary_feat24.json
e,jul2014,feat24,decision_V_witnessed_flip_perturbation,S3,CROWN|0.01|ZD,5,results/exp3_ml_real/jul2014/summary_feat24.json
e,jul2014,feat24,decision_V_open,S3,CROWN|0.01|ZD,0,results/exp3_ml_real/jul2014/summary_feat24.json
e,jul2014,feat24,decision_V_n,S3,CROWN|0.01|ZD,36,results/exp3_ml_real/jul2014/summary_feat24.json
e,jul2014,feat24,decision_Z_certified_invariant,S3,CROWN|0.01|ZD,28,results/exp3_ml_real/jul2014/summary_feat24.json
e,jul2014,feat24,decision_Z_certified_sensitive,S3,CROWN|0.01|ZD,3,results/exp3_ml_real/jul2014/summary_feat24.json
e,jul2014,feat24,decision_Z_witnessed_sensitive_nominal,S3,CROWN|0.01|ZD,0,results/exp3_ml_real/jul2014/summary_feat24.json
e,jul2014,feat24,decision_Z_witnessed_flip_perturbation,S3,CROWN|0.01|ZD,5,results/exp3_ml_real/jul2014/summary_feat24.json
e,jul2014,feat24,decision_Z_open,S3,CROWN|0.01|ZD,0,results/exp3_ml_real/jul2014/summary_feat24.json
e,jul2014,feat24,decision_Z_n,S3,CROWN|0.01|ZD,36,results/exp3_ml_real/jul2014/summary_feat24.json
e,jul2014,feat24,decision_V_certified_invariant,S5,CROWN|0.01|ZD,0,results/exp3_ml_real/jul2014/summary_feat24.json
e,jul2014,feat24,decision_V_certified_sensitive,S5,CROWN|0.01|ZD,0,results/exp3_ml_real/jul2014/summary_feat24.json
e,jul2014,feat24,decision_V_witnessed_sensitive_nominal,S5,CROWN|0.01|ZD,44,results/exp3_ml_real/jul2014/summary_feat24.json
e,jul2014,feat24,decision_V_witnessed_flip_perturbation,S5,CROWN|0.01|ZD,4,results/exp3_ml_real/jul2014/summary_feat24.json
e,jul2014,feat24,decision_V_open,S5,CROWN|0.01|ZD,24,results/exp3_ml_real/jul2014/summary_feat24.json
e,jul2014,feat24,decision_V_n,S5,CROWN|0.01|ZD,72,results/exp3_ml_real/jul2014/summary_feat24.json
e,jul2014,feat24,decision_Z_certified_invariant,S5,CROWN|0.01|ZD,12,results/exp3_ml_real/jul2014/summary_feat24.json
e,jul2014,feat24,decision_Z_certified_sensitive,S5,CROWN|0.01|ZD,11,results/exp3_ml_real/jul2014/summary_feat24.json
e,jul2014,feat24,decision_Z_witnessed_sensitive_nominal,S5,CROWN|0.01|ZD,33,results/exp3_ml_real/jul2014/summary_feat24.json
e,jul2014,feat24,decision_Z_witnessed_flip_perturbation,S5,CROWN|0.01|ZD,4,results/exp3_ml_real/jul2014/summary_feat24.json
e,jul2014,feat24,decision_Z_open,S5,CROWN|0.01|ZD,12,results/exp3_ml_real/jul2014/summary_feat24.json
e,jul2014,feat24,decision_Z_n,S5,CROWN|0.01|ZD,72,results/exp3_ml_real/jul2014/summary_feat24.json
e,jul2014,feat24,decision_V_certified_invariant,S2,CROWN|0.02|ZD,0,results/exp3_ml_real/jul2014/summary_feat24.json
e,jul2014,feat24,decision_V_certified_sensitive,S2,CROWN|0.02|ZD,22,results/exp3_ml_real/jul2014/summary_feat24.json
e,jul2014,feat24,decision_V_witnessed_sensitive_nominal,S2,CROWN|0.02|ZD,10,results/exp3_ml_real/jul2014/summary_feat24.json
e,jul2014,feat24,decision_V_witnessed_flip_perturbation,S2,CROWN|0.02|ZD,1,results/exp3_ml_real/jul2014/summary_feat24.json
e,jul2014,feat24,decision_V_open,S2,CROWN|0.02|ZD,3,results/exp3_ml_real/jul2014/summary_feat24.json
e,jul2014,feat24,decision_V_n,S2,CROWN|0.02|ZD,36,results/exp3_ml_real/jul2014/summary_feat24.json
e,jul2014,feat24,decision_Z_certified_invariant,S2,CROWN|0.02|ZD,3,results/exp3_ml_real/jul2014/summary_feat24.json
e,jul2014,feat24,decision_Z_certified_sensitive,S2,CROWN|0.02|ZD,26,results/exp3_ml_real/jul2014/summary_feat24.json
e,jul2014,feat24,decision_Z_witnessed_sensitive_nominal,S2,CROWN|0.02|ZD,6,results/exp3_ml_real/jul2014/summary_feat24.json
e,jul2014,feat24,decision_Z_witnessed_flip_perturbation,S2,CROWN|0.02|ZD,1,results/exp3_ml_real/jul2014/summary_feat24.json
e,jul2014,feat24,decision_Z_open,S2,CROWN|0.02|ZD,0,results/exp3_ml_real/jul2014/summary_feat24.json
e,jul2014,feat24,decision_Z_n,S2,CROWN|0.02|ZD,36,results/exp3_ml_real/jul2014/summary_feat24.json
e,jul2014,feat24,decision_V_certified_invariant,S3,CROWN|0.02|ZD,20,results/exp3_ml_real/jul2014/summary_feat24.json
e,jul2014,feat24,decision_V_certified_sensitive,S3,CROWN|0.02|ZD,1,results/exp3_ml_real/jul2014/summary_feat24.json
e,jul2014,feat24,decision_V_witnessed_sensitive_nominal,S3,CROWN|0.02|ZD,2,results/exp3_ml_real/jul2014/summary_feat24.json
e,jul2014,feat24,decision_V_witnessed_flip_perturbation,S3,CROWN|0.02|ZD,12,results/exp3_ml_real/jul2014/summary_feat24.json
e,jul2014,feat24,decision_V_open,S3,CROWN|0.02|ZD,1,results/exp3_ml_real/jul2014/summary_feat24.json
e,jul2014,feat24,decision_V_n,S3,CROWN|0.02|ZD,36,results/exp3_ml_real/jul2014/summary_feat24.json
e,jul2014,feat24,decision_Z_certified_invariant,S3,CROWN|0.02|ZD,21,results/exp3_ml_real/jul2014/summary_feat24.json
e,jul2014,feat24,decision_Z_certified_sensitive,S3,CROWN|0.02|ZD,1,results/exp3_ml_real/jul2014/summary_feat24.json
e,jul2014,feat24,decision_Z_witnessed_sensitive_nominal,S3,CROWN|0.02|ZD,2,results/exp3_ml_real/jul2014/summary_feat24.json
e,jul2014,feat24,decision_Z_witnessed_flip_perturbation,S3,CROWN|0.02|ZD,12,results/exp3_ml_real/jul2014/summary_feat24.json
e,jul2014,feat24,decision_Z_open,S3,CROWN|0.02|ZD,0,results/exp3_ml_real/jul2014/summary_feat24.json
e,jul2014,feat24,decision_Z_n,S3,CROWN|0.02|ZD,36,results/exp3_ml_real/jul2014/summary_feat24.json
e,jul2014,feat24,decision_V_certified_invariant,S5,CROWN|0.02|ZD,0,results/exp3_ml_real/jul2014/summary_feat24.json
e,jul2014,feat24,decision_V_certified_sensitive,S5,CROWN|0.02|ZD,0,results/exp3_ml_real/jul2014/summary_feat24.json
e,jul2014,feat24,decision_V_witnessed_sensitive_nominal,S5,CROWN|0.02|ZD,44,results/exp3_ml_real/jul2014/summary_feat24.json
e,jul2014,feat24,decision_V_witnessed_flip_perturbation,S5,CROWN|0.02|ZD,11,results/exp3_ml_real/jul2014/summary_feat24.json
e,jul2014,feat24,decision_V_open,S5,CROWN|0.02|ZD,17,results/exp3_ml_real/jul2014/summary_feat24.json
e,jul2014,feat24,decision_V_n,S5,CROWN|0.02|ZD,72,results/exp3_ml_real/jul2014/summary_feat24.json
e,jul2014,feat24,decision_Z_certified_invariant,S5,CROWN|0.02|ZD,3,results/exp3_ml_real/jul2014/summary_feat24.json
e,jul2014,feat24,decision_Z_certified_sensitive,S5,CROWN|0.02|ZD,2,results/exp3_ml_real/jul2014/summary_feat24.json
e,jul2014,feat24,decision_Z_witnessed_sensitive_nominal,S5,CROWN|0.02|ZD,42,results/exp3_ml_real/jul2014/summary_feat24.json
e,jul2014,feat24,decision_Z_witnessed_flip_perturbation,S5,CROWN|0.02|ZD,11,results/exp3_ml_real/jul2014/summary_feat24.json
e,jul2014,feat24,decision_Z_open,S5,CROWN|0.02|ZD,14,results/exp3_ml_real/jul2014/summary_feat24.json
e,jul2014,feat24,decision_Z_n,S5,CROWN|0.02|ZD,72,results/exp3_ml_real/jul2014/summary_feat24.json
e,jan2014,mlp,decision_V_certified_invariant,S2,CROWN|0.01|ZD,0,results/exp3_ml_real/jan2014/summary_mlp.json
e,jan2014,mlp,decision_V_certified_sensitive,S2,CROWN|0.01|ZD,19,results/exp3_ml_real/jan2014/summary_mlp.json
e,jan2014,mlp,decision_V_witnessed_sensitive_nominal,S2,CROWN|0.01|ZD,14,results/exp3_ml_real/jan2014/summary_mlp.json
e,jan2014,mlp,decision_V_witnessed_flip_perturbation,S2,CROWN|0.01|ZD,3,results/exp3_ml_real/jan2014/summary_mlp.json
e,jan2014,mlp,decision_V_open,S2,CROWN|0.01|ZD,0,results/exp3_ml_real/jan2014/summary_mlp.json
e,jan2014,mlp,decision_V_n,S2,CROWN|0.01|ZD,36,results/exp3_ml_real/jan2014/summary_mlp.json
e,jan2014,mlp,decision_Z_certified_invariant,S2,CROWN|0.01|ZD,0,results/exp3_ml_real/jan2014/summary_mlp.json
e,jan2014,mlp,decision_Z_certified_sensitive,S2,CROWN|0.01|ZD,21,results/exp3_ml_real/jan2014/summary_mlp.json
e,jan2014,mlp,decision_Z_witnessed_sensitive_nominal,S2,CROWN|0.01|ZD,12,results/exp3_ml_real/jan2014/summary_mlp.json
e,jan2014,mlp,decision_Z_witnessed_flip_perturbation,S2,CROWN|0.01|ZD,3,results/exp3_ml_real/jan2014/summary_mlp.json
e,jan2014,mlp,decision_Z_open,S2,CROWN|0.01|ZD,0,results/exp3_ml_real/jan2014/summary_mlp.json
e,jan2014,mlp,decision_Z_n,S2,CROWN|0.01|ZD,36,results/exp3_ml_real/jan2014/summary_mlp.json
e,jan2014,mlp,decision_V_certified_invariant,S3,CROWN|0.01|ZD,22,results/exp3_ml_real/jan2014/summary_mlp.json
e,jan2014,mlp,decision_V_certified_sensitive,S3,CROWN|0.01|ZD,0,results/exp3_ml_real/jan2014/summary_mlp.json
e,jan2014,mlp,decision_V_witnessed_sensitive_nominal,S3,CROWN|0.01|ZD,3,results/exp3_ml_real/jan2014/summary_mlp.json
e,jan2014,mlp,decision_V_witnessed_flip_perturbation,S3,CROWN|0.01|ZD,8,results/exp3_ml_real/jan2014/summary_mlp.json
e,jan2014,mlp,decision_V_open,S3,CROWN|0.01|ZD,3,results/exp3_ml_real/jan2014/summary_mlp.json
e,jan2014,mlp,decision_V_n,S3,CROWN|0.01|ZD,36,results/exp3_ml_real/jan2014/summary_mlp.json
e,jan2014,mlp,decision_Z_certified_invariant,S3,CROWN|0.01|ZD,22,results/exp3_ml_real/jan2014/summary_mlp.json
e,jan2014,mlp,decision_Z_certified_sensitive,S3,CROWN|0.01|ZD,0,results/exp3_ml_real/jan2014/summary_mlp.json
e,jan2014,mlp,decision_Z_witnessed_sensitive_nominal,S3,CROWN|0.01|ZD,3,results/exp3_ml_real/jan2014/summary_mlp.json
e,jan2014,mlp,decision_Z_witnessed_flip_perturbation,S3,CROWN|0.01|ZD,8,results/exp3_ml_real/jan2014/summary_mlp.json
e,jan2014,mlp,decision_Z_open,S3,CROWN|0.01|ZD,3,results/exp3_ml_real/jan2014/summary_mlp.json
e,jan2014,mlp,decision_Z_n,S3,CROWN|0.01|ZD,36,results/exp3_ml_real/jan2014/summary_mlp.json
e,jan2014,mlp,decision_V_certified_invariant,S5,CROWN|0.01|ZD,0,results/exp3_ml_real/jan2014/summary_mlp.json
e,jan2014,mlp,decision_V_certified_sensitive,S5,CROWN|0.01|ZD,40,results/exp3_ml_real/jan2014/summary_mlp.json
e,jan2014,mlp,decision_V_witnessed_sensitive_nominal,S5,CROWN|0.01|ZD,32,results/exp3_ml_real/jan2014/summary_mlp.json
e,jan2014,mlp,decision_V_witnessed_flip_perturbation,S5,CROWN|0.01|ZD,0,results/exp3_ml_real/jan2014/summary_mlp.json
e,jan2014,mlp,decision_V_open,S5,CROWN|0.01|ZD,0,results/exp3_ml_real/jan2014/summary_mlp.json
e,jan2014,mlp,decision_V_n,S5,CROWN|0.01|ZD,72,results/exp3_ml_real/jan2014/summary_mlp.json
e,jan2014,mlp,decision_Z_certified_invariant,S5,CROWN|0.01|ZD,0,results/exp3_ml_real/jan2014/summary_mlp.json
e,jan2014,mlp,decision_Z_certified_sensitive,S5,CROWN|0.01|ZD,72,results/exp3_ml_real/jan2014/summary_mlp.json
e,jan2014,mlp,decision_Z_witnessed_sensitive_nominal,S5,CROWN|0.01|ZD,0,results/exp3_ml_real/jan2014/summary_mlp.json
e,jan2014,mlp,decision_Z_witnessed_flip_perturbation,S5,CROWN|0.01|ZD,0,results/exp3_ml_real/jan2014/summary_mlp.json
e,jan2014,mlp,decision_Z_open,S5,CROWN|0.01|ZD,0,results/exp3_ml_real/jan2014/summary_mlp.json
e,jan2014,mlp,decision_Z_n,S5,CROWN|0.01|ZD,72,results/exp3_ml_real/jan2014/summary_mlp.json
e,jan2014,mlp,decision_V_certified_invariant,S2,CROWN|0.02|ZD,0,results/exp3_ml_real/jan2014/summary_mlp.json
e,jan2014,mlp,decision_V_certified_sensitive,S2,CROWN|0.02|ZD,8,results/exp3_ml_real/jan2014/summary_mlp.json
e,jan2014,mlp,decision_V_witnessed_sensitive_nominal,S2,CROWN|0.02|ZD,25,results/exp3_ml_real/jan2014/summary_mlp.json
e,jan2014,mlp,decision_V_witnessed_flip_perturbation,S2,CROWN|0.02|ZD,3,results/exp3_ml_real/jan2014/summary_mlp.json
e,jan2014,mlp,decision_V_open,S2,CROWN|0.02|ZD,0,results/exp3_ml_real/jan2014/summary_mlp.json
e,jan2014,mlp,decision_V_n,S2,CROWN|0.02|ZD,36,results/exp3_ml_real/jan2014/summary_mlp.json
e,jan2014,mlp,decision_Z_certified_invariant,S2,CROWN|0.02|ZD,0,results/exp3_ml_real/jan2014/summary_mlp.json
e,jan2014,mlp,decision_Z_certified_sensitive,S2,CROWN|0.02|ZD,11,results/exp3_ml_real/jan2014/summary_mlp.json
e,jan2014,mlp,decision_Z_witnessed_sensitive_nominal,S2,CROWN|0.02|ZD,22,results/exp3_ml_real/jan2014/summary_mlp.json
e,jan2014,mlp,decision_Z_witnessed_flip_perturbation,S2,CROWN|0.02|ZD,3,results/exp3_ml_real/jan2014/summary_mlp.json
e,jan2014,mlp,decision_Z_open,S2,CROWN|0.02|ZD,0,results/exp3_ml_real/jan2014/summary_mlp.json
e,jan2014,mlp,decision_Z_n,S2,CROWN|0.02|ZD,36,results/exp3_ml_real/jan2014/summary_mlp.json
e,jan2014,mlp,decision_V_certified_invariant,S3,CROWN|0.02|ZD,14,results/exp3_ml_real/jan2014/summary_mlp.json
e,jan2014,mlp,decision_V_certified_sensitive,S3,CROWN|0.02|ZD,0,results/exp3_ml_real/jan2014/summary_mlp.json
e,jan2014,mlp,decision_V_witnessed_sensitive_nominal,S3,CROWN|0.02|ZD,3,results/exp3_ml_real/jan2014/summary_mlp.json
e,jan2014,mlp,decision_V_witnessed_flip_perturbation,S3,CROWN|0.02|ZD,16,results/exp3_ml_real/jan2014/summary_mlp.json
e,jan2014,mlp,decision_V_open,S3,CROWN|0.02|ZD,3,results/exp3_ml_real/jan2014/summary_mlp.json
e,jan2014,mlp,decision_V_n,S3,CROWN|0.02|ZD,36,results/exp3_ml_real/jan2014/summary_mlp.json
e,jan2014,mlp,decision_Z_certified_invariant,S3,CROWN|0.02|ZD,14,results/exp3_ml_real/jan2014/summary_mlp.json
e,jan2014,mlp,decision_Z_certified_sensitive,S3,CROWN|0.02|ZD,0,results/exp3_ml_real/jan2014/summary_mlp.json
e,jan2014,mlp,decision_Z_witnessed_sensitive_nominal,S3,CROWN|0.02|ZD,3,results/exp3_ml_real/jan2014/summary_mlp.json
e,jan2014,mlp,decision_Z_witnessed_flip_perturbation,S3,CROWN|0.02|ZD,16,results/exp3_ml_real/jan2014/summary_mlp.json
e,jan2014,mlp,decision_Z_open,S3,CROWN|0.02|ZD,3,results/exp3_ml_real/jan2014/summary_mlp.json
e,jan2014,mlp,decision_Z_n,S3,CROWN|0.02|ZD,36,results/exp3_ml_real/jan2014/summary_mlp.json
e,jan2014,mlp,decision_V_certified_invariant,S5,CROWN|0.02|ZD,0,results/exp3_ml_real/jan2014/summary_mlp.json
e,jan2014,mlp,decision_V_certified_sensitive,S5,CROWN|0.02|ZD,1,results/exp3_ml_real/jan2014/summary_mlp.json
e,jan2014,mlp,decision_V_witnessed_sensitive_nominal,S5,CROWN|0.02|ZD,71,results/exp3_ml_real/jan2014/summary_mlp.json
e,jan2014,mlp,decision_V_witnessed_flip_perturbation,S5,CROWN|0.02|ZD,0,results/exp3_ml_real/jan2014/summary_mlp.json
e,jan2014,mlp,decision_V_open,S5,CROWN|0.02|ZD,0,results/exp3_ml_real/jan2014/summary_mlp.json
e,jan2014,mlp,decision_V_n,S5,CROWN|0.02|ZD,72,results/exp3_ml_real/jan2014/summary_mlp.json
e,jan2014,mlp,decision_Z_certified_invariant,S5,CROWN|0.02|ZD,0,results/exp3_ml_real/jan2014/summary_mlp.json
e,jan2014,mlp,decision_Z_certified_sensitive,S5,CROWN|0.02|ZD,41,results/exp3_ml_real/jan2014/summary_mlp.json
e,jan2014,mlp,decision_Z_witnessed_sensitive_nominal,S5,CROWN|0.02|ZD,31,results/exp3_ml_real/jan2014/summary_mlp.json
e,jan2014,mlp,decision_Z_witnessed_flip_perturbation,S5,CROWN|0.02|ZD,0,results/exp3_ml_real/jan2014/summary_mlp.json
e,jan2014,mlp,decision_Z_open,S5,CROWN|0.02|ZD,0,results/exp3_ml_real/jan2014/summary_mlp.json
e,jan2014,mlp,decision_Z_n,S5,CROWN|0.02|ZD,72,results/exp3_ml_real/jan2014/summary_mlp.json
e,jan2014,feat,decision_V_certified_invariant,S2,CROWN|0.01|ZD,0,results/exp3_ml_real/jan2014/summary_feat.json
e,jan2014,feat,decision_V_certified_sensitive,S2,CROWN|0.01|ZD,25,results/exp3_ml_real/jan2014/summary_feat.json
e,jan2014,feat,decision_V_witnessed_sensitive_nominal,S2,CROWN|0.01|ZD,9,results/exp3_ml_real/jan2014/summary_feat.json
e,jan2014,feat,decision_V_witnessed_flip_perturbation,S2,CROWN|0.01|ZD,2,results/exp3_ml_real/jan2014/summary_feat.json
e,jan2014,feat,decision_V_open,S2,CROWN|0.01|ZD,0,results/exp3_ml_real/jan2014/summary_feat.json
e,jan2014,feat,decision_V_n,S2,CROWN|0.01|ZD,36,results/exp3_ml_real/jan2014/summary_feat.json
e,jan2014,feat,decision_Z_certified_invariant,S2,CROWN|0.01|ZD,0,results/exp3_ml_real/jan2014/summary_feat.json
e,jan2014,feat,decision_Z_certified_sensitive,S2,CROWN|0.01|ZD,28,results/exp3_ml_real/jan2014/summary_feat.json
e,jan2014,feat,decision_Z_witnessed_sensitive_nominal,S2,CROWN|0.01|ZD,6,results/exp3_ml_real/jan2014/summary_feat.json
e,jan2014,feat,decision_Z_witnessed_flip_perturbation,S2,CROWN|0.01|ZD,2,results/exp3_ml_real/jan2014/summary_feat.json
e,jan2014,feat,decision_Z_open,S2,CROWN|0.01|ZD,0,results/exp3_ml_real/jan2014/summary_feat.json
e,jan2014,feat,decision_Z_n,S2,CROWN|0.01|ZD,36,results/exp3_ml_real/jan2014/summary_feat.json
e,jan2014,feat,decision_V_certified_invariant,S3,CROWN|0.01|ZD,22,results/exp3_ml_real/jan2014/summary_feat.json
e,jan2014,feat,decision_V_certified_sensitive,S3,CROWN|0.01|ZD,0,results/exp3_ml_real/jan2014/summary_feat.json
e,jan2014,feat,decision_V_witnessed_sensitive_nominal,S3,CROWN|0.01|ZD,1,results/exp3_ml_real/jan2014/summary_feat.json
e,jan2014,feat,decision_V_witnessed_flip_perturbation,S3,CROWN|0.01|ZD,11,results/exp3_ml_real/jan2014/summary_feat.json
e,jan2014,feat,decision_V_open,S3,CROWN|0.01|ZD,2,results/exp3_ml_real/jan2014/summary_feat.json
e,jan2014,feat,decision_V_n,S3,CROWN|0.01|ZD,36,results/exp3_ml_real/jan2014/summary_feat.json
e,jan2014,feat,decision_Z_certified_invariant,S3,CROWN|0.01|ZD,22,results/exp3_ml_real/jan2014/summary_feat.json
e,jan2014,feat,decision_Z_certified_sensitive,S3,CROWN|0.01|ZD,0,results/exp3_ml_real/jan2014/summary_feat.json
e,jan2014,feat,decision_Z_witnessed_sensitive_nominal,S3,CROWN|0.01|ZD,1,results/exp3_ml_real/jan2014/summary_feat.json
e,jan2014,feat,decision_Z_witnessed_flip_perturbation,S3,CROWN|0.01|ZD,11,results/exp3_ml_real/jan2014/summary_feat.json
e,jan2014,feat,decision_Z_open,S3,CROWN|0.01|ZD,2,results/exp3_ml_real/jan2014/summary_feat.json
e,jan2014,feat,decision_Z_n,S3,CROWN|0.01|ZD,36,results/exp3_ml_real/jan2014/summary_feat.json
e,jan2014,feat,decision_V_certified_invariant,S5,CROWN|0.01|ZD,0,results/exp3_ml_real/jan2014/summary_feat.json
e,jan2014,feat,decision_V_certified_sensitive,S5,CROWN|0.01|ZD,32,results/exp3_ml_real/jan2014/summary_feat.json
e,jan2014,feat,decision_V_witnessed_sensitive_nominal,S5,CROWN|0.01|ZD,38,results/exp3_ml_real/jan2014/summary_feat.json
e,jan2014,feat,decision_V_witnessed_flip_perturbation,S5,CROWN|0.01|ZD,2,results/exp3_ml_real/jan2014/summary_feat.json
e,jan2014,feat,decision_V_open,S5,CROWN|0.01|ZD,0,results/exp3_ml_real/jan2014/summary_feat.json
e,jan2014,feat,decision_V_n,S5,CROWN|0.01|ZD,72,results/exp3_ml_real/jan2014/summary_feat.json
e,jan2014,feat,decision_Z_certified_invariant,S5,CROWN|0.01|ZD,0,results/exp3_ml_real/jan2014/summary_feat.json
e,jan2014,feat,decision_Z_certified_sensitive,S5,CROWN|0.01|ZD,62,results/exp3_ml_real/jan2014/summary_feat.json
e,jan2014,feat,decision_Z_witnessed_sensitive_nominal,S5,CROWN|0.01|ZD,8,results/exp3_ml_real/jan2014/summary_feat.json
e,jan2014,feat,decision_Z_witnessed_flip_perturbation,S5,CROWN|0.01|ZD,2,results/exp3_ml_real/jan2014/summary_feat.json
e,jan2014,feat,decision_Z_open,S5,CROWN|0.01|ZD,0,results/exp3_ml_real/jan2014/summary_feat.json
e,jan2014,feat,decision_Z_n,S5,CROWN|0.01|ZD,72,results/exp3_ml_real/jan2014/summary_feat.json
e,jan2014,feat,decision_V_certified_invariant,S2,CROWN|0.02|ZD,0,results/exp3_ml_real/jan2014/summary_feat.json
e,jan2014,feat,decision_V_certified_sensitive,S2,CROWN|0.02|ZD,14,results/exp3_ml_real/jan2014/summary_feat.json
e,jan2014,feat,decision_V_witnessed_sensitive_nominal,S2,CROWN|0.02|ZD,20,results/exp3_ml_real/jan2014/summary_feat.json
e,jan2014,feat,decision_V_witnessed_flip_perturbation,S2,CROWN|0.02|ZD,2,results/exp3_ml_real/jan2014/summary_feat.json
e,jan2014,feat,decision_V_open,S2,CROWN|0.02|ZD,0,results/exp3_ml_real/jan2014/summary_feat.json
e,jan2014,feat,decision_V_n,S2,CROWN|0.02|ZD,36,results/exp3_ml_real/jan2014/summary_feat.json
e,jan2014,feat,decision_Z_certified_invariant,S2,CROWN|0.02|ZD,0,results/exp3_ml_real/jan2014/summary_feat.json
e,jan2014,feat,decision_Z_certified_sensitive,S2,CROWN|0.02|ZD,23,results/exp3_ml_real/jan2014/summary_feat.json
e,jan2014,feat,decision_Z_witnessed_sensitive_nominal,S2,CROWN|0.02|ZD,11,results/exp3_ml_real/jan2014/summary_feat.json
e,jan2014,feat,decision_Z_witnessed_flip_perturbation,S2,CROWN|0.02|ZD,2,results/exp3_ml_real/jan2014/summary_feat.json
e,jan2014,feat,decision_Z_open,S2,CROWN|0.02|ZD,0,results/exp3_ml_real/jan2014/summary_feat.json
e,jan2014,feat,decision_Z_n,S2,CROWN|0.02|ZD,36,results/exp3_ml_real/jan2014/summary_feat.json
e,jan2014,feat,decision_V_certified_invariant,S3,CROWN|0.02|ZD,15,results/exp3_ml_real/jan2014/summary_feat.json
e,jan2014,feat,decision_V_certified_sensitive,S3,CROWN|0.02|ZD,0,results/exp3_ml_real/jan2014/summary_feat.json
e,jan2014,feat,decision_V_witnessed_sensitive_nominal,S3,CROWN|0.02|ZD,1,results/exp3_ml_real/jan2014/summary_feat.json
e,jan2014,feat,decision_V_witnessed_flip_perturbation,S3,CROWN|0.02|ZD,15,results/exp3_ml_real/jan2014/summary_feat.json
e,jan2014,feat,decision_V_open,S3,CROWN|0.02|ZD,5,results/exp3_ml_real/jan2014/summary_feat.json
e,jan2014,feat,decision_V_n,S3,CROWN|0.02|ZD,36,results/exp3_ml_real/jan2014/summary_feat.json
e,jan2014,feat,decision_Z_certified_invariant,S3,CROWN|0.02|ZD,18,results/exp3_ml_real/jan2014/summary_feat.json
e,jan2014,feat,decision_Z_certified_sensitive,S3,CROWN|0.02|ZD,0,results/exp3_ml_real/jan2014/summary_feat.json
e,jan2014,feat,decision_Z_witnessed_sensitive_nominal,S3,CROWN|0.02|ZD,1,results/exp3_ml_real/jan2014/summary_feat.json
e,jan2014,feat,decision_Z_witnessed_flip_perturbation,S3,CROWN|0.02|ZD,15,results/exp3_ml_real/jan2014/summary_feat.json
e,jan2014,feat,decision_Z_open,S3,CROWN|0.02|ZD,2,results/exp3_ml_real/jan2014/summary_feat.json
e,jan2014,feat,decision_Z_n,S3,CROWN|0.02|ZD,36,results/exp3_ml_real/jan2014/summary_feat.json
e,jan2014,feat,decision_V_certified_invariant,S5,CROWN|0.02|ZD,0,results/exp3_ml_real/jan2014/summary_feat.json
e,jan2014,feat,decision_V_certified_sensitive,S5,CROWN|0.02|ZD,6,results/exp3_ml_real/jan2014/summary_feat.json
e,jan2014,feat,decision_V_witnessed_sensitive_nominal,S5,CROWN|0.02|ZD,64,results/exp3_ml_real/jan2014/summary_feat.json
e,jan2014,feat,decision_V_witnessed_flip_perturbation,S5,CROWN|0.02|ZD,2,results/exp3_ml_real/jan2014/summary_feat.json
e,jan2014,feat,decision_V_open,S5,CROWN|0.02|ZD,0,results/exp3_ml_real/jan2014/summary_feat.json
e,jan2014,feat,decision_V_n,S5,CROWN|0.02|ZD,72,results/exp3_ml_real/jan2014/summary_feat.json
e,jan2014,feat,decision_Z_certified_invariant,S5,CROWN|0.02|ZD,0,results/exp3_ml_real/jan2014/summary_feat.json
e,jan2014,feat,decision_Z_certified_sensitive,S5,CROWN|0.02|ZD,50,results/exp3_ml_real/jan2014/summary_feat.json
e,jan2014,feat,decision_Z_witnessed_sensitive_nominal,S5,CROWN|0.02|ZD,20,results/exp3_ml_real/jan2014/summary_feat.json
e,jan2014,feat,decision_Z_witnessed_flip_perturbation,S5,CROWN|0.02|ZD,2,results/exp3_ml_real/jan2014/summary_feat.json
e,jan2014,feat,decision_Z_open,S5,CROWN|0.02|ZD,0,results/exp3_ml_real/jan2014/summary_feat.json
e,jan2014,feat,decision_Z_n,S5,CROWN|0.02|ZD,72,results/exp3_ml_real/jan2014/summary_feat.json
e,jan2014,feat24,decision_V_certified_invariant,S2,CROWN|0.01|ZD,0,results/exp3_ml_real/jan2014/summary_feat24.json
e,jan2014,feat24,decision_V_certified_sensitive,S2,CROWN|0.01|ZD,26,results/exp3_ml_real/jan2014/summary_feat24.json
e,jan2014,feat24,decision_V_witnessed_sensitive_nominal,S2,CROWN|0.01|ZD,9,results/exp3_ml_real/jan2014/summary_feat24.json
e,jan2014,feat24,decision_V_witnessed_flip_perturbation,S2,CROWN|0.01|ZD,0,results/exp3_ml_real/jan2014/summary_feat24.json
e,jan2014,feat24,decision_V_open,S2,CROWN|0.01|ZD,1,results/exp3_ml_real/jan2014/summary_feat24.json
e,jan2014,feat24,decision_V_n,S2,CROWN|0.01|ZD,36,results/exp3_ml_real/jan2014/summary_feat24.json
e,jan2014,feat24,decision_Z_certified_invariant,S2,CROWN|0.01|ZD,1,results/exp3_ml_real/jan2014/summary_feat24.json
e,jan2014,feat24,decision_Z_certified_sensitive,S2,CROWN|0.01|ZD,29,results/exp3_ml_real/jan2014/summary_feat24.json
e,jan2014,feat24,decision_Z_witnessed_sensitive_nominal,S2,CROWN|0.01|ZD,6,results/exp3_ml_real/jan2014/summary_feat24.json
e,jan2014,feat24,decision_Z_witnessed_flip_perturbation,S2,CROWN|0.01|ZD,0,results/exp3_ml_real/jan2014/summary_feat24.json
e,jan2014,feat24,decision_Z_open,S2,CROWN|0.01|ZD,0,results/exp3_ml_real/jan2014/summary_feat24.json
e,jan2014,feat24,decision_Z_n,S2,CROWN|0.01|ZD,36,results/exp3_ml_real/jan2014/summary_feat24.json
e,jan2014,feat24,decision_V_certified_invariant,S3,CROWN|0.01|ZD,22,results/exp3_ml_real/jan2014/summary_feat24.json
e,jan2014,feat24,decision_V_certified_sensitive,S3,CROWN|0.01|ZD,0,results/exp3_ml_real/jan2014/summary_feat24.json
e,jan2014,feat24,decision_V_witnessed_sensitive_nominal,S3,CROWN|0.01|ZD,2,results/exp3_ml_real/jan2014/summary_feat24.json
e,jan2014,feat24,decision_V_witnessed_flip_perturbation,S3,CROWN|0.01|ZD,11,results/exp3_ml_real/jan2014/summary_feat24.json
e,jan2014,feat24,decision_V_open,S3,CROWN|0.01|ZD,1,results/exp3_ml_real/jan2014/summary_feat24.json
e,jan2014,feat24,decision_V_n,S3,CROWN|0.01|ZD,36,results/exp3_ml_real/jan2014/summary_feat24.json
e,jan2014,feat24,decision_Z_certified_invariant,S3,CROWN|0.01|ZD,23,results/exp3_ml_real/jan2014/summary_feat24.json
e,jan2014,feat24,decision_Z_certified_sensitive,S3,CROWN|0.01|ZD,0,results/exp3_ml_real/jan2014/summary_feat24.json
e,jan2014,feat24,decision_Z_witnessed_sensitive_nominal,S3,CROWN|0.01|ZD,2,results/exp3_ml_real/jan2014/summary_feat24.json
e,jan2014,feat24,decision_Z_witnessed_flip_perturbation,S3,CROWN|0.01|ZD,11,results/exp3_ml_real/jan2014/summary_feat24.json
e,jan2014,feat24,decision_Z_open,S3,CROWN|0.01|ZD,0,results/exp3_ml_real/jan2014/summary_feat24.json
e,jan2014,feat24,decision_Z_n,S3,CROWN|0.01|ZD,36,results/exp3_ml_real/jan2014/summary_feat24.json
e,jan2014,feat24,decision_V_certified_invariant,S5,CROWN|0.01|ZD,0,results/exp3_ml_real/jan2014/summary_feat24.json
e,jan2014,feat24,decision_V_certified_sensitive,S5,CROWN|0.01|ZD,0,results/exp3_ml_real/jan2014/summary_feat24.json
e,jan2014,feat24,decision_V_witnessed_sensitive_nominal,S5,CROWN|0.01|ZD,52,results/exp3_ml_real/jan2014/summary_feat24.json
e,jan2014,feat24,decision_V_witnessed_flip_perturbation,S5,CROWN|0.01|ZD,12,results/exp3_ml_real/jan2014/summary_feat24.json
e,jan2014,feat24,decision_V_open,S5,CROWN|0.01|ZD,8,results/exp3_ml_real/jan2014/summary_feat24.json
e,jan2014,feat24,decision_V_n,S5,CROWN|0.01|ZD,72,results/exp3_ml_real/jan2014/summary_feat24.json
e,jan2014,feat24,decision_Z_certified_invariant,S5,CROWN|0.01|ZD,2,results/exp3_ml_real/jan2014/summary_feat24.json
e,jan2014,feat24,decision_Z_certified_sensitive,S5,CROWN|0.01|ZD,9,results/exp3_ml_real/jan2014/summary_feat24.json
e,jan2014,feat24,decision_Z_witnessed_sensitive_nominal,S5,CROWN|0.01|ZD,43,results/exp3_ml_real/jan2014/summary_feat24.json
e,jan2014,feat24,decision_Z_witnessed_flip_perturbation,S5,CROWN|0.01|ZD,12,results/exp3_ml_real/jan2014/summary_feat24.json
e,jan2014,feat24,decision_Z_open,S5,CROWN|0.01|ZD,6,results/exp3_ml_real/jan2014/summary_feat24.json
e,jan2014,feat24,decision_Z_n,S5,CROWN|0.01|ZD,72,results/exp3_ml_real/jan2014/summary_feat24.json
e,jan2014,feat24,decision_V_certified_invariant,S2,CROWN|0.02|ZD,0,results/exp3_ml_real/jan2014/summary_feat24.json
e,jan2014,feat24,decision_V_certified_sensitive,S2,CROWN|0.02|ZD,12,results/exp3_ml_real/jan2014/summary_feat24.json
e,jan2014,feat24,decision_V_witnessed_sensitive_nominal,S2,CROWN|0.02|ZD,23,results/exp3_ml_real/jan2014/summary_feat24.json
e,jan2014,feat24,decision_V_witnessed_flip_perturbation,S2,CROWN|0.02|ZD,1,results/exp3_ml_real/jan2014/summary_feat24.json
e,jan2014,feat24,decision_V_open,S2,CROWN|0.02|ZD,0,results/exp3_ml_real/jan2014/summary_feat24.json
e,jan2014,feat24,decision_V_n,S2,CROWN|0.02|ZD,36,results/exp3_ml_real/jan2014/summary_feat24.json
e,jan2014,feat24,decision_Z_certified_invariant,S2,CROWN|0.02|ZD,0,results/exp3_ml_real/jan2014/summary_feat24.json
e,jan2014,feat24,decision_Z_certified_sensitive,S2,CROWN|0.02|ZD,21,results/exp3_ml_real/jan2014/summary_feat24.json
e,jan2014,feat24,decision_Z_witnessed_sensitive_nominal,S2,CROWN|0.02|ZD,14,results/exp3_ml_real/jan2014/summary_feat24.json
e,jan2014,feat24,decision_Z_witnessed_flip_perturbation,S2,CROWN|0.02|ZD,1,results/exp3_ml_real/jan2014/summary_feat24.json
e,jan2014,feat24,decision_Z_open,S2,CROWN|0.02|ZD,0,results/exp3_ml_real/jan2014/summary_feat24.json
e,jan2014,feat24,decision_Z_n,S2,CROWN|0.02|ZD,36,results/exp3_ml_real/jan2014/summary_feat24.json
e,jan2014,feat24,decision_V_certified_invariant,S3,CROWN|0.02|ZD,16,results/exp3_ml_real/jan2014/summary_feat24.json
e,jan2014,feat24,decision_V_certified_sensitive,S3,CROWN|0.02|ZD,0,results/exp3_ml_real/jan2014/summary_feat24.json
e,jan2014,feat24,decision_V_witnessed_sensitive_nominal,S3,CROWN|0.02|ZD,2,results/exp3_ml_real/jan2014/summary_feat24.json
e,jan2014,feat24,decision_V_witnessed_flip_perturbation,S3,CROWN|0.02|ZD,16,results/exp3_ml_real/jan2014/summary_feat24.json
e,jan2014,feat24,decision_V_open,S3,CROWN|0.02|ZD,2,results/exp3_ml_real/jan2014/summary_feat24.json
e,jan2014,feat24,decision_V_n,S3,CROWN|0.02|ZD,36,results/exp3_ml_real/jan2014/summary_feat24.json
e,jan2014,feat24,decision_Z_certified_invariant,S3,CROWN|0.02|ZD,16,results/exp3_ml_real/jan2014/summary_feat24.json
e,jan2014,feat24,decision_Z_certified_sensitive,S3,CROWN|0.02|ZD,0,results/exp3_ml_real/jan2014/summary_feat24.json
e,jan2014,feat24,decision_Z_witnessed_sensitive_nominal,S3,CROWN|0.02|ZD,2,results/exp3_ml_real/jan2014/summary_feat24.json
e,jan2014,feat24,decision_Z_witnessed_flip_perturbation,S3,CROWN|0.02|ZD,16,results/exp3_ml_real/jan2014/summary_feat24.json
e,jan2014,feat24,decision_Z_open,S3,CROWN|0.02|ZD,2,results/exp3_ml_real/jan2014/summary_feat24.json
e,jan2014,feat24,decision_Z_n,S3,CROWN|0.02|ZD,36,results/exp3_ml_real/jan2014/summary_feat24.json
e,jan2014,feat24,decision_V_certified_invariant,S5,CROWN|0.02|ZD,0,results/exp3_ml_real/jan2014/summary_feat24.json
e,jan2014,feat24,decision_V_certified_sensitive,S5,CROWN|0.02|ZD,0,results/exp3_ml_real/jan2014/summary_feat24.json
e,jan2014,feat24,decision_V_witnessed_sensitive_nominal,S5,CROWN|0.02|ZD,52,results/exp3_ml_real/jan2014/summary_feat24.json
e,jan2014,feat24,decision_V_witnessed_flip_perturbation,S5,CROWN|0.02|ZD,14,results/exp3_ml_real/jan2014/summary_feat24.json
e,jan2014,feat24,decision_V_open,S5,CROWN|0.02|ZD,6,results/exp3_ml_real/jan2014/summary_feat24.json
e,jan2014,feat24,decision_V_n,S5,CROWN|0.02|ZD,72,results/exp3_ml_real/jan2014/summary_feat24.json
e,jan2014,feat24,decision_Z_certified_invariant,S5,CROWN|0.02|ZD,0,results/exp3_ml_real/jan2014/summary_feat24.json
e,jan2014,feat24,decision_Z_certified_sensitive,S5,CROWN|0.02|ZD,1,results/exp3_ml_real/jan2014/summary_feat24.json
e,jan2014,feat24,decision_Z_witnessed_sensitive_nominal,S5,CROWN|0.02|ZD,51,results/exp3_ml_real/jan2014/summary_feat24.json
e,jan2014,feat24,decision_Z_witnessed_flip_perturbation,S5,CROWN|0.02|ZD,14,results/exp3_ml_real/jan2014/summary_feat24.json
e,jan2014,feat24,decision_Z_open,S5,CROWN|0.02|ZD,6,results/exp3_ml_real/jan2014/summary_feat24.json
e,jan2014,feat24,decision_Z_n,S5,CROWN|0.02|ZD,72,results/exp3_ml_real/jan2014/summary_feat24.json
f,synthetic,mlp,S4_state,360,CROWN|0.01|ZD,witnessed,results/exp3_ml/summary_mlp.json
f,synthetic,mlp,S4_distinct_certified_top3_sets,360,CROWN|0.01|ZD,1,results/exp3_ml/summary_mlp.json
f,synthetic,mlp,S4_state,384,CROWN|0.01|ZD,sensitive,results/exp3_ml/summary_mlp.json
f,synthetic,mlp,S4_distinct_certified_top3_sets,384,CROWN|0.01|ZD,2,results/exp3_ml/summary_mlp.json
f,synthetic,mlp,S4_state,408,CROWN|0.01|ZD,sensitive,results/exp3_ml/summary_mlp.json
f,synthetic,mlp,S4_distinct_certified_top3_sets,408,CROWN|0.01|ZD,2,results/exp3_ml/summary_mlp.json
f,synthetic,mlp,S4_state,432,CROWN|0.01|ZD,witnessed,results/exp3_ml/summary_mlp.json
f,synthetic,mlp,S4_distinct_certified_top3_sets,432,CROWN|0.01|ZD,0,results/exp3_ml/summary_mlp.json
f,synthetic,mlp,S4_state,456,CROWN|0.01|ZD,witnessed,results/exp3_ml/summary_mlp.json
f,synthetic,mlp,S4_distinct_certified_top3_sets,456,CROWN|0.01|ZD,1,results/exp3_ml/summary_mlp.json
f,synthetic,mlp,S4_state,480,CROWN|0.01|ZD,sensitive,results/exp3_ml/summary_mlp.json
f,synthetic,mlp,S4_distinct_certified_top3_sets,480,CROWN|0.01|ZD,3,results/exp3_ml/summary_mlp.json
f,synthetic,mlp,S4_state,504,CROWN|0.01|ZD,witnessed,results/exp3_ml/summary_mlp.json
f,synthetic,mlp,S4_distinct_certified_top3_sets,504,CROWN|0.01|ZD,1,results/exp3_ml/summary_mlp.json
f,synthetic,mlp,S4_state,528,CROWN|0.01|ZD,witnessed,results/exp3_ml/summary_mlp.json
f,synthetic,mlp,S4_distinct_certified_top3_sets,528,CROWN|0.01|ZD,1,results/exp3_ml/summary_mlp.json
f,synthetic,mlp,S4_state,552,CROWN|0.01|ZD,sensitive,results/exp3_ml/summary_mlp.json
f,synthetic,mlp,S4_distinct_certified_top3_sets,552,CROWN|0.01|ZD,2,results/exp3_ml/summary_mlp.json
f,synthetic,mlp,S4_state,576,CROWN|0.01|ZD,sensitive,results/exp3_ml/summary_mlp.json
f,synthetic,mlp,S4_distinct_certified_top3_sets,576,CROWN|0.01|ZD,2,results/exp3_ml/summary_mlp.json
f,synthetic,mlp,S4_state,600,CROWN|0.01|ZD,sensitive,results/exp3_ml/summary_mlp.json
f,synthetic,mlp,S4_distinct_certified_top3_sets,600,CROWN|0.01|ZD,3,results/exp3_ml/summary_mlp.json
f,synthetic,mlp,S4_state,624,CROWN|0.01|ZD,sensitive,results/exp3_ml/summary_mlp.json
f,synthetic,mlp,S4_distinct_certified_top3_sets,624,CROWN|0.01|ZD,4,results/exp3_ml/summary_mlp.json
f,synthetic,mlp,S4_state,648,CROWN|0.01|ZD,sensitive,results/exp3_ml/summary_mlp.json
f,synthetic,mlp,S4_distinct_certified_top3_sets,648,CROWN|0.01|ZD,2,results/exp3_ml/summary_mlp.json
f,synthetic,mlp,S4_state,672,CROWN|0.01|ZD,sensitive,results/exp3_ml/summary_mlp.json
f,synthetic,mlp,S4_distinct_certified_top3_sets,672,CROWN|0.01|ZD,2,results/exp3_ml/summary_mlp.json
f,synthetic,mlp,S4_state,696,CROWN|0.01|ZD,sensitive,results/exp3_ml/summary_mlp.json
f,synthetic,mlp,S4_distinct_certified_top3_sets,696,CROWN|0.01|ZD,4,results/exp3_ml/summary_mlp.json
f,synthetic,mlp,S4_state,720,CROWN|0.01|ZD,witnessed,results/exp3_ml/summary_mlp.json
f,synthetic,mlp,S4_distinct_certified_top3_sets,720,CROWN|0.01|ZD,1,results/exp3_ml/summary_mlp.json
f,synthetic,mlp,S4_state,744,CROWN|0.01|ZD,invariant,results/exp3_ml/summary_mlp.json
f,synthetic,mlp,S4_distinct_certified_top3_sets,744,CROWN|0.01|ZD,1,results/exp3_ml/summary_mlp.json
f,synthetic,mlp,S4_state,768,CROWN|0.01|ZD,sensitive,results/exp3_ml/summary_mlp.json
f,synthetic,mlp,S4_distinct_certified_top3_sets,768,CROWN|0.01|ZD,3,results/exp3_ml/summary_mlp.json
f,synthetic,mlp,S4_state,792,CROWN|0.01|ZD,sensitive,results/exp3_ml/summary_mlp.json
f,synthetic,mlp,S4_distinct_certified_top3_sets,792,CROWN|0.01|ZD,2,results/exp3_ml/summary_mlp.json
f,synthetic,mlp,S4_state,816,CROWN|0.01|ZD,sensitive,results/exp3_ml/summary_mlp.json
f,synthetic,mlp,S4_distinct_certified_top3_sets,816,CROWN|0.01|ZD,2,results/exp3_ml/summary_mlp.json
f,synthetic,mlp,S4_state,840,CROWN|0.01|ZD,sensitive,results/exp3_ml/summary_mlp.json
f,synthetic,mlp,S4_distinct_certified_top3_sets,840,CROWN|0.01|ZD,2,results/exp3_ml/summary_mlp.json
f,synthetic,mlp,S4_state,864,CROWN|0.01|ZD,sensitive,results/exp3_ml/summary_mlp.json
f,synthetic,mlp,S4_distinct_certified_top3_sets,864,CROWN|0.01|ZD,3,results/exp3_ml/summary_mlp.json
f,synthetic,mlp,S4_state,888,CROWN|0.01|ZD,sensitive,results/exp3_ml/summary_mlp.json
f,synthetic,mlp,S4_distinct_certified_top3_sets,888,CROWN|0.01|ZD,3,results/exp3_ml/summary_mlp.json
f,synthetic,mlp,S4_state,912,CROWN|0.01|ZD,sensitive,results/exp3_ml/summary_mlp.json
f,synthetic,mlp,S4_distinct_certified_top3_sets,912,CROWN|0.01|ZD,3,results/exp3_ml/summary_mlp.json
f,synthetic,mlp,S4_state,936,CROWN|0.01|ZD,sensitive,results/exp3_ml/summary_mlp.json
f,synthetic,mlp,S4_distinct_certified_top3_sets,936,CROWN|0.01|ZD,3,results/exp3_ml/summary_mlp.json
f,synthetic,mlp,S4_state,960,CROWN|0.01|ZD,sensitive,results/exp3_ml/summary_mlp.json
f,synthetic,mlp,S4_distinct_certified_top3_sets,960,CROWN|0.01|ZD,2,results/exp3_ml/summary_mlp.json
f,synthetic,mlp,S4_state,984,CROWN|0.01|ZD,sensitive,results/exp3_ml/summary_mlp.json
f,synthetic,mlp,S4_distinct_certified_top3_sets,984,CROWN|0.01|ZD,3,results/exp3_ml/summary_mlp.json
f,synthetic,mlp,S4_state,1008,CROWN|0.01|ZD,sensitive,results/exp3_ml/summary_mlp.json
f,synthetic,mlp,S4_distinct_certified_top3_sets,1008,CROWN|0.01|ZD,2,results/exp3_ml/summary_mlp.json
f,synthetic,feat,S4_state,360,CROWN|0.01|ZD,sensitive,results/exp3_ml/summary_feat.json
f,synthetic,feat,S4_distinct_certified_top3_sets,360,CROWN|0.01|ZD,3,results/exp3_ml/summary_feat.json
f,synthetic,feat,S4_state,384,CROWN|0.01|ZD,sensitive,results/exp3_ml/summary_feat.json
f,synthetic,feat,S4_distinct_certified_top3_sets,384,CROWN|0.01|ZD,3,results/exp3_ml/summary_feat.json
f,synthetic,feat,S4_state,408,CROWN|0.01|ZD,sensitive,results/exp3_ml/summary_feat.json
f,synthetic,feat,S4_distinct_certified_top3_sets,408,CROWN|0.01|ZD,4,results/exp3_ml/summary_feat.json
f,synthetic,feat,S4_state,432,CROWN|0.01|ZD,sensitive,results/exp3_ml/summary_feat.json
f,synthetic,feat,S4_distinct_certified_top3_sets,432,CROWN|0.01|ZD,2,results/exp3_ml/summary_feat.json
f,synthetic,feat,S4_state,456,CROWN|0.01|ZD,sensitive,results/exp3_ml/summary_feat.json
f,synthetic,feat,S4_distinct_certified_top3_sets,456,CROWN|0.01|ZD,2,results/exp3_ml/summary_feat.json
f,synthetic,feat,S4_state,480,CROWN|0.01|ZD,sensitive,results/exp3_ml/summary_feat.json
f,synthetic,feat,S4_distinct_certified_top3_sets,480,CROWN|0.01|ZD,3,results/exp3_ml/summary_feat.json
f,synthetic,feat,S4_state,504,CROWN|0.01|ZD,sensitive,results/exp3_ml/summary_feat.json
f,synthetic,feat,S4_distinct_certified_top3_sets,504,CROWN|0.01|ZD,3,results/exp3_ml/summary_feat.json
f,synthetic,feat,S4_state,528,CROWN|0.01|ZD,sensitive,results/exp3_ml/summary_feat.json
f,synthetic,feat,S4_distinct_certified_top3_sets,528,CROWN|0.01|ZD,3,results/exp3_ml/summary_feat.json
f,synthetic,feat,S4_state,552,CROWN|0.01|ZD,sensitive,results/exp3_ml/summary_feat.json
f,synthetic,feat,S4_distinct_certified_top3_sets,552,CROWN|0.01|ZD,2,results/exp3_ml/summary_feat.json
f,synthetic,feat,S4_state,576,CROWN|0.01|ZD,sensitive,results/exp3_ml/summary_feat.json
f,synthetic,feat,S4_distinct_certified_top3_sets,576,CROWN|0.01|ZD,2,results/exp3_ml/summary_feat.json
f,synthetic,feat,S4_state,600,CROWN|0.01|ZD,sensitive,results/exp3_ml/summary_feat.json
f,synthetic,feat,S4_distinct_certified_top3_sets,600,CROWN|0.01|ZD,3,results/exp3_ml/summary_feat.json
f,synthetic,feat,S4_state,624,CROWN|0.01|ZD,sensitive,results/exp3_ml/summary_feat.json
f,synthetic,feat,S4_distinct_certified_top3_sets,624,CROWN|0.01|ZD,3,results/exp3_ml/summary_feat.json
f,synthetic,feat,S4_state,648,CROWN|0.01|ZD,sensitive,results/exp3_ml/summary_feat.json
f,synthetic,feat,S4_distinct_certified_top3_sets,648,CROWN|0.01|ZD,4,results/exp3_ml/summary_feat.json
f,synthetic,feat,S4_state,672,CROWN|0.01|ZD,sensitive,results/exp3_ml/summary_feat.json
f,synthetic,feat,S4_distinct_certified_top3_sets,672,CROWN|0.01|ZD,3,results/exp3_ml/summary_feat.json
f,synthetic,feat,S4_state,696,CROWN|0.01|ZD,sensitive,results/exp3_ml/summary_feat.json
f,synthetic,feat,S4_distinct_certified_top3_sets,696,CROWN|0.01|ZD,5,results/exp3_ml/summary_feat.json
f,synthetic,feat,S4_state,720,CROWN|0.01|ZD,witnessed,results/exp3_ml/summary_feat.json
f,synthetic,feat,S4_distinct_certified_top3_sets,720,CROWN|0.01|ZD,1,results/exp3_ml/summary_feat.json
f,synthetic,feat,S4_state,744,CROWN|0.01|ZD,sensitive,results/exp3_ml/summary_feat.json
f,synthetic,feat,S4_distinct_certified_top3_sets,744,CROWN|0.01|ZD,2,results/exp3_ml/summary_feat.json
f,synthetic,feat,S4_state,768,CROWN|0.01|ZD,sensitive,results/exp3_ml/summary_feat.json
f,synthetic,feat,S4_distinct_certified_top3_sets,768,CROWN|0.01|ZD,2,results/exp3_ml/summary_feat.json
f,synthetic,feat,S4_state,792,CROWN|0.01|ZD,sensitive,results/exp3_ml/summary_feat.json
f,synthetic,feat,S4_distinct_certified_top3_sets,792,CROWN|0.01|ZD,2,results/exp3_ml/summary_feat.json
f,synthetic,feat,S4_state,816,CROWN|0.01|ZD,sensitive,results/exp3_ml/summary_feat.json
f,synthetic,feat,S4_distinct_certified_top3_sets,816,CROWN|0.01|ZD,3,results/exp3_ml/summary_feat.json
f,synthetic,feat,S4_state,840,CROWN|0.01|ZD,sensitive,results/exp3_ml/summary_feat.json
f,synthetic,feat,S4_distinct_certified_top3_sets,840,CROWN|0.01|ZD,3,results/exp3_ml/summary_feat.json
f,synthetic,feat,S4_state,864,CROWN|0.01|ZD,sensitive,results/exp3_ml/summary_feat.json
f,synthetic,feat,S4_distinct_certified_top3_sets,864,CROWN|0.01|ZD,4,results/exp3_ml/summary_feat.json
f,synthetic,feat,S4_state,888,CROWN|0.01|ZD,sensitive,results/exp3_ml/summary_feat.json
f,synthetic,feat,S4_distinct_certified_top3_sets,888,CROWN|0.01|ZD,4,results/exp3_ml/summary_feat.json
f,synthetic,feat,S4_state,912,CROWN|0.01|ZD,sensitive,results/exp3_ml/summary_feat.json
f,synthetic,feat,S4_distinct_certified_top3_sets,912,CROWN|0.01|ZD,3,results/exp3_ml/summary_feat.json
f,synthetic,feat,S4_state,936,CROWN|0.01|ZD,sensitive,results/exp3_ml/summary_feat.json
f,synthetic,feat,S4_distinct_certified_top3_sets,936,CROWN|0.01|ZD,3,results/exp3_ml/summary_feat.json
f,synthetic,feat,S4_state,960,CROWN|0.01|ZD,sensitive,results/exp3_ml/summary_feat.json
f,synthetic,feat,S4_distinct_certified_top3_sets,960,CROWN|0.01|ZD,4,results/exp3_ml/summary_feat.json
f,synthetic,feat,S4_state,984,CROWN|0.01|ZD,sensitive,results/exp3_ml/summary_feat.json
f,synthetic,feat,S4_distinct_certified_top3_sets,984,CROWN|0.01|ZD,4,results/exp3_ml/summary_feat.json
f,synthetic,feat,S4_state,1008,CROWN|0.01|ZD,sensitive,results/exp3_ml/summary_feat.json
f,synthetic,feat,S4_distinct_certified_top3_sets,1008,CROWN|0.01|ZD,4,results/exp3_ml/summary_feat.json
f,synthetic,feat24,S4_state,360,CROWN|0.01|ZD,sensitive,results/exp3_ml/summary_feat24.json
f,synthetic,feat24,S4_distinct_certified_top3_sets,360,CROWN|0.01|ZD,2,results/exp3_ml/summary_feat24.json
f,synthetic,feat24,S4_state,384,CROWN|0.01|ZD,sensitive,results/exp3_ml/summary_feat24.json
f,synthetic,feat24,S4_distinct_certified_top3_sets,384,CROWN|0.01|ZD,2,results/exp3_ml/summary_feat24.json
f,synthetic,feat24,S4_state,408,CROWN|0.01|ZD,witnessed,results/exp3_ml/summary_feat24.json
f,synthetic,feat24,S4_distinct_certified_top3_sets,408,CROWN|0.01|ZD,1,results/exp3_ml/summary_feat24.json
f,synthetic,feat24,S4_state,432,CROWN|0.01|ZD,sensitive,results/exp3_ml/summary_feat24.json
f,synthetic,feat24,S4_distinct_certified_top3_sets,432,CROWN|0.01|ZD,3,results/exp3_ml/summary_feat24.json
f,synthetic,feat24,S4_state,456,CROWN|0.01|ZD,sensitive,results/exp3_ml/summary_feat24.json
f,synthetic,feat24,S4_distinct_certified_top3_sets,456,CROWN|0.01|ZD,3,results/exp3_ml/summary_feat24.json
f,synthetic,feat24,S4_state,480,CROWN|0.01|ZD,sensitive,results/exp3_ml/summary_feat24.json
f,synthetic,feat24,S4_distinct_certified_top3_sets,480,CROWN|0.01|ZD,3,results/exp3_ml/summary_feat24.json
f,synthetic,feat24,S4_state,504,CROWN|0.01|ZD,sensitive,results/exp3_ml/summary_feat24.json
f,synthetic,feat24,S4_distinct_certified_top3_sets,504,CROWN|0.01|ZD,4,results/exp3_ml/summary_feat24.json
f,synthetic,feat24,S4_state,528,CROWN|0.01|ZD,witnessed,results/exp3_ml/summary_feat24.json
f,synthetic,feat24,S4_distinct_certified_top3_sets,528,CROWN|0.01|ZD,1,results/exp3_ml/summary_feat24.json
f,synthetic,feat24,S4_state,552,CROWN|0.01|ZD,witnessed,results/exp3_ml/summary_feat24.json
f,synthetic,feat24,S4_distinct_certified_top3_sets,552,CROWN|0.01|ZD,1,results/exp3_ml/summary_feat24.json
f,synthetic,feat24,S4_state,576,CROWN|0.01|ZD,sensitive,results/exp3_ml/summary_feat24.json
f,synthetic,feat24,S4_distinct_certified_top3_sets,576,CROWN|0.01|ZD,2,results/exp3_ml/summary_feat24.json
f,synthetic,feat24,S4_state,600,CROWN|0.01|ZD,sensitive,results/exp3_ml/summary_feat24.json
f,synthetic,feat24,S4_distinct_certified_top3_sets,600,CROWN|0.01|ZD,2,results/exp3_ml/summary_feat24.json
f,synthetic,feat24,S4_state,624,CROWN|0.01|ZD,sensitive,results/exp3_ml/summary_feat24.json
f,synthetic,feat24,S4_distinct_certified_top3_sets,624,CROWN|0.01|ZD,2,results/exp3_ml/summary_feat24.json
f,synthetic,feat24,S4_state,648,CROWN|0.01|ZD,sensitive,results/exp3_ml/summary_feat24.json
f,synthetic,feat24,S4_distinct_certified_top3_sets,648,CROWN|0.01|ZD,2,results/exp3_ml/summary_feat24.json
f,synthetic,feat24,S4_state,672,CROWN|0.01|ZD,sensitive,results/exp3_ml/summary_feat24.json
f,synthetic,feat24,S4_distinct_certified_top3_sets,672,CROWN|0.01|ZD,4,results/exp3_ml/summary_feat24.json
f,synthetic,feat24,S4_state,696,CROWN|0.01|ZD,sensitive,results/exp3_ml/summary_feat24.json
f,synthetic,feat24,S4_distinct_certified_top3_sets,696,CROWN|0.01|ZD,2,results/exp3_ml/summary_feat24.json
f,synthetic,feat24,S4_state,720,CROWN|0.01|ZD,sensitive,results/exp3_ml/summary_feat24.json
f,synthetic,feat24,S4_distinct_certified_top3_sets,720,CROWN|0.01|ZD,4,results/exp3_ml/summary_feat24.json
f,synthetic,feat24,S4_state,744,CROWN|0.01|ZD,sensitive,results/exp3_ml/summary_feat24.json
f,synthetic,feat24,S4_distinct_certified_top3_sets,744,CROWN|0.01|ZD,2,results/exp3_ml/summary_feat24.json
f,synthetic,feat24,S4_state,768,CROWN|0.01|ZD,sensitive,results/exp3_ml/summary_feat24.json
f,synthetic,feat24,S4_distinct_certified_top3_sets,768,CROWN|0.01|ZD,2,results/exp3_ml/summary_feat24.json
f,synthetic,feat24,S4_state,792,CROWN|0.01|ZD,sensitive,results/exp3_ml/summary_feat24.json
f,synthetic,feat24,S4_distinct_certified_top3_sets,792,CROWN|0.01|ZD,3,results/exp3_ml/summary_feat24.json
f,synthetic,feat24,S4_state,816,CROWN|0.01|ZD,sensitive,results/exp3_ml/summary_feat24.json
f,synthetic,feat24,S4_distinct_certified_top3_sets,816,CROWN|0.01|ZD,4,results/exp3_ml/summary_feat24.json
f,synthetic,feat24,S4_state,840,CROWN|0.01|ZD,sensitive,results/exp3_ml/summary_feat24.json
f,synthetic,feat24,S4_distinct_certified_top3_sets,840,CROWN|0.01|ZD,3,results/exp3_ml/summary_feat24.json
f,synthetic,feat24,S4_state,864,CROWN|0.01|ZD,sensitive,results/exp3_ml/summary_feat24.json
f,synthetic,feat24,S4_distinct_certified_top3_sets,864,CROWN|0.01|ZD,3,results/exp3_ml/summary_feat24.json
f,synthetic,feat24,S4_state,888,CROWN|0.01|ZD,sensitive,results/exp3_ml/summary_feat24.json
f,synthetic,feat24,S4_distinct_certified_top3_sets,888,CROWN|0.01|ZD,3,results/exp3_ml/summary_feat24.json
f,synthetic,feat24,S4_state,912,CROWN|0.01|ZD,sensitive,results/exp3_ml/summary_feat24.json
f,synthetic,feat24,S4_distinct_certified_top3_sets,912,CROWN|0.01|ZD,2,results/exp3_ml/summary_feat24.json
f,synthetic,feat24,S4_state,936,CROWN|0.01|ZD,sensitive,results/exp3_ml/summary_feat24.json
f,synthetic,feat24,S4_distinct_certified_top3_sets,936,CROWN|0.01|ZD,2,results/exp3_ml/summary_feat24.json
f,synthetic,feat24,S4_state,960,CROWN|0.01|ZD,sensitive,results/exp3_ml/summary_feat24.json
f,synthetic,feat24,S4_distinct_certified_top3_sets,960,CROWN|0.01|ZD,2,results/exp3_ml/summary_feat24.json
f,synthetic,feat24,S4_state,984,CROWN|0.01|ZD,sensitive,results/exp3_ml/summary_feat24.json
f,synthetic,feat24,S4_distinct_certified_top3_sets,984,CROWN|0.01|ZD,3,results/exp3_ml/summary_feat24.json
f,synthetic,feat24,S4_state,1008,CROWN|0.01|ZD,sensitive,results/exp3_ml/summary_feat24.json
f,synthetic,feat24,S4_distinct_certified_top3_sets,1008,CROWN|0.01|ZD,3,results/exp3_ml/summary_feat24.json
f,jul2014,mlp,S4_state,360,CROWN|0.01|ZD,sensitive,results/exp3_ml_real/jul2014/summary_mlp.json
f,jul2014,mlp,S4_distinct_certified_top3_sets,360,CROWN|0.01|ZD,3,results/exp3_ml_real/jul2014/summary_mlp.json
f,jul2014,mlp,S4_state,384,CROWN|0.01|ZD,sensitive,results/exp3_ml_real/jul2014/summary_mlp.json
f,jul2014,mlp,S4_distinct_certified_top3_sets,384,CROWN|0.01|ZD,2,results/exp3_ml_real/jul2014/summary_mlp.json
f,jul2014,mlp,S4_state,408,CROWN|0.01|ZD,witnessed,results/exp3_ml_real/jul2014/summary_mlp.json
f,jul2014,mlp,S4_distinct_certified_top3_sets,408,CROWN|0.01|ZD,1,results/exp3_ml_real/jul2014/summary_mlp.json
f,jul2014,mlp,S4_state,432,CROWN|0.01|ZD,witnessed,results/exp3_ml_real/jul2014/summary_mlp.json
f,jul2014,mlp,S4_distinct_certified_top3_sets,432,CROWN|0.01|ZD,1,results/exp3_ml_real/jul2014/summary_mlp.json
f,jul2014,mlp,S4_state,456,CROWN|0.01|ZD,open,results/exp3_ml_real/jul2014/summary_mlp.json
f,jul2014,mlp,S4_distinct_certified_top3_sets,456,CROWN|0.01|ZD,1,results/exp3_ml_real/jul2014/summary_mlp.json
f,jul2014,mlp,S4_state,480,CROWN|0.01|ZD,sensitive,results/exp3_ml_real/jul2014/summary_mlp.json
f,jul2014,mlp,S4_distinct_certified_top3_sets,480,CROWN|0.01|ZD,2,results/exp3_ml_real/jul2014/summary_mlp.json
f,jul2014,mlp,S4_state,504,CROWN|0.01|ZD,invariant,results/exp3_ml_real/jul2014/summary_mlp.json
f,jul2014,mlp,S4_distinct_certified_top3_sets,504,CROWN|0.01|ZD,1,results/exp3_ml_real/jul2014/summary_mlp.json
f,jul2014,mlp,S4_state,528,CROWN|0.01|ZD,invariant,results/exp3_ml_real/jul2014/summary_mlp.json
f,jul2014,mlp,S4_distinct_certified_top3_sets,528,CROWN|0.01|ZD,1,results/exp3_ml_real/jul2014/summary_mlp.json
f,jul2014,mlp,S4_state,552,CROWN|0.01|ZD,invariant,results/exp3_ml_real/jul2014/summary_mlp.json
f,jul2014,mlp,S4_distinct_certified_top3_sets,552,CROWN|0.01|ZD,1,results/exp3_ml_real/jul2014/summary_mlp.json
f,jul2014,mlp,S4_state,576,CROWN|0.01|ZD,witnessed,results/exp3_ml_real/jul2014/summary_mlp.json
f,jul2014,mlp,S4_distinct_certified_top3_sets,576,CROWN|0.01|ZD,1,results/exp3_ml_real/jul2014/summary_mlp.json
f,jul2014,mlp,S4_state,600,CROWN|0.01|ZD,sensitive,results/exp3_ml_real/jul2014/summary_mlp.json
f,jul2014,mlp,S4_distinct_certified_top3_sets,600,CROWN|0.01|ZD,2,results/exp3_ml_real/jul2014/summary_mlp.json
f,jul2014,mlp,S4_state,624,CROWN|0.01|ZD,witnessed,results/exp3_ml_real/jul2014/summary_mlp.json
f,jul2014,mlp,S4_distinct_certified_top3_sets,624,CROWN|0.01|ZD,1,results/exp3_ml_real/jul2014/summary_mlp.json
f,jul2014,mlp,S4_state,648,CROWN|0.01|ZD,open,results/exp3_ml_real/jul2014/summary_mlp.json
f,jul2014,mlp,S4_distinct_certified_top3_sets,648,CROWN|0.01|ZD,1,results/exp3_ml_real/jul2014/summary_mlp.json
f,jul2014,mlp,S4_state,672,CROWN|0.01|ZD,sensitive,results/exp3_ml_real/jul2014/summary_mlp.json
f,jul2014,mlp,S4_distinct_certified_top3_sets,672,CROWN|0.01|ZD,2,results/exp3_ml_real/jul2014/summary_mlp.json
f,jul2014,mlp,S4_state,696,CROWN|0.01|ZD,witnessed,results/exp3_ml_real/jul2014/summary_mlp.json
f,jul2014,mlp,S4_distinct_certified_top3_sets,696,CROWN|0.01|ZD,1,results/exp3_ml_real/jul2014/summary_mlp.json
f,jul2014,mlp,S4_state,720,CROWN|0.01|ZD,invariant,results/exp3_ml_real/jul2014/summary_mlp.json
f,jul2014,mlp,S4_distinct_certified_top3_sets,720,CROWN|0.01|ZD,1,results/exp3_ml_real/jul2014/summary_mlp.json
f,jul2014,mlp,S4_state,744,CROWN|0.01|ZD,invariant,results/exp3_ml_real/jul2014/summary_mlp.json
f,jul2014,mlp,S4_distinct_certified_top3_sets,744,CROWN|0.01|ZD,1,results/exp3_ml_real/jul2014/summary_mlp.json
f,jul2014,mlp,S4_state,768,CROWN|0.01|ZD,invariant,results/exp3_ml_real/jul2014/summary_mlp.json
f,jul2014,mlp,S4_distinct_certified_top3_sets,768,CROWN|0.01|ZD,1,results/exp3_ml_real/jul2014/summary_mlp.json
f,jul2014,mlp,S4_state,792,CROWN|0.01|ZD,sensitive,results/exp3_ml_real/jul2014/summary_mlp.json
f,jul2014,mlp,S4_distinct_certified_top3_sets,792,CROWN|0.01|ZD,2,results/exp3_ml_real/jul2014/summary_mlp.json
f,jul2014,mlp,S4_state,816,CROWN|0.01|ZD,sensitive,results/exp3_ml_real/jul2014/summary_mlp.json
f,jul2014,mlp,S4_distinct_certified_top3_sets,816,CROWN|0.01|ZD,2,results/exp3_ml_real/jul2014/summary_mlp.json
f,jul2014,mlp,S4_state,840,CROWN|0.01|ZD,witnessed,results/exp3_ml_real/jul2014/summary_mlp.json
f,jul2014,mlp,S4_distinct_certified_top3_sets,840,CROWN|0.01|ZD,1,results/exp3_ml_real/jul2014/summary_mlp.json
f,jul2014,mlp,S4_state,864,CROWN|0.01|ZD,invariant,results/exp3_ml_real/jul2014/summary_mlp.json
f,jul2014,mlp,S4_distinct_certified_top3_sets,864,CROWN|0.01|ZD,1,results/exp3_ml_real/jul2014/summary_mlp.json
f,jul2014,mlp,S4_state,888,CROWN|0.01|ZD,invariant,results/exp3_ml_real/jul2014/summary_mlp.json
f,jul2014,mlp,S4_distinct_certified_top3_sets,888,CROWN|0.01|ZD,1,results/exp3_ml_real/jul2014/summary_mlp.json
f,jul2014,mlp,S4_state,912,CROWN|0.01|ZD,invariant,results/exp3_ml_real/jul2014/summary_mlp.json
f,jul2014,mlp,S4_distinct_certified_top3_sets,912,CROWN|0.01|ZD,1,results/exp3_ml_real/jul2014/summary_mlp.json
f,jul2014,mlp,S4_state,936,CROWN|0.01|ZD,invariant,results/exp3_ml_real/jul2014/summary_mlp.json
f,jul2014,mlp,S4_distinct_certified_top3_sets,936,CROWN|0.01|ZD,1,results/exp3_ml_real/jul2014/summary_mlp.json
f,jul2014,mlp,S4_state,960,CROWN|0.01|ZD,witnessed,results/exp3_ml_real/jul2014/summary_mlp.json
f,jul2014,mlp,S4_distinct_certified_top3_sets,960,CROWN|0.01|ZD,1,results/exp3_ml_real/jul2014/summary_mlp.json
f,jul2014,mlp,S4_state,984,CROWN|0.01|ZD,sensitive,results/exp3_ml_real/jul2014/summary_mlp.json
f,jul2014,mlp,S4_distinct_certified_top3_sets,984,CROWN|0.01|ZD,2,results/exp3_ml_real/jul2014/summary_mlp.json
f,jul2014,mlp,S4_state,1008,CROWN|0.01|ZD,sensitive,results/exp3_ml_real/jul2014/summary_mlp.json
f,jul2014,mlp,S4_distinct_certified_top3_sets,1008,CROWN|0.01|ZD,2,results/exp3_ml_real/jul2014/summary_mlp.json
f,jul2014,feat,S4_state,360,CROWN|0.01|ZD,sensitive,results/exp3_ml_real/jul2014/summary_feat.json
f,jul2014,feat,S4_distinct_certified_top3_sets,360,CROWN|0.01|ZD,2,results/exp3_ml_real/jul2014/summary_feat.json
f,jul2014,feat,S4_state,384,CROWN|0.01|ZD,sensitive,results/exp3_ml_real/jul2014/summary_feat.json
f,jul2014,feat,S4_distinct_certified_top3_sets,384,CROWN|0.01|ZD,2,results/exp3_ml_real/jul2014/summary_feat.json
f,jul2014,feat,S4_state,408,CROWN|0.01|ZD,sensitive,results/exp3_ml_real/jul2014/summary_feat.json
f,jul2014,feat,S4_distinct_certified_top3_sets,408,CROWN|0.01|ZD,2,results/exp3_ml_real/jul2014/summary_feat.json
f,jul2014,feat,S4_state,432,CROWN|0.01|ZD,witnessed,results/exp3_ml_real/jul2014/summary_feat.json
f,jul2014,feat,S4_distinct_certified_top3_sets,432,CROWN|0.01|ZD,1,results/exp3_ml_real/jul2014/summary_feat.json
f,jul2014,feat,S4_state,456,CROWN|0.01|ZD,open,results/exp3_ml_real/jul2014/summary_feat.json
f,jul2014,feat,S4_distinct_certified_top3_sets,456,CROWN|0.01|ZD,1,results/exp3_ml_real/jul2014/summary_feat.json
f,jul2014,feat,S4_state,480,CROWN|0.01|ZD,witnessed,results/exp3_ml_real/jul2014/summary_feat.json
f,jul2014,feat,S4_distinct_certified_top3_sets,480,CROWN|0.01|ZD,1,results/exp3_ml_real/jul2014/summary_feat.json
f,jul2014,feat,S4_state,504,CROWN|0.01|ZD,invariant,results/exp3_ml_real/jul2014/summary_feat.json
f,jul2014,feat,S4_distinct_certified_top3_sets,504,CROWN|0.01|ZD,1,results/exp3_ml_real/jul2014/summary_feat.json
f,jul2014,feat,S4_state,528,CROWN|0.01|ZD,invariant,results/exp3_ml_real/jul2014/summary_feat.json
f,jul2014,feat,S4_distinct_certified_top3_sets,528,CROWN|0.01|ZD,1,results/exp3_ml_real/jul2014/summary_feat.json
f,jul2014,feat,S4_state,552,CROWN|0.01|ZD,invariant,results/exp3_ml_real/jul2014/summary_feat.json
f,jul2014,feat,S4_distinct_certified_top3_sets,552,CROWN|0.01|ZD,1,results/exp3_ml_real/jul2014/summary_feat.json
f,jul2014,feat,S4_state,576,CROWN|0.01|ZD,sensitive,results/exp3_ml_real/jul2014/summary_feat.json
f,jul2014,feat,S4_distinct_certified_top3_sets,576,CROWN|0.01|ZD,2,results/exp3_ml_real/jul2014/summary_feat.json
f,jul2014,feat,S4_state,600,CROWN|0.01|ZD,open,results/exp3_ml_real/jul2014/summary_feat.json
f,jul2014,feat,S4_distinct_certified_top3_sets,600,CROWN|0.01|ZD,1,results/exp3_ml_real/jul2014/summary_feat.json
f,jul2014,feat,S4_state,624,CROWN|0.01|ZD,invariant,results/exp3_ml_real/jul2014/summary_feat.json
f,jul2014,feat,S4_distinct_certified_top3_sets,624,CROWN|0.01|ZD,1,results/exp3_ml_real/jul2014/summary_feat.json
f,jul2014,feat,S4_state,648,CROWN|0.01|ZD,invariant,results/exp3_ml_real/jul2014/summary_feat.json
f,jul2014,feat,S4_distinct_certified_top3_sets,648,CROWN|0.01|ZD,1,results/exp3_ml_real/jul2014/summary_feat.json
f,jul2014,feat,S4_state,672,CROWN|0.01|ZD,sensitive,results/exp3_ml_real/jul2014/summary_feat.json
f,jul2014,feat,S4_distinct_certified_top3_sets,672,CROWN|0.01|ZD,2,results/exp3_ml_real/jul2014/summary_feat.json
f,jul2014,feat,S4_state,696,CROWN|0.01|ZD,sensitive,results/exp3_ml_real/jul2014/summary_feat.json
f,jul2014,feat,S4_distinct_certified_top3_sets,696,CROWN|0.01|ZD,2,results/exp3_ml_real/jul2014/summary_feat.json
f,jul2014,feat,S4_state,720,CROWN|0.01|ZD,witnessed,results/exp3_ml_real/jul2014/summary_feat.json
f,jul2014,feat,S4_distinct_certified_top3_sets,720,CROWN|0.01|ZD,1,results/exp3_ml_real/jul2014/summary_feat.json
f,jul2014,feat,S4_state,744,CROWN|0.01|ZD,invariant,results/exp3_ml_real/jul2014/summary_feat.json
f,jul2014,feat,S4_distinct_certified_top3_sets,744,CROWN|0.01|ZD,1,results/exp3_ml_real/jul2014/summary_feat.json
f,jul2014,feat,S4_state,768,CROWN|0.01|ZD,invariant,results/exp3_ml_real/jul2014/summary_feat.json
f,jul2014,feat,S4_distinct_certified_top3_sets,768,CROWN|0.01|ZD,1,results/exp3_ml_real/jul2014/summary_feat.json
f,jul2014,feat,S4_state,792,CROWN|0.01|ZD,sensitive,results/exp3_ml_real/jul2014/summary_feat.json
f,jul2014,feat,S4_distinct_certified_top3_sets,792,CROWN|0.01|ZD,2,results/exp3_ml_real/jul2014/summary_feat.json
f,jul2014,feat,S4_state,816,CROWN|0.01|ZD,sensitive,results/exp3_ml_real/jul2014/summary_feat.json
f,jul2014,feat,S4_distinct_certified_top3_sets,816,CROWN|0.01|ZD,2,results/exp3_ml_real/jul2014/summary_feat.json
f,jul2014,feat,S4_state,840,CROWN|0.01|ZD,invariant,results/exp3_ml_real/jul2014/summary_feat.json
f,jul2014,feat,S4_distinct_certified_top3_sets,840,CROWN|0.01|ZD,1,results/exp3_ml_real/jul2014/summary_feat.json
f,jul2014,feat,S4_state,864,CROWN|0.01|ZD,invariant,results/exp3_ml_real/jul2014/summary_feat.json
f,jul2014,feat,S4_distinct_certified_top3_sets,864,CROWN|0.01|ZD,1,results/exp3_ml_real/jul2014/summary_feat.json
f,jul2014,feat,S4_state,888,CROWN|0.01|ZD,invariant,results/exp3_ml_real/jul2014/summary_feat.json
f,jul2014,feat,S4_distinct_certified_top3_sets,888,CROWN|0.01|ZD,1,results/exp3_ml_real/jul2014/summary_feat.json
f,jul2014,feat,S4_state,912,CROWN|0.01|ZD,invariant,results/exp3_ml_real/jul2014/summary_feat.json
f,jul2014,feat,S4_distinct_certified_top3_sets,912,CROWN|0.01|ZD,1,results/exp3_ml_real/jul2014/summary_feat.json
f,jul2014,feat,S4_state,936,CROWN|0.01|ZD,invariant,results/exp3_ml_real/jul2014/summary_feat.json
f,jul2014,feat,S4_distinct_certified_top3_sets,936,CROWN|0.01|ZD,1,results/exp3_ml_real/jul2014/summary_feat.json
f,jul2014,feat,S4_state,960,CROWN|0.01|ZD,invariant,results/exp3_ml_real/jul2014/summary_feat.json
f,jul2014,feat,S4_distinct_certified_top3_sets,960,CROWN|0.01|ZD,1,results/exp3_ml_real/jul2014/summary_feat.json
f,jul2014,feat,S4_state,984,CROWN|0.01|ZD,invariant,results/exp3_ml_real/jul2014/summary_feat.json
f,jul2014,feat,S4_distinct_certified_top3_sets,984,CROWN|0.01|ZD,1,results/exp3_ml_real/jul2014/summary_feat.json
f,jul2014,feat,S4_state,1008,CROWN|0.01|ZD,invariant,results/exp3_ml_real/jul2014/summary_feat.json
f,jul2014,feat,S4_distinct_certified_top3_sets,1008,CROWN|0.01|ZD,1,results/exp3_ml_real/jul2014/summary_feat.json
f,jul2014,feat24,S4_state,360,CROWN|0.01|ZD,sensitive,results/exp3_ml_real/jul2014/summary_feat24.json
f,jul2014,feat24,S4_distinct_certified_top3_sets,360,CROWN|0.01|ZD,2,results/exp3_ml_real/jul2014/summary_feat24.json
f,jul2014,feat24,S4_state,384,CROWN|0.01|ZD,sensitive,results/exp3_ml_real/jul2014/summary_feat24.json
f,jul2014,feat24,S4_distinct_certified_top3_sets,384,CROWN|0.01|ZD,2,results/exp3_ml_real/jul2014/summary_feat24.json
f,jul2014,feat24,S4_state,408,CROWN|0.01|ZD,sensitive,results/exp3_ml_real/jul2014/summary_feat24.json
f,jul2014,feat24,S4_distinct_certified_top3_sets,408,CROWN|0.01|ZD,2,results/exp3_ml_real/jul2014/summary_feat24.json
f,jul2014,feat24,S4_state,432,CROWN|0.01|ZD,sensitive,results/exp3_ml_real/jul2014/summary_feat24.json
f,jul2014,feat24,S4_distinct_certified_top3_sets,432,CROWN|0.01|ZD,2,results/exp3_ml_real/jul2014/summary_feat24.json
f,jul2014,feat24,S4_state,456,CROWN|0.01|ZD,witnessed,results/exp3_ml_real/jul2014/summary_feat24.json
f,jul2014,feat24,S4_distinct_certified_top3_sets,456,CROWN|0.01|ZD,1,results/exp3_ml_real/jul2014/summary_feat24.json
f,jul2014,feat24,S4_state,480,CROWN|0.01|ZD,sensitive,results/exp3_ml_real/jul2014/summary_feat24.json
f,jul2014,feat24,S4_distinct_certified_top3_sets,480,CROWN|0.01|ZD,2,results/exp3_ml_real/jul2014/summary_feat24.json
f,jul2014,feat24,S4_state,504,CROWN|0.01|ZD,open,results/exp3_ml_real/jul2014/summary_feat24.json
f,jul2014,feat24,S4_distinct_certified_top3_sets,504,CROWN|0.01|ZD,1,results/exp3_ml_real/jul2014/summary_feat24.json
f,jul2014,feat24,S4_state,528,CROWN|0.01|ZD,invariant,results/exp3_ml_real/jul2014/summary_feat24.json
f,jul2014,feat24,S4_distinct_certified_top3_sets,528,CROWN|0.01|ZD,1,results/exp3_ml_real/jul2014/summary_feat24.json
f,jul2014,feat24,S4_state,552,CROWN|0.01|ZD,invariant,results/exp3_ml_real/jul2014/summary_feat24.json
f,jul2014,feat24,S4_distinct_certified_top3_sets,552,CROWN|0.01|ZD,1,results/exp3_ml_real/jul2014/summary_feat24.json
f,jul2014,feat24,S4_state,576,CROWN|0.01|ZD,sensitive,results/exp3_ml_real/jul2014/summary_feat24.json
f,jul2014,feat24,S4_distinct_certified_top3_sets,576,CROWN|0.01|ZD,2,results/exp3_ml_real/jul2014/summary_feat24.json
f,jul2014,feat24,S4_state,600,CROWN|0.01|ZD,witnessed,results/exp3_ml_real/jul2014/summary_feat24.json
f,jul2014,feat24,S4_distinct_certified_top3_sets,600,CROWN|0.01|ZD,1,results/exp3_ml_real/jul2014/summary_feat24.json
f,jul2014,feat24,S4_state,624,CROWN|0.01|ZD,witnessed,results/exp3_ml_real/jul2014/summary_feat24.json
f,jul2014,feat24,S4_distinct_certified_top3_sets,624,CROWN|0.01|ZD,1,results/exp3_ml_real/jul2014/summary_feat24.json
f,jul2014,feat24,S4_state,648,CROWN|0.01|ZD,open,results/exp3_ml_real/jul2014/summary_feat24.json
f,jul2014,feat24,S4_distinct_certified_top3_sets,648,CROWN|0.01|ZD,1,results/exp3_ml_real/jul2014/summary_feat24.json
f,jul2014,feat24,S4_state,672,CROWN|0.01|ZD,sensitive,results/exp3_ml_real/jul2014/summary_feat24.json
f,jul2014,feat24,S4_distinct_certified_top3_sets,672,CROWN|0.01|ZD,2,results/exp3_ml_real/jul2014/summary_feat24.json
f,jul2014,feat24,S4_state,696,CROWN|0.01|ZD,open,results/exp3_ml_real/jul2014/summary_feat24.json
f,jul2014,feat24,S4_distinct_certified_top3_sets,696,CROWN|0.01|ZD,1,results/exp3_ml_real/jul2014/summary_feat24.json
f,jul2014,feat24,S4_state,720,CROWN|0.01|ZD,invariant,results/exp3_ml_real/jul2014/summary_feat24.json
f,jul2014,feat24,S4_distinct_certified_top3_sets,720,CROWN|0.01|ZD,1,results/exp3_ml_real/jul2014/summary_feat24.json
f,jul2014,feat24,S4_state,744,CROWN|0.01|ZD,invariant,results/exp3_ml_real/jul2014/summary_feat24.json
f,jul2014,feat24,S4_distinct_certified_top3_sets,744,CROWN|0.01|ZD,1,results/exp3_ml_real/jul2014/summary_feat24.json
f,jul2014,feat24,S4_state,768,CROWN|0.01|ZD,invariant,results/exp3_ml_real/jul2014/summary_feat24.json
f,jul2014,feat24,S4_distinct_certified_top3_sets,768,CROWN|0.01|ZD,1,results/exp3_ml_real/jul2014/summary_feat24.json
f,jul2014,feat24,S4_state,792,CROWN|0.01|ZD,invariant,results/exp3_ml_real/jul2014/summary_feat24.json
f,jul2014,feat24,S4_distinct_certified_top3_sets,792,CROWN|0.01|ZD,1,results/exp3_ml_real/jul2014/summary_feat24.json
f,jul2014,feat24,S4_state,816,CROWN|0.01|ZD,sensitive,results/exp3_ml_real/jul2014/summary_feat24.json
f,jul2014,feat24,S4_distinct_certified_top3_sets,816,CROWN|0.01|ZD,3,results/exp3_ml_real/jul2014/summary_feat24.json
f,jul2014,feat24,S4_state,840,CROWN|0.01|ZD,sensitive,results/exp3_ml_real/jul2014/summary_feat24.json
f,jul2014,feat24,S4_distinct_certified_top3_sets,840,CROWN|0.01|ZD,2,results/exp3_ml_real/jul2014/summary_feat24.json
f,jul2014,feat24,S4_state,864,CROWN|0.01|ZD,witnessed,results/exp3_ml_real/jul2014/summary_feat24.json
f,jul2014,feat24,S4_distinct_certified_top3_sets,864,CROWN|0.01|ZD,1,results/exp3_ml_real/jul2014/summary_feat24.json
f,jul2014,feat24,S4_state,888,CROWN|0.01|ZD,invariant,results/exp3_ml_real/jul2014/summary_feat24.json
f,jul2014,feat24,S4_distinct_certified_top3_sets,888,CROWN|0.01|ZD,1,results/exp3_ml_real/jul2014/summary_feat24.json
f,jul2014,feat24,S4_state,912,CROWN|0.01|ZD,invariant,results/exp3_ml_real/jul2014/summary_feat24.json
f,jul2014,feat24,S4_distinct_certified_top3_sets,912,CROWN|0.01|ZD,1,results/exp3_ml_real/jul2014/summary_feat24.json
f,jul2014,feat24,S4_state,936,CROWN|0.01|ZD,invariant,results/exp3_ml_real/jul2014/summary_feat24.json
f,jul2014,feat24,S4_distinct_certified_top3_sets,936,CROWN|0.01|ZD,1,results/exp3_ml_real/jul2014/summary_feat24.json
f,jul2014,feat24,S4_state,960,CROWN|0.01|ZD,invariant,results/exp3_ml_real/jul2014/summary_feat24.json
f,jul2014,feat24,S4_distinct_certified_top3_sets,960,CROWN|0.01|ZD,1,results/exp3_ml_real/jul2014/summary_feat24.json
f,jul2014,feat24,S4_state,984,CROWN|0.01|ZD,invariant,results/exp3_ml_real/jul2014/summary_feat24.json
f,jul2014,feat24,S4_distinct_certified_top3_sets,984,CROWN|0.01|ZD,1,results/exp3_ml_real/jul2014/summary_feat24.json
f,jul2014,feat24,S4_state,1008,CROWN|0.01|ZD,invariant,results/exp3_ml_real/jul2014/summary_feat24.json
f,jul2014,feat24,S4_distinct_certified_top3_sets,1008,CROWN|0.01|ZD,1,results/exp3_ml_real/jul2014/summary_feat24.json
f,jan2014,mlp,S4_state,360,CROWN|0.01|ZD,sensitive,results/exp3_ml_real/jan2014/summary_mlp.json
f,jan2014,mlp,S4_distinct_certified_top3_sets,360,CROWN|0.01|ZD,2,results/exp3_ml_real/jan2014/summary_mlp.json
f,jan2014,mlp,S4_state,384,CROWN|0.01|ZD,sensitive,results/exp3_ml_real/jan2014/summary_mlp.json
f,jan2014,mlp,S4_distinct_certified_top3_sets,384,CROWN|0.01|ZD,2,results/exp3_ml_real/jan2014/summary_mlp.json
f,jan2014,mlp,S4_state,408,CROWN|0.01|ZD,witnessed,results/exp3_ml_real/jan2014/summary_mlp.json
f,jan2014,mlp,S4_distinct_certified_top3_sets,408,CROWN|0.01|ZD,1,results/exp3_ml_real/jan2014/summary_mlp.json
f,jan2014,mlp,S4_state,432,CROWN|0.01|ZD,sensitive,results/exp3_ml_real/jan2014/summary_mlp.json
f,jan2014,mlp,S4_distinct_certified_top3_sets,432,CROWN|0.01|ZD,2,results/exp3_ml_real/jan2014/summary_mlp.json
f,jan2014,mlp,S4_state,456,CROWN|0.01|ZD,sensitive,results/exp3_ml_real/jan2014/summary_mlp.json
f,jan2014,mlp,S4_distinct_certified_top3_sets,456,CROWN|0.01|ZD,2,results/exp3_ml_real/jan2014/summary_mlp.json
f,jan2014,mlp,S4_state,480,CROWN|0.01|ZD,sensitive,results/exp3_ml_real/jan2014/summary_mlp.json
f,jan2014,mlp,S4_distinct_certified_top3_sets,480,CROWN|0.01|ZD,2,results/exp3_ml_real/jan2014/summary_mlp.json
f,jan2014,mlp,S4_state,504,CROWN|0.01|ZD,witnessed,results/exp3_ml_real/jan2014/summary_mlp.json
f,jan2014,mlp,S4_distinct_certified_top3_sets,504,CROWN|0.01|ZD,1,results/exp3_ml_real/jan2014/summary_mlp.json
f,jan2014,mlp,S4_state,528,CROWN|0.01|ZD,sensitive,results/exp3_ml_real/jan2014/summary_mlp.json
f,jan2014,mlp,S4_distinct_certified_top3_sets,528,CROWN|0.01|ZD,2,results/exp3_ml_real/jan2014/summary_mlp.json
f,jan2014,mlp,S4_state,552,CROWN|0.01|ZD,open,results/exp3_ml_real/jan2014/summary_mlp.json
f,jan2014,mlp,S4_distinct_certified_top3_sets,552,CROWN|0.01|ZD,1,results/exp3_ml_real/jan2014/summary_mlp.json
f,jan2014,mlp,S4_state,576,CROWN|0.01|ZD,invariant,results/exp3_ml_real/jan2014/summary_mlp.json
f,jan2014,mlp,S4_distinct_certified_top3_sets,576,CROWN|0.01|ZD,1,results/exp3_ml_real/jan2014/summary_mlp.json
f,jan2014,mlp,S4_state,600,CROWN|0.01|ZD,invariant,results/exp3_ml_real/jan2014/summary_mlp.json
f,jan2014,mlp,S4_distinct_certified_top3_sets,600,CROWN|0.01|ZD,1,results/exp3_ml_real/jan2014/summary_mlp.json
f,jan2014,mlp,S4_state,624,CROWN|0.01|ZD,invariant,results/exp3_ml_real/jan2014/summary_mlp.json
f,jan2014,mlp,S4_distinct_certified_top3_sets,624,CROWN|0.01|ZD,1,results/exp3_ml_real/jan2014/summary_mlp.json
f,jan2014,mlp,S4_state,648,CROWN|0.01|ZD,sensitive,results/exp3_ml_real/jan2014/summary_mlp.json
f,jan2014,mlp,S4_distinct_certified_top3_sets,648,CROWN|0.01|ZD,2,results/exp3_ml_real/jan2014/summary_mlp.json
f,jan2014,mlp,S4_state,672,CROWN|0.01|ZD,witnessed,results/exp3_ml_real/jan2014/summary_mlp.json
f,jan2014,mlp,S4_distinct_certified_top3_sets,672,CROWN|0.01|ZD,1,results/exp3_ml_real/jan2014/summary_mlp.json
f,jan2014,mlp,S4_state,696,CROWN|0.01|ZD,witnessed,results/exp3_ml_real/jan2014/summary_mlp.json
f,jan2014,mlp,S4_distinct_certified_top3_sets,696,CROWN|0.01|ZD,1,results/exp3_ml_real/jan2014/summary_mlp.json
f,jan2014,mlp,S4_state,720,CROWN|0.01|ZD,sensitive,results/exp3_ml_real/jan2014/summary_mlp.json
f,jan2014,mlp,S4_distinct_certified_top3_sets,720,CROWN|0.01|ZD,2,results/exp3_ml_real/jan2014/summary_mlp.json
f,jan2014,mlp,S4_state,744,CROWN|0.01|ZD,witnessed,results/exp3_ml_real/jan2014/summary_mlp.json
f,jan2014,mlp,S4_distinct_certified_top3_sets,744,CROWN|0.01|ZD,1,results/exp3_ml_real/jan2014/summary_mlp.json
f,jan2014,mlp,S4_state,768,CROWN|0.01|ZD,witnessed,results/exp3_ml_real/jan2014/summary_mlp.json
f,jan2014,mlp,S4_distinct_certified_top3_sets,768,CROWN|0.01|ZD,0,results/exp3_ml_real/jan2014/summary_mlp.json
f,jan2014,mlp,S4_state,792,CROWN|0.01|ZD,witnessed,results/exp3_ml_real/jan2014/summary_mlp.json
f,jan2014,mlp,S4_distinct_certified_top3_sets,792,CROWN|0.01|ZD,0,results/exp3_ml_real/jan2014/summary_mlp.json
f,jan2014,mlp,S4_state,816,CROWN|0.01|ZD,open,results/exp3_ml_real/jan2014/summary_mlp.json
f,jan2014,mlp,S4_distinct_certified_top3_sets,816,CROWN|0.01|ZD,1,results/exp3_ml_real/jan2014/summary_mlp.json
f,jan2014,mlp,S4_state,840,CROWN|0.01|ZD,open,results/exp3_ml_real/jan2014/summary_mlp.json
f,jan2014,mlp,S4_distinct_certified_top3_sets,840,CROWN|0.01|ZD,1,results/exp3_ml_real/jan2014/summary_mlp.json
f,jan2014,mlp,S4_state,864,CROWN|0.01|ZD,witnessed,results/exp3_ml_real/jan2014/summary_mlp.json
f,jan2014,mlp,S4_distinct_certified_top3_sets,864,CROWN|0.01|ZD,1,results/exp3_ml_real/jan2014/summary_mlp.json
f,jan2014,mlp,S4_state,888,CROWN|0.01|ZD,witnessed,results/exp3_ml_real/jan2014/summary_mlp.json
f,jan2014,mlp,S4_distinct_certified_top3_sets,888,CROWN|0.01|ZD,1,results/exp3_ml_real/jan2014/summary_mlp.json
f,jan2014,mlp,S4_state,912,CROWN|0.01|ZD,open,results/exp3_ml_real/jan2014/summary_mlp.json
f,jan2014,mlp,S4_distinct_certified_top3_sets,912,CROWN|0.01|ZD,1,results/exp3_ml_real/jan2014/summary_mlp.json
f,jan2014,mlp,S4_state,936,CROWN|0.01|ZD,invariant,results/exp3_ml_real/jan2014/summary_mlp.json
f,jan2014,mlp,S4_distinct_certified_top3_sets,936,CROWN|0.01|ZD,1,results/exp3_ml_real/jan2014/summary_mlp.json
f,jan2014,mlp,S4_state,960,CROWN|0.01|ZD,invariant,results/exp3_ml_real/jan2014/summary_mlp.json
f,jan2014,mlp,S4_distinct_certified_top3_sets,960,CROWN|0.01|ZD,1,results/exp3_ml_real/jan2014/summary_mlp.json
f,jan2014,mlp,S4_state,984,CROWN|0.01|ZD,invariant,results/exp3_ml_real/jan2014/summary_mlp.json
f,jan2014,mlp,S4_distinct_certified_top3_sets,984,CROWN|0.01|ZD,1,results/exp3_ml_real/jan2014/summary_mlp.json
f,jan2014,mlp,S4_state,1008,CROWN|0.01|ZD,invariant,results/exp3_ml_real/jan2014/summary_mlp.json
f,jan2014,mlp,S4_distinct_certified_top3_sets,1008,CROWN|0.01|ZD,1,results/exp3_ml_real/jan2014/summary_mlp.json
f,jan2014,feat,S4_state,360,CROWN|0.01|ZD,sensitive,results/exp3_ml_real/jan2014/summary_feat.json
f,jan2014,feat,S4_distinct_certified_top3_sets,360,CROWN|0.01|ZD,2,results/exp3_ml_real/jan2014/summary_feat.json
f,jan2014,feat,S4_state,384,CROWN|0.01|ZD,witnessed,results/exp3_ml_real/jan2014/summary_feat.json
f,jan2014,feat,S4_distinct_certified_top3_sets,384,CROWN|0.01|ZD,1,results/exp3_ml_real/jan2014/summary_feat.json
f,jan2014,feat,S4_state,408,CROWN|0.01|ZD,witnessed,results/exp3_ml_real/jan2014/summary_feat.json
f,jan2014,feat,S4_distinct_certified_top3_sets,408,CROWN|0.01|ZD,1,results/exp3_ml_real/jan2014/summary_feat.json
f,jan2014,feat,S4_state,432,CROWN|0.01|ZD,sensitive,results/exp3_ml_real/jan2014/summary_feat.json
f,jan2014,feat,S4_distinct_certified_top3_sets,432,CROWN|0.01|ZD,2,results/exp3_ml_real/jan2014/summary_feat.json
f,jan2014,feat,S4_state,456,CROWN|0.01|ZD,sensitive,results/exp3_ml_real/jan2014/summary_feat.json
f,jan2014,feat,S4_distinct_certified_top3_sets,456,CROWN|0.01|ZD,2,results/exp3_ml_real/jan2014/summary_feat.json
f,jan2014,feat,S4_state,480,CROWN|0.01|ZD,sensitive,results/exp3_ml_real/jan2014/summary_feat.json
f,jan2014,feat,S4_distinct_certified_top3_sets,480,CROWN|0.01|ZD,2,results/exp3_ml_real/jan2014/summary_feat.json
f,jan2014,feat,S4_state,504,CROWN|0.01|ZD,open,results/exp3_ml_real/jan2014/summary_feat.json
f,jan2014,feat,S4_distinct_certified_top3_sets,504,CROWN|0.01|ZD,1,results/exp3_ml_real/jan2014/summary_feat.json
f,jan2014,feat,S4_state,528,CROWN|0.01|ZD,invariant,results/exp3_ml_real/jan2014/summary_feat.json
f,jan2014,feat,S4_distinct_certified_top3_sets,528,CROWN|0.01|ZD,1,results/exp3_ml_real/jan2014/summary_feat.json
f,jan2014,feat,S4_state,552,CROWN|0.01|ZD,invariant,results/exp3_ml_real/jan2014/summary_feat.json
f,jan2014,feat,S4_distinct_certified_top3_sets,552,CROWN|0.01|ZD,1,results/exp3_ml_real/jan2014/summary_feat.json
f,jan2014,feat,S4_state,576,CROWN|0.01|ZD,invariant,results/exp3_ml_real/jan2014/summary_feat.json
f,jan2014,feat,S4_distinct_certified_top3_sets,576,CROWN|0.01|ZD,1,results/exp3_ml_real/jan2014/summary_feat.json
f,jan2014,feat,S4_state,600,CROWN|0.01|ZD,invariant,results/exp3_ml_real/jan2014/summary_feat.json
f,jan2014,feat,S4_distinct_certified_top3_sets,600,CROWN|0.01|ZD,1,results/exp3_ml_real/jan2014/summary_feat.json
f,jan2014,feat,S4_state,624,CROWN|0.01|ZD,invariant,results/exp3_ml_real/jan2014/summary_feat.json
f,jan2014,feat,S4_distinct_certified_top3_sets,624,CROWN|0.01|ZD,1,results/exp3_ml_real/jan2014/summary_feat.json
f,jan2014,feat,S4_state,648,CROWN|0.01|ZD,sensitive,results/exp3_ml_real/jan2014/summary_feat.json
f,jan2014,feat,S4_distinct_certified_top3_sets,648,CROWN|0.01|ZD,2,results/exp3_ml_real/jan2014/summary_feat.json
f,jan2014,feat,S4_state,672,CROWN|0.01|ZD,sensitive,results/exp3_ml_real/jan2014/summary_feat.json
f,jan2014,feat,S4_distinct_certified_top3_sets,672,CROWN|0.01|ZD,2,results/exp3_ml_real/jan2014/summary_feat.json
f,jan2014,feat,S4_state,696,CROWN|0.01|ZD,sensitive,results/exp3_ml_real/jan2014/summary_feat.json
f,jan2014,feat,S4_distinct_certified_top3_sets,696,CROWN|0.01|ZD,2,results/exp3_ml_real/jan2014/summary_feat.json
f,jan2014,feat,S4_state,720,CROWN|0.01|ZD,sensitive,results/exp3_ml_real/jan2014/summary_feat.json
f,jan2014,feat,S4_distinct_certified_top3_sets,720,CROWN|0.01|ZD,2,results/exp3_ml_real/jan2014/summary_feat.json
f,jan2014,feat,S4_state,744,CROWN|0.01|ZD,open,results/exp3_ml_real/jan2014/summary_feat.json
f,jan2014,feat,S4_distinct_certified_top3_sets,744,CROWN|0.01|ZD,1,results/exp3_ml_real/jan2014/summary_feat.json
f,jan2014,feat,S4_state,768,CROWN|0.01|ZD,open,results/exp3_ml_real/jan2014/summary_feat.json
f,jan2014,feat,S4_distinct_certified_top3_sets,768,CROWN|0.01|ZD,1,results/exp3_ml_real/jan2014/summary_feat.json
f,jan2014,feat,S4_state,792,CROWN|0.01|ZD,open,results/exp3_ml_real/jan2014/summary_feat.json
f,jan2014,feat,S4_distinct_certified_top3_sets,792,CROWN|0.01|ZD,1,results/exp3_ml_real/jan2014/summary_feat.json
f,jan2014,feat,S4_state,816,CROWN|0.01|ZD,sensitive,results/exp3_ml_real/jan2014/summary_feat.json
f,jan2014,feat,S4_distinct_certified_top3_sets,816,CROWN|0.01|ZD,2,results/exp3_ml_real/jan2014/summary_feat.json
f,jan2014,feat,S4_state,840,CROWN|0.01|ZD,witnessed,results/exp3_ml_real/jan2014/summary_feat.json
f,jan2014,feat,S4_distinct_certified_top3_sets,840,CROWN|0.01|ZD,1,results/exp3_ml_real/jan2014/summary_feat.json
f,jan2014,feat,S4_state,864,CROWN|0.01|ZD,witnessed,results/exp3_ml_real/jan2014/summary_feat.json
f,jan2014,feat,S4_distinct_certified_top3_sets,864,CROWN|0.01|ZD,1,results/exp3_ml_real/jan2014/summary_feat.json
f,jan2014,feat,S4_state,888,CROWN|0.01|ZD,witnessed,results/exp3_ml_real/jan2014/summary_feat.json
f,jan2014,feat,S4_distinct_certified_top3_sets,888,CROWN|0.01|ZD,1,results/exp3_ml_real/jan2014/summary_feat.json
f,jan2014,feat,S4_state,912,CROWN|0.01|ZD,open,results/exp3_ml_real/jan2014/summary_feat.json
f,jan2014,feat,S4_distinct_certified_top3_sets,912,CROWN|0.01|ZD,1,results/exp3_ml_real/jan2014/summary_feat.json
f,jan2014,feat,S4_state,936,CROWN|0.01|ZD,invariant,results/exp3_ml_real/jan2014/summary_feat.json
f,jan2014,feat,S4_distinct_certified_top3_sets,936,CROWN|0.01|ZD,1,results/exp3_ml_real/jan2014/summary_feat.json
f,jan2014,feat,S4_state,960,CROWN|0.01|ZD,invariant,results/exp3_ml_real/jan2014/summary_feat.json
f,jan2014,feat,S4_distinct_certified_top3_sets,960,CROWN|0.01|ZD,1,results/exp3_ml_real/jan2014/summary_feat.json
f,jan2014,feat,S4_state,984,CROWN|0.01|ZD,invariant,results/exp3_ml_real/jan2014/summary_feat.json
f,jan2014,feat,S4_distinct_certified_top3_sets,984,CROWN|0.01|ZD,1,results/exp3_ml_real/jan2014/summary_feat.json
f,jan2014,feat,S4_state,1008,CROWN|0.01|ZD,invariant,results/exp3_ml_real/jan2014/summary_feat.json
f,jan2014,feat,S4_distinct_certified_top3_sets,1008,CROWN|0.01|ZD,1,results/exp3_ml_real/jan2014/summary_feat.json
f,jan2014,feat24,S4_state,360,CROWN|0.01|ZD,sensitive,results/exp3_ml_real/jan2014/summary_feat24.json
f,jan2014,feat24,S4_distinct_certified_top3_sets,360,CROWN|0.01|ZD,2,results/exp3_ml_real/jan2014/summary_feat24.json
f,jan2014,feat24,S4_state,384,CROWN|0.01|ZD,witnessed,results/exp3_ml_real/jan2014/summary_feat24.json
f,jan2014,feat24,S4_distinct_certified_top3_sets,384,CROWN|0.01|ZD,1,results/exp3_ml_real/jan2014/summary_feat24.json
f,jan2014,feat24,S4_state,408,CROWN|0.01|ZD,witnessed,results/exp3_ml_real/jan2014/summary_feat24.json
f,jan2014,feat24,S4_distinct_certified_top3_sets,408,CROWN|0.01|ZD,1,results/exp3_ml_real/jan2014/summary_feat24.json
f,jan2014,feat24,S4_state,432,CROWN|0.01|ZD,sensitive,results/exp3_ml_real/jan2014/summary_feat24.json
f,jan2014,feat24,S4_distinct_certified_top3_sets,432,CROWN|0.01|ZD,3,results/exp3_ml_real/jan2014/summary_feat24.json
f,jan2014,feat24,S4_state,456,CROWN|0.01|ZD,sensitive,results/exp3_ml_real/jan2014/summary_feat24.json
f,jan2014,feat24,S4_distinct_certified_top3_sets,456,CROWN|0.01|ZD,2,results/exp3_ml_real/jan2014/summary_feat24.json
f,jan2014,feat24,S4_state,480,CROWN|0.01|ZD,witnessed,results/exp3_ml_real/jan2014/summary_feat24.json
f,jan2014,feat24,S4_distinct_certified_top3_sets,480,CROWN|0.01|ZD,1,results/exp3_ml_real/jan2014/summary_feat24.json
f,jan2014,feat24,S4_state,504,CROWN|0.01|ZD,witnessed,results/exp3_ml_real/jan2014/summary_feat24.json
f,jan2014,feat24,S4_distinct_certified_top3_sets,504,CROWN|0.01|ZD,1,results/exp3_ml_real/jan2014/summary_feat24.json
f,jan2014,feat24,S4_state,528,CROWN|0.01|ZD,open,results/exp3_ml_real/jan2014/summary_feat24.json
f,jan2014,feat24,S4_distinct_certified_top3_sets,528,CROWN|0.01|ZD,1,results/exp3_ml_real/jan2014/summary_feat24.json
f,jan2014,feat24,S4_state,552,CROWN|0.01|ZD,open,results/exp3_ml_real/jan2014/summary_feat24.json
f,jan2014,feat24,S4_distinct_certified_top3_sets,552,CROWN|0.01|ZD,1,results/exp3_ml_real/jan2014/summary_feat24.json
f,jan2014,feat24,S4_state,576,CROWN|0.01|ZD,invariant,results/exp3_ml_real/jan2014/summary_feat24.json
f,jan2014,feat24,S4_distinct_certified_top3_sets,576,CROWN|0.01|ZD,1,results/exp3_ml_real/jan2014/summary_feat24.json
f,jan2014,feat24,S4_state,600,CROWN|0.01|ZD,open,results/exp3_ml_real/jan2014/summary_feat24.json
f,jan2014,feat24,S4_distinct_certified_top3_sets,600,CROWN|0.01|ZD,1,results/exp3_ml_real/jan2014/summary_feat24.json
f,jan2014,feat24,S4_state,624,CROWN|0.01|ZD,witnessed,results/exp3_ml_real/jan2014/summary_feat24.json
f,jan2014,feat24,S4_distinct_certified_top3_sets,624,CROWN|0.01|ZD,1,results/exp3_ml_real/jan2014/summary_feat24.json
f,jan2014,feat24,S4_state,648,CROWN|0.01|ZD,sensitive,results/exp3_ml_real/jan2014/summary_feat24.json
f,jan2014,feat24,S4_distinct_certified_top3_sets,648,CROWN|0.01|ZD,2,results/exp3_ml_real/jan2014/summary_feat24.json
f,jan2014,feat24,S4_state,672,CROWN|0.01|ZD,witnessed,results/exp3_ml_real/jan2014/summary_feat24.json
f,jan2014,feat24,S4_distinct_certified_top3_sets,672,CROWN|0.01|ZD,1,results/exp3_ml_real/jan2014/summary_feat24.json
f,jan2014,feat24,S4_state,696,CROWN|0.01|ZD,open,results/exp3_ml_real/jan2014/summary_feat24.json
f,jan2014,feat24,S4_distinct_certified_top3_sets,696,CROWN|0.01|ZD,1,results/exp3_ml_real/jan2014/summary_feat24.json
f,jan2014,feat24,S4_state,720,CROWN|0.01|ZD,sensitive,results/exp3_ml_real/jan2014/summary_feat24.json
f,jan2014,feat24,S4_distinct_certified_top3_sets,720,CROWN|0.01|ZD,2,results/exp3_ml_real/jan2014/summary_feat24.json
f,jan2014,feat24,S4_state,744,CROWN|0.01|ZD,open,results/exp3_ml_real/jan2014/summary_feat24.json
f,jan2014,feat24,S4_distinct_certified_top3_sets,744,CROWN|0.01|ZD,1,results/exp3_ml_real/jan2014/summary_feat24.json
f,jan2014,feat24,S4_state,768,CROWN|0.01|ZD,open,results/exp3_ml_real/jan2014/summary_feat24.json
f,jan2014,feat24,S4_distinct_certified_top3_sets,768,CROWN|0.01|ZD,1,results/exp3_ml_real/jan2014/summary_feat24.json
f,jan2014,feat24,S4_state,792,CROWN|0.01|ZD,invariant,results/exp3_ml_real/jan2014/summary_feat24.json
f,jan2014,feat24,S4_distinct_certified_top3_sets,792,CROWN|0.01|ZD,1,results/exp3_ml_real/jan2014/summary_feat24.json
f,jan2014,feat24,S4_state,816,CROWN|0.01|ZD,sensitive,results/exp3_ml_real/jan2014/summary_feat24.json
f,jan2014,feat24,S4_distinct_certified_top3_sets,816,CROWN|0.01|ZD,2,results/exp3_ml_real/jan2014/summary_feat24.json
f,jan2014,feat24,S4_state,840,CROWN|0.01|ZD,witnessed,results/exp3_ml_real/jan2014/summary_feat24.json
f,jan2014,feat24,S4_distinct_certified_top3_sets,840,CROWN|0.01|ZD,1,results/exp3_ml_real/jan2014/summary_feat24.json
f,jan2014,feat24,S4_state,864,CROWN|0.01|ZD,sensitive,results/exp3_ml_real/jan2014/summary_feat24.json
f,jan2014,feat24,S4_distinct_certified_top3_sets,864,CROWN|0.01|ZD,2,results/exp3_ml_real/jan2014/summary_feat24.json
f,jan2014,feat24,S4_state,888,CROWN|0.01|ZD,witnessed,results/exp3_ml_real/jan2014/summary_feat24.json
f,jan2014,feat24,S4_distinct_certified_top3_sets,888,CROWN|0.01|ZD,1,results/exp3_ml_real/jan2014/summary_feat24.json
f,jan2014,feat24,S4_state,912,CROWN|0.01|ZD,open,results/exp3_ml_real/jan2014/summary_feat24.json
f,jan2014,feat24,S4_distinct_certified_top3_sets,912,CROWN|0.01|ZD,1,results/exp3_ml_real/jan2014/summary_feat24.json
f,jan2014,feat24,S4_state,936,CROWN|0.01|ZD,invariant,results/exp3_ml_real/jan2014/summary_feat24.json
f,jan2014,feat24,S4_distinct_certified_top3_sets,936,CROWN|0.01|ZD,1,results/exp3_ml_real/jan2014/summary_feat24.json
f,jan2014,feat24,S4_state,960,CROWN|0.01|ZD,invariant,results/exp3_ml_real/jan2014/summary_feat24.json
f,jan2014,feat24,S4_distinct_certified_top3_sets,960,CROWN|0.01|ZD,1,results/exp3_ml_real/jan2014/summary_feat24.json
f,jan2014,feat24,S4_state,984,CROWN|0.01|ZD,invariant,results/exp3_ml_real/jan2014/summary_feat24.json
f,jan2014,feat24,S4_distinct_certified_top3_sets,984,CROWN|0.01|ZD,1,results/exp3_ml_real/jan2014/summary_feat24.json
f,jan2014,feat24,S4_state,1008,CROWN|0.01|ZD,open,results/exp3_ml_real/jan2014/summary_feat24.json
f,jan2014,feat24,S4_distinct_certified_top3_sets,1008,CROWN|0.01|ZD,1,results/exp3_ml_real/jan2014/summary_feat24.json
